UNIT_MEASURE_ID,UNIT_MEASURE_NAME,OBS_VALUE,UNIT_MULT_NAME,UNIT_TYPE_ID,UNIT_TYPE_NAME,YEAR,COUNTRY,YEARS_SINCE_1750,YEAR_SQUARED,PREVIOUS_YEAR_CO2,CO2_CHANGE
NUMBER,Number,0.084,Millions,NUMBER,Number (real number),1950,Afghanistan,200,3802500,0.015,0.069
NUMBER,Number,0.092,Millions,NUMBER,Number (real number),1951,Afghanistan,201,3806401,0.084,0.007999999999999993
NUMBER,Number,0.092,Millions,NUMBER,Number (real number),1952,Afghanistan,202,3810304,0.092,0.0
NUMBER,Number,0.106,Millions,NUMBER,Number (real number),1953,Afghanistan,203,3814209,0.092,0.013999999999999999
NUMBER,Number,0.106,Millions,NUMBER,Number (real number),1954,Afghanistan,204,3818116,0.106,0.0
NUMBER,Number,0.154,Millions,NUMBER,Number (real number),1955,Afghanistan,205,3822025,0.106,0.048
NUMBER,Number,0.183,Millions,NUMBER,Number (real number),1956,Afghanistan,206,3825936,0.154,0.028999999999999998
NUMBER,Number,0.293,Millions,NUMBER,Number (real number),1957,Afghanistan,207,3829849,0.183,0.10999999999999999
NUMBER,Number,0.33,Millions,NUMBER,Number (real number),1958,Afghanistan,208,3833764,0.293,0.03700000000000003
NUMBER,Number,0.385,Millions,NUMBER,Number (real number),1959,Afghanistan,209,3837681,0.33,0.05499999999999999
NUMBER,Number,0.414,Millions,NUMBER,Number (real number),1960,Afghanistan,210,3841600,0.385,0.02899999999999997
NUMBER,Number,0.491,Millions,NUMBER,Number (real number),1961,Afghanistan,211,3845521,0.414,0.07700000000000001
NUMBER,Number,0.689,Millions,NUMBER,Number (real number),1962,Afghanistan,212,3849444,0.491,0.19799999999999995
NUMBER,Number,0.707,Millions,NUMBER,Number (real number),1963,Afghanistan,213,3853369,0.689,0.018000000000000016
NUMBER,Number,0.839,Millions,NUMBER,Number (real number),1964,Afghanistan,214,3857296,0.707,0.132
NUMBER,Number,1.007,Millions,NUMBER,Number (real number),1965,Afghanistan,215,3861225,0.839,0.16799999999999993
NUMBER,Number,1.091,Millions,NUMBER,Number (real number),1966,Afghanistan,216,3865156,1.007,0.08400000000000007
NUMBER,Number,1.282,Millions,NUMBER,Number (real number),1967,Afghanistan,217,3869089,1.091,0.19100000000000006
NUMBER,Number,1.223,Millions,NUMBER,Number (real number),1968,Afghanistan,218,3873024,1.282,-0.05899999999999994
NUMBER,Number,0.941,Millions,NUMBER,Number (real number),1969,Afghanistan,219,3876961,1.223,-0.28200000000000014
NUMBER,Number,1.67,Millions,NUMBER,Number (real number),1970,Afghanistan,220,3880900,0.941,0.729
NUMBER,Number,1.894,Millions,NUMBER,Number (real number),1971,Afghanistan,221,3884841,1.67,0.22399999999999998
NUMBER,Number,1.53,Millions,NUMBER,Number (real number),1972,Afghanistan,222,3888784,1.894,-0.3639999999999999
NUMBER,Number,1.635,Millions,NUMBER,Number (real number),1973,Afghanistan,223,3892729,1.53,0.10499999999999998
NUMBER,Number,1.913,Millions,NUMBER,Number (real number),1974,Afghanistan,224,3896676,1.635,0.278
NUMBER,Number,2.121,Millions,NUMBER,Number (real number),1975,Afghanistan,225,3900625,1.913,0.20799999999999996
NUMBER,Number,1.981,Millions,NUMBER,Number (real number),1976,Afghanistan,226,3904576,2.121,-0.1399999999999999
NUMBER,Number,2.384,Millions,NUMBER,Number (real number),1977,Afghanistan,227,3908529,1.981,0.4029999999999998
NUMBER,Number,2.153,Millions,NUMBER,Number (real number),1978,Afghanistan,228,3912484,2.384,-0.23099999999999987
NUMBER,Number,2.233,Millions,NUMBER,Number (real number),1979,Afghanistan,229,3916441,2.153,0.08000000000000007
NUMBER,Number,1.756,Millions,NUMBER,Number (real number),1980,Afghanistan,230,3920400,2.233,-0.4770000000000001
NUMBER,Number,1.978,Millions,NUMBER,Number (real number),1981,Afghanistan,231,3924361,1.756,0.22199999999999998
NUMBER,Number,2.095,Millions,NUMBER,Number (real number),1982,Afghanistan,232,3928324,1.978,0.11700000000000021
NUMBER,Number,2.52,Millions,NUMBER,Number (real number),1983,Afghanistan,233,3932289,2.095,0.4249999999999998
NUMBER,Number,2.822,Millions,NUMBER,Number (real number),1984,Afghanistan,234,3936256,2.52,0.30200000000000005
NUMBER,Number,3.501,Millions,NUMBER,Number (real number),1985,Afghanistan,235,3940225,2.822,0.6789999999999998
NUMBER,Number,3.134,Millions,NUMBER,Number (real number),1986,Afghanistan,236,3944196,3.501,-0.367
NUMBER,Number,3.114,Millions,NUMBER,Number (real number),1987,Afghanistan,237,3948169,3.134,-0.020000000000000018
NUMBER,Number,2.857,Millions,NUMBER,Number (real number),1988,Afghanistan,238,3952144,3.114,-0.2569999999999997
NUMBER,Number,2.765,Millions,NUMBER,Number (real number),1989,Afghanistan,239,3956121,2.857,-0.09200000000000008
NUMBER,Number,2.024,Millions,NUMBER,Number (real number),1990,Afghanistan,240,3960100,2.765,-0.7410000000000001
NUMBER,Number,1.914,Millions,NUMBER,Number (real number),1991,Afghanistan,241,3964081,2.024,-0.1100000000000001
NUMBER,Number,1.482,Millions,NUMBER,Number (real number),1992,Afghanistan,242,3968064,1.914,-0.43199999999999994
NUMBER,Number,1.487,Millions,NUMBER,Number (real number),1993,Afghanistan,243,3972049,1.482,0.0050000000000001155
NUMBER,Number,1.454,Millions,NUMBER,Number (real number),1994,Afghanistan,244,3976036,1.487,-0.03300000000000014
NUMBER,Number,1.417,Millions,NUMBER,Number (real number),1995,Afghanistan,245,3980025,1.454,-0.03699999999999992
NUMBER,Number,1.37,Millions,NUMBER,Number (real number),1996,Afghanistan,246,3984016,1.417,-0.04699999999999993
NUMBER,Number,1.304,Millions,NUMBER,Number (real number),1997,Afghanistan,247,3988009,1.37,-0.06600000000000006
NUMBER,Number,1.279,Millions,NUMBER,Number (real number),1998,Afghanistan,248,3992004,1.304,-0.025000000000000133
NUMBER,Number,1.092,Millions,NUMBER,Number (real number),1999,Afghanistan,249,3996001,1.279,-0.18699999999999983
NUMBER,Number,1.047,Millions,NUMBER,Number (real number),2000,Afghanistan,250,4000000,1.092,-0.04500000000000015
NUMBER,Number,1.069,Millions,NUMBER,Number (real number),2001,Afghanistan,251,4004001,1.047,0.02200000000000002
NUMBER,Number,1.341,Millions,NUMBER,Number (real number),2002,Afghanistan,252,4008004,1.069,0.272
NUMBER,Number,1.56,Millions,NUMBER,Number (real number),2003,Afghanistan,253,4012009,1.341,0.21900000000000008
NUMBER,Number,1.237,Millions,NUMBER,Number (real number),2004,Afghanistan,254,4016016,1.56,-0.32299999999999995
NUMBER,Number,1.89,Millions,NUMBER,Number (real number),2005,Afghanistan,255,4020025,1.237,0.6529999999999998
NUMBER,Number,2.159,Millions,NUMBER,Number (real number),2006,Afghanistan,256,4024036,1.89,0.2689999999999999
NUMBER,Number,2.8,Millions,NUMBER,Number (real number),2007,Afghanistan,257,4028049,2.159,0.641
NUMBER,Number,4.254,Millions,NUMBER,Number (real number),2008,Afghanistan,258,4032064,2.8,1.4539999999999997
NUMBER,Number,6.392,Millions,NUMBER,Number (real number),2009,Afghanistan,259,4036081,4.254,2.138000000000001
NUMBER,Number,8.365,Millions,NUMBER,Number (real number),2010,Afghanistan,260,4040100,6.392,1.9729999999999999
NUMBER,Number,11.838,Millions,NUMBER,Number (real number),2011,Afghanistan,261,4044121,8.365,3.472999999999999
NUMBER,Number,10.035,Millions,NUMBER,Number (real number),2012,Afghanistan,262,4048144,11.838,-1.802999999999999
NUMBER,Number,9.229,Millions,NUMBER,Number (real number),2013,Afghanistan,263,4052169,10.035,-0.8060000000000009
NUMBER,Number,9.086,Millions,NUMBER,Number (real number),2014,Afghanistan,264,4056196,9.229,-0.1429999999999989
NUMBER,Number,9.67,Millions,NUMBER,Number (real number),2015,Afghanistan,265,4060225,9.086,0.5839999999999996
NUMBER,Number,8.906,Millions,NUMBER,Number (real number),2016,Afghanistan,266,4064256,9.67,-0.7639999999999993
NUMBER,Number,9.677,Millions,NUMBER,Number (real number),2017,Afghanistan,267,4068289,8.906,0.770999999999999
NUMBER,Number,10.602,Millions,NUMBER,Number (real number),2018,Afghanistan,268,4072324,9.677,0.9250000000000007
NUMBER,Number,10.825,Millions,NUMBER,Number (real number),2019,Afghanistan,269,4076361,10.602,0.22299999999999898
NUMBER,Number,11.606,Millions,NUMBER,Number (real number),2020,Afghanistan,270,4080400,10.825,0.7810000000000006
NUMBER,Number,10.272,Millions,NUMBER,Number (real number),2021,Afghanistan,271,4084441,11.606,-1.3339999999999996
NUMBER,Number,10.558,Millions,NUMBER,Number (real number),2022,Afghanistan,272,4088484,10.272,0.2859999999999996
NUMBER,Number,11.02,Millions,NUMBER,Number (real number),2023,Afghanistan,273,4092529,10.558,0.46199999999999974
NUMBER,Number,0.007,Millions,NUMBER,Number (real number),1934,Albania,184,3740356,0.007,0.0
NUMBER,Number,0.018,Millions,NUMBER,Number (real number),1935,Albania,185,3744225,0.007,0.011
NUMBER,Number,0.128,Millions,NUMBER,Number (real number),1936,Albania,186,3748096,0.018,0.11
NUMBER,Number,0.297,Millions,NUMBER,Number (real number),1937,Albania,187,3751969,0.128,0.16899999999999998
NUMBER,Number,0.348,Millions,NUMBER,Number (real number),1938,Albania,188,3755844,0.297,0.05099999999999999
NUMBER,Number,0.432,Millions,NUMBER,Number (real number),1939,Albania,189,3759721,0.348,0.08400000000000002
NUMBER,Number,0.692,Millions,NUMBER,Number (real number),1940,Albania,190,3763600,0.432,0.25999999999999995
NUMBER,Number,0.626,Millions,NUMBER,Number (real number),1941,Albania,191,3767481,0.692,-0.06599999999999995
NUMBER,Number,0.744,Millions,NUMBER,Number (real number),1942,Albania,192,3771364,0.626,0.118
NUMBER,Number,0.462,Millions,NUMBER,Number (real number),1943,Albania,193,3775249,0.744,-0.282
NUMBER,Number,0.154,Millions,NUMBER,Number (real number),1944,Albania,194,3779136,0.462,-0.30800000000000005
NUMBER,Number,0.121,Millions,NUMBER,Number (real number),1945,Albania,195,3783025,0.154,-0.033
NUMBER,Number,0.484,Millions,NUMBER,Number (real number),1946,Albania,196,3786916,0.121,0.363
NUMBER,Number,0.927,Millions,NUMBER,Number (real number),1947,Albania,197,3790809,0.484,0.44300000000000006
NUMBER,Number,0.703,Millions,NUMBER,Number (real number),1948,Albania,198,3794704,0.927,-0.2240000000000001
NUMBER,Number,1.015,Millions,NUMBER,Number (real number),1949,Albania,199,3798601,0.703,0.31199999999999994
NUMBER,Number,0.297,Millions,NUMBER,Number (real number),1950,Albania,200,3802500,1.015,-0.718
NUMBER,Number,0.403,Millions,NUMBER,Number (real number),1951,Albania,201,3806401,0.297,0.10600000000000004
NUMBER,Number,0.374,Millions,NUMBER,Number (real number),1952,Albania,202,3810304,0.403,-0.029000000000000026
NUMBER,Number,0.414,Millions,NUMBER,Number (real number),1953,Albania,203,3814209,0.374,0.03999999999999998
NUMBER,Number,0.502,Millions,NUMBER,Number (real number),1954,Albania,204,3818116,0.414,0.08800000000000002
NUMBER,Number,0.663,Millions,NUMBER,Number (real number),1955,Albania,205,3822025,0.502,0.16100000000000003
NUMBER,Number,0.839,Millions,NUMBER,Number (real number),1956,Albania,206,3825936,0.663,0.17599999999999993
NUMBER,Number,1.506,Millions,NUMBER,Number (real number),1957,Albania,207,3829849,0.839,0.667
NUMBER,Number,1.201,Millions,NUMBER,Number (real number),1958,Albania,208,3833764,1.506,-0.30499999999999994
NUMBER,Number,1.443,Millions,NUMBER,Number (real number),1959,Albania,209,3837681,1.201,0.242
NUMBER,Number,2.022,Millions,NUMBER,Number (real number),1960,Albania,210,3841600,1.443,0.5789999999999997
NUMBER,Number,2.279,Millions,NUMBER,Number (real number),1961,Albania,211,3845521,2.022,0.2570000000000001
NUMBER,Number,2.462,Millions,NUMBER,Number (real number),1962,Albania,212,3849444,2.279,0.18300000000000027
NUMBER,Number,2.081,Millions,NUMBER,Number (real number),1963,Albania,213,3853369,2.462,-0.3810000000000002
NUMBER,Number,2.015,Millions,NUMBER,Number (real number),1964,Albania,214,3857296,2.081,-0.06599999999999984
NUMBER,Number,2.172,Millions,NUMBER,Number (real number),1965,Albania,215,3861225,2.015,0.15700000000000003
NUMBER,Number,2.55,Millions,NUMBER,Number (real number),1966,Albania,216,3865156,2.172,0.37799999999999967
NUMBER,Number,2.677,Millions,NUMBER,Number (real number),1967,Albania,217,3869089,2.55,0.12700000000000022
NUMBER,Number,3.069,Millions,NUMBER,Number (real number),1968,Albania,218,3873024,2.677,0.3919999999999999
NUMBER,Number,3.241,Millions,NUMBER,Number (real number),1969,Albania,219,3876961,3.069,0.17200000000000015
NUMBER,Number,3.739,Millions,NUMBER,Number (real number),1970,Albania,220,3880900,3.241,0.4979999999999998
NUMBER,Number,4.348,Millions,NUMBER,Number (real number),1971,Albania,221,3884841,3.739,0.609
NUMBER,Number,5.638,Millions,NUMBER,Number (real number),1972,Albania,222,3888784,4.348,1.29
NUMBER,Number,5.286,Millions,NUMBER,Number (real number),1973,Albania,223,3892729,5.638,-0.3520000000000003
NUMBER,Number,4.342,Millions,NUMBER,Number (real number),1974,Albania,224,3896676,5.286,-0.944
NUMBER,Number,4.591,Millions,NUMBER,Number (real number),1975,Albania,225,3900625,4.342,0.24900000000000055
NUMBER,Number,4.947,Millions,NUMBER,Number (real number),1976,Albania,226,3904576,4.591,0.35599999999999987
NUMBER,Number,5.717,Millions,NUMBER,Number (real number),1977,Albania,227,3908529,4.947,0.7699999999999996
NUMBER,Number,6.491,Millions,NUMBER,Number (real number),1978,Albania,228,3912484,5.717,0.774
NUMBER,Number,7.584,Millions,NUMBER,Number (real number),1979,Albania,229,3916441,6.491,1.093
NUMBER,Number,5.171,Millions,NUMBER,Number (real number),1980,Albania,230,3920400,7.584,-2.4129999999999994
NUMBER,Number,7.34,Millions,NUMBER,Number (real number),1981,Albania,231,3924361,5.171,2.1689999999999996
NUMBER,Number,7.308,Millions,NUMBER,Number (real number),1982,Albania,232,3928324,7.34,-0.03200000000000003
NUMBER,Number,7.631,Millions,NUMBER,Number (real number),1983,Albania,233,3932289,7.308,0.3230000000000004
NUMBER,Number,7.826,Millions,NUMBER,Number (real number),1984,Albania,234,3936256,7.631,0.1949999999999994
NUMBER,Number,7.882,Millions,NUMBER,Number (real number),1985,Albania,235,3940225,7.826,0.05600000000000005
NUMBER,Number,8.058,Millions,NUMBER,Number (real number),1986,Albania,236,3944196,7.882,0.17600000000000016
NUMBER,Number,7.447,Millions,NUMBER,Number (real number),1987,Albania,237,3948169,8.058,-0.6109999999999998
NUMBER,Number,7.329,Millions,NUMBER,Number (real number),1988,Albania,238,3952144,7.447,-0.11800000000000033
NUMBER,Number,8.986,Millions,NUMBER,Number (real number),1989,Albania,239,3956121,7.329,1.657000000000001
NUMBER,Number,5.521,Millions,NUMBER,Number (real number),1990,Albania,240,3960100,8.986,-3.4650000000000007
NUMBER,Number,4.29,Millions,NUMBER,Number (real number),1991,Albania,241,3964081,5.521,-1.2309999999999999
NUMBER,Number,2.517,Millions,NUMBER,Number (real number),1992,Albania,242,3968064,4.29,-1.7730000000000001
NUMBER,Number,2.338,Millions,NUMBER,Number (real number),1993,Albania,243,3972049,2.517,-0.17899999999999983
NUMBER,Number,1.924,Millions,NUMBER,Number (real number),1994,Albania,244,3976036,2.338,-0.41400000000000015
NUMBER,Number,2.089,Millions,NUMBER,Number (real number),1995,Albania,245,3980025,1.924,0.16500000000000004
NUMBER,Number,2.018,Millions,NUMBER,Number (real number),1996,Albania,246,3984016,2.089,-0.07100000000000017
NUMBER,Number,1.543,Millions,NUMBER,Number (real number),1997,Albania,247,3988009,2.018,-0.47499999999999987
NUMBER,Number,1.755,Millions,NUMBER,Number (real number),1998,Albania,248,3992004,1.543,0.21199999999999997
NUMBER,Number,2.986,Millions,NUMBER,Number (real number),1999,Albania,249,3996001,1.755,1.2310000000000003
NUMBER,Number,3.025,Millions,NUMBER,Number (real number),2000,Albania,250,4000000,2.986,0.0389999999999997
NUMBER,Number,3.221,Millions,NUMBER,Number (real number),2001,Albania,251,4004001,3.025,0.19600000000000017
NUMBER,Number,3.748,Millions,NUMBER,Number (real number),2002,Albania,252,4008004,3.221,0.5270000000000001
NUMBER,Number,4.303,Millions,NUMBER,Number (real number),2003,Albania,253,4012009,3.748,0.5549999999999997
NUMBER,Number,4.177,Millions,NUMBER,Number (real number),2004,Albania,254,4016016,4.303,-0.12600000000000033
NUMBER,Number,4.261,Millions,NUMBER,Number (real number),2005,Albania,255,4020025,4.177,0.08400000000000052
NUMBER,Number,3.911,Millions,NUMBER,Number (real number),2006,Albania,256,4024036,4.261,-0.3500000000000001
NUMBER,Number,3.949,Millions,NUMBER,Number (real number),2007,Albania,257,4028049,3.911,0.03799999999999981
NUMBER,Number,4.397,Millions,NUMBER,Number (real number),2008,Albania,258,4032064,3.949,0.4480000000000004
NUMBER,Number,4.407,Millions,NUMBER,Number (real number),2009,Albania,259,4036081,4.397,0.009999999999999787
NUMBER,Number,4.784,Millions,NUMBER,Number (real number),2010,Albania,260,4040100,4.407,0.3769999999999998
NUMBER,Number,5.315,Millions,NUMBER,Number (real number),2011,Albania,261,4044121,4.784,0.5310000000000006
NUMBER,Number,4.85,Millions,NUMBER,Number (real number),2012,Albania,262,4048144,5.315,-0.46500000000000075
NUMBER,Number,5.287,Millions,NUMBER,Number (real number),2013,Albania,263,4052169,4.85,0.4370000000000003
NUMBER,Number,6.0,Millions,NUMBER,Number (real number),2014,Albania,264,4056196,5.287,0.7130000000000001
NUMBER,Number,4.712,Millions,NUMBER,Number (real number),2015,Albania,265,4060225,6.0,-1.2880000000000003
NUMBER,Number,4.632,Millions,NUMBER,Number (real number),2016,Albania,266,4064256,4.712,-0.08000000000000007
NUMBER,Number,5.293,Millions,NUMBER,Number (real number),2017,Albania,267,4068289,4.632,0.6610000000000005
NUMBER,Number,4.895,Millions,NUMBER,Number (real number),2018,Albania,268,4072324,5.293,-0.3980000000000006
NUMBER,Number,4.827,Millions,NUMBER,Number (real number),2019,Albania,269,4076361,4.895,-0.06799999999999962
NUMBER,Number,4.711,Millions,NUMBER,Number (real number),2020,Albania,270,4080400,4.827,-0.11599999999999966
NUMBER,Number,5.134,Millions,NUMBER,Number (real number),2021,Albania,271,4084441,4.711,0.42300000000000004
NUMBER,Number,5.173,Millions,NUMBER,Number (real number),2022,Albania,272,4088484,5.134,0.0389999999999997
NUMBER,Number,5.144,Millions,NUMBER,Number (real number),2023,Albania,273,4092529,5.173,-0.028999999999999915
NUMBER,Number,0.007,Millions,NUMBER,Number (real number),1917,Algeria,167,3674889,0.004,0.003
NUMBER,Number,0.018,Millions,NUMBER,Number (real number),1918,Algeria,168,3678724,0.007,0.011
NUMBER,Number,0.018,Millions,NUMBER,Number (real number),1919,Algeria,169,3682561,0.018,0.0
NUMBER,Number,0.022,Millions,NUMBER,Number (real number),1920,Algeria,170,3686400,0.018,0.004
NUMBER,Number,0.026,Millions,NUMBER,Number (real number),1921,Algeria,171,3690241,0.022,0.004
NUMBER,Number,0.026,Millions,NUMBER,Number (real number),1922,Algeria,172,3694084,0.026,0.0
NUMBER,Number,0.015,Millions,NUMBER,Number (real number),1923,Algeria,173,3697929,0.026,-0.011
NUMBER,Number,0.029,Millions,NUMBER,Number (real number),1924,Algeria,174,3701776,0.015,0.014000000000000002
NUMBER,Number,0.033,Millions,NUMBER,Number (real number),1925,Algeria,175,3705625,0.029,0.004
NUMBER,Number,0.04,Millions,NUMBER,Number (real number),1926,Algeria,176,3709476,0.033,0.006999999999999999
NUMBER,Number,0.059,Millions,NUMBER,Number (real number),1927,Algeria,177,3713329,0.04,0.018999999999999996
NUMBER,Number,0.073,Millions,NUMBER,Number (real number),1928,Algeria,178,3717184,0.059,0.013999999999999999
NUMBER,Number,0.08,Millions,NUMBER,Number (real number),1929,Algeria,179,3721041,0.073,0.007000000000000006
NUMBER,Number,0.084,Millions,NUMBER,Number (real number),1930,Algeria,180,3724900,0.08,0.0040000000000000036
NUMBER,Number,0.099,Millions,NUMBER,Number (real number),1931,Algeria,181,3728761,0.084,0.015
NUMBER,Number,0.113,Millions,NUMBER,Number (real number),1932,Algeria,182,3732624,0.099,0.013999999999999999
NUMBER,Number,0.121,Millions,NUMBER,Number (real number),1933,Algeria,183,3736489,0.113,0.007999999999999993
NUMBER,Number,0.139,Millions,NUMBER,Number (real number),1934,Algeria,184,3740356,0.121,0.018000000000000016
NUMBER,Number,0.132,Millions,NUMBER,Number (real number),1935,Algeria,185,3744225,0.139,-0.007000000000000006
NUMBER,Number,0.051,Millions,NUMBER,Number (real number),1936,Algeria,186,3748096,0.132,-0.08100000000000002
NUMBER,Number,0.069,Millions,NUMBER,Number (real number),1937,Algeria,187,3751969,0.051,0.01800000000000001
NUMBER,Number,0.033,Millions,NUMBER,Number (real number),1938,Algeria,188,3755844,0.069,-0.036000000000000004
NUMBER,Number,0.161,Millions,NUMBER,Number (real number),1939,Algeria,189,3759721,0.033,0.128
NUMBER,Number,0.238,Millions,NUMBER,Number (real number),1940,Algeria,190,3763600,0.161,0.07699999999999999
NUMBER,Number,0.311,Millions,NUMBER,Number (real number),1941,Algeria,191,3767481,0.238,0.07300000000000001
NUMBER,Number,0.498,Millions,NUMBER,Number (real number),1942,Algeria,192,3771364,0.311,0.187
NUMBER,Number,0.469,Millions,NUMBER,Number (real number),1943,Algeria,193,3775249,0.498,-0.029000000000000026
NUMBER,Number,0.498,Millions,NUMBER,Number (real number),1944,Algeria,194,3779136,0.469,0.029000000000000026
NUMBER,Number,0.615,Millions,NUMBER,Number (real number),1945,Algeria,195,3783025,0.498,0.11699999999999999
NUMBER,Number,0.762,Millions,NUMBER,Number (real number),1946,Algeria,196,3786916,0.615,0.14700000000000002
NUMBER,Number,0.743,Millions,NUMBER,Number (real number),1947,Algeria,197,3790809,0.762,-0.019000000000000017
NUMBER,Number,0.802,Millions,NUMBER,Number (real number),1948,Algeria,198,3794704,0.743,0.05900000000000005
NUMBER,Number,0.908,Millions,NUMBER,Number (real number),1949,Algeria,199,3798601,0.802,0.10599999999999998
NUMBER,Number,3.784,Millions,NUMBER,Number (real number),1950,Algeria,200,3802500,0.908,2.876
NUMBER,Number,4.131,Millions,NUMBER,Number (real number),1951,Algeria,201,3806401,3.784,0.3470000000000004
NUMBER,Number,3.889,Millions,NUMBER,Number (real number),1952,Algeria,202,3810304,4.131,-0.24200000000000044
NUMBER,Number,3.999,Millions,NUMBER,Number (real number),1953,Algeria,203,3814209,3.889,0.11000000000000032
NUMBER,Number,4.152,Millions,NUMBER,Number (real number),1954,Algeria,204,3818116,3.999,0.15300000000000002
NUMBER,Number,4.607,Millions,NUMBER,Number (real number),1955,Algeria,205,3822025,4.152,0.45500000000000007
NUMBER,Number,4.995,Millions,NUMBER,Number (real number),1956,Algeria,206,3825936,4.607,0.3879999999999999
NUMBER,Number,5.537,Millions,NUMBER,Number (real number),1957,Algeria,207,3829849,4.995,0.5419999999999998
NUMBER,Number,5.214,Millions,NUMBER,Number (real number),1958,Algeria,208,3833764,5.537,-0.3229999999999995
NUMBER,Number,5.657,Millions,NUMBER,Number (real number),1959,Algeria,209,3837681,5.214,0.4429999999999996
NUMBER,Number,6.151,Millions,NUMBER,Number (real number),1960,Algeria,210,3841600,5.657,0.4939999999999998
NUMBER,Number,6.056,Millions,NUMBER,Number (real number),1961,Algeria,211,3845521,6.151,-0.09499999999999975
NUMBER,Number,5.661,Millions,NUMBER,Number (real number),1962,Algeria,212,3849444,6.056,-0.39500000000000046
NUMBER,Number,5.419,Millions,NUMBER,Number (real number),1963,Algeria,213,3853369,5.661,-0.242
NUMBER,Number,5.643,Millions,NUMBER,Number (real number),1964,Algeria,214,3857296,5.419,0.2240000000000002
NUMBER,Number,6.589,Millions,NUMBER,Number (real number),1965,Algeria,215,3861225,5.643,0.9460000000000006
NUMBER,Number,8.421,Millions,NUMBER,Number (real number),1966,Algeria,216,3865156,6.589,1.831999999999999
NUMBER,Number,8.432,Millions,NUMBER,Number (real number),1967,Algeria,217,3869089,8.421,0.011000000000001009
NUMBER,Number,9.05,Millions,NUMBER,Number (real number),1968,Algeria,218,3873024,8.432,0.6180000000000003
NUMBER,Number,11.263,Millions,NUMBER,Number (real number),1969,Algeria,219,3876961,9.05,2.212999999999999
NUMBER,Number,15.059,Millions,NUMBER,Number (real number),1970,Algeria,220,3880900,11.263,3.7959999999999994
NUMBER,Number,18.65,Millions,NUMBER,Number (real number),1971,Algeria,221,3884841,15.059,3.5909999999999993
NUMBER,Number,28.323,Millions,NUMBER,Number (real number),1972,Algeria,222,3888784,18.65,9.673000000000002
NUMBER,Number,38.277,Millions,NUMBER,Number (real number),1973,Algeria,223,3892729,28.323,9.954
NUMBER,Number,31.877,Millions,NUMBER,Number (real number),1974,Algeria,224,3896676,38.277,-6.400000000000002
NUMBER,Number,32.001,Millions,NUMBER,Number (real number),1975,Algeria,225,3900625,31.877,0.12399999999999878
NUMBER,Number,39.131,Millions,NUMBER,Number (real number),1976,Algeria,226,3904576,32.001,7.130000000000003
NUMBER,Number,41.845,Millions,NUMBER,Number (real number),1977,Algeria,227,3908529,39.131,2.7139999999999986
NUMBER,Number,62.455,Millions,NUMBER,Number (real number),1978,Algeria,228,3912484,41.845,20.61
NUMBER,Number,45.546,Millions,NUMBER,Number (real number),1979,Algeria,229,3916441,62.455,-16.909
NUMBER,Number,66.416,Millions,NUMBER,Number (real number),1980,Algeria,230,3920400,45.546,20.869999999999997
NUMBER,Number,46.342,Millions,NUMBER,Number (real number),1981,Algeria,231,3924361,66.416,-20.073999999999998
NUMBER,Number,39.173,Millions,NUMBER,Number (real number),1982,Algeria,232,3928324,46.342,-7.168999999999997
NUMBER,Number,52.504,Millions,NUMBER,Number (real number),1983,Algeria,233,3932289,39.173,13.330999999999996
NUMBER,Number,70.947,Millions,NUMBER,Number (real number),1984,Algeria,234,3936256,52.504,18.443000000000005
NUMBER,Number,72.609,Millions,NUMBER,Number (real number),1985,Algeria,235,3940225,70.947,1.661999999999992
NUMBER,Number,76.08,Millions,NUMBER,Number (real number),1986,Algeria,236,3944196,72.609,3.4710000000000036
NUMBER,Number,83.883,Millions,NUMBER,Number (real number),1987,Algeria,237,3948169,76.08,7.802999999999997
NUMBER,Number,83.708,Millions,NUMBER,Number (real number),1988,Algeria,238,3952144,83.883,-0.17499999999999716
NUMBER,Number,79.808,Millions,NUMBER,Number (real number),1989,Algeria,239,3956121,83.708,-3.8999999999999915
NUMBER,Number,76.738,Millions,NUMBER,Number (real number),1990,Algeria,240,3960100,79.808,-3.0700000000000074
NUMBER,Number,78.807,Millions,NUMBER,Number (real number),1991,Algeria,241,3964081,76.738,2.0690000000000026
NUMBER,Number,79.883,Millions,NUMBER,Number (real number),1992,Algeria,242,3968064,78.807,1.0759999999999934
NUMBER,Number,81.944,Millions,NUMBER,Number (real number),1993,Algeria,243,3972049,79.883,2.061000000000007
NUMBER,Number,88.608,Millions,NUMBER,Number (real number),1994,Algeria,244,3976036,81.944,6.6640000000000015
NUMBER,Number,96.777,Millions,NUMBER,Number (real number),1995,Algeria,245,3980025,88.608,8.168999999999997
NUMBER,Number,100.039,Millions,NUMBER,Number (real number),1996,Algeria,246,3984016,96.777,3.2620000000000005
NUMBER,Number,88.369,Millions,NUMBER,Number (real number),1997,Algeria,247,3988009,100.039,-11.670000000000002
NUMBER,Number,106.537,Millions,NUMBER,Number (real number),1998,Algeria,248,3992004,88.369,18.168000000000006
NUMBER,Number,91.449,Millions,NUMBER,Number (real number),1999,Algeria,249,3996001,106.537,-15.088000000000008
NUMBER,Number,85.399,Millions,NUMBER,Number (real number),2000,Algeria,250,4000000,91.449,-6.049999999999997
NUMBER,Number,86.839,Millions,NUMBER,Number (real number),2001,Algeria,251,4004001,85.399,1.4399999999999977
NUMBER,Number,90.692,Millions,NUMBER,Number (real number),2002,Algeria,252,4008004,86.839,3.8529999999999944
NUMBER,Number,94.581,Millions,NUMBER,Number (real number),2003,Algeria,253,4012009,90.692,3.88900000000001
NUMBER,Number,91.714,Millions,NUMBER,Number (real number),2004,Algeria,254,4016016,94.581,-2.8670000000000044
NUMBER,Number,110.993,Millions,NUMBER,Number (real number),2005,Algeria,255,4020025,91.714,19.278999999999996
NUMBER,Number,105.896,Millions,NUMBER,Number (real number),2006,Algeria,256,4024036,110.993,-5.096999999999994
NUMBER,Number,109.889,Millions,NUMBER,Number (real number),2007,Algeria,257,4028049,105.896,3.992999999999995
NUMBER,Number,111.087,Millions,NUMBER,Number (real number),2008,Algeria,258,4032064,109.889,1.1980000000000075
NUMBER,Number,118.856,Millions,NUMBER,Number (real number),2009,Algeria,259,4036081,111.087,7.768999999999991
NUMBER,Number,118.353,Millions,NUMBER,Number (real number),2010,Algeria,260,4040100,118.856,-0.5030000000000001
NUMBER,Number,125.095,Millions,NUMBER,Number (real number),2011,Algeria,261,4044121,118.353,6.742000000000004
NUMBER,Number,135.674,Millions,NUMBER,Number (real number),2012,Algeria,262,4048144,125.095,10.579000000000008
NUMBER,Number,140.786,Millions,NUMBER,Number (real number),2013,Algeria,263,4052169,135.674,5.111999999999995
NUMBER,Number,151.283,Millions,NUMBER,Number (real number),2014,Algeria,264,4056196,140.786,10.496999999999986
NUMBER,Number,160.087,Millions,NUMBER,Number (real number),2015,Algeria,265,4060225,151.283,8.804000000000002
NUMBER,Number,158.482,Millions,NUMBER,Number (real number),2016,Algeria,266,4064256,160.087,-1.6049999999999898
NUMBER,Number,165.174,Millions,NUMBER,Number (real number),2017,Algeria,267,4068289,158.482,6.692000000000007
NUMBER,Number,172.705,Millions,NUMBER,Number (real number),2018,Algeria,268,4072324,165.174,7.531000000000006
NUMBER,Number,179.907,Millions,NUMBER,Number (real number),2019,Algeria,269,4076361,172.705,7.201999999999998
NUMBER,Number,168.178,Millions,NUMBER,Number (real number),2020,Algeria,270,4080400,179.907,-11.729000000000013
NUMBER,Number,179.596,Millions,NUMBER,Number (real number),2021,Algeria,271,4084441,168.178,11.418000000000006
NUMBER,Number,184.558,Millions,NUMBER,Number (real number),2022,Algeria,272,4088484,179.596,4.961999999999989
NUMBER,Number,178.133,Millions,NUMBER,Number (real number),2023,Algeria,273,4092529,184.558,-6.424999999999983
NUMBER,Number,0.407,Millions,NUMBER,Number (real number),1991,Andorra,241,3964081,0.407,0.0
NUMBER,Number,0.407,Millions,NUMBER,Number (real number),1992,Andorra,242,3968064,0.407,0.0
NUMBER,Number,0.41,Millions,NUMBER,Number (real number),1993,Andorra,243,3972049,0.407,0.0030000000000000027
NUMBER,Number,0.407,Millions,NUMBER,Number (real number),1994,Andorra,244,3976036,0.41,-0.0030000000000000027
NUMBER,Number,0.425,Millions,NUMBER,Number (real number),1995,Andorra,245,3980025,0.407,0.018000000000000016
NUMBER,Number,0.454,Millions,NUMBER,Number (real number),1996,Andorra,246,3984016,0.425,0.029000000000000026
NUMBER,Number,0.465,Millions,NUMBER,Number (real number),1997,Andorra,247,3988009,0.454,0.01100000000000001
NUMBER,Number,0.491,Millions,NUMBER,Number (real number),1998,Andorra,248,3992004,0.465,0.025999999999999968
NUMBER,Number,0.513,Millions,NUMBER,Number (real number),1999,Andorra,249,3996001,0.491,0.02200000000000002
NUMBER,Number,0.524,Millions,NUMBER,Number (real number),2000,Andorra,250,4000000,0.513,0.01100000000000001
NUMBER,Number,0.524,Millions,NUMBER,Number (real number),2001,Andorra,251,4004001,0.524,0.0
NUMBER,Number,0.531,Millions,NUMBER,Number (real number),2002,Andorra,252,4008004,0.524,0.007000000000000006
NUMBER,Number,0.535,Millions,NUMBER,Number (real number),2003,Andorra,253,4012009,0.531,0.0040000000000000036
NUMBER,Number,0.561,Millions,NUMBER,Number (real number),2004,Andorra,254,4016016,0.535,0.026000000000000023
NUMBER,Number,0.575,Millions,NUMBER,Number (real number),2005,Andorra,255,4020025,0.561,0.013999999999999901
NUMBER,Number,0.546,Millions,NUMBER,Number (real number),2006,Andorra,256,4024036,0.575,-0.028999999999999915
NUMBER,Number,0.539,Millions,NUMBER,Number (real number),2007,Andorra,257,4028049,0.546,-0.007000000000000006
NUMBER,Number,0.539,Millions,NUMBER,Number (real number),2008,Andorra,258,4032064,0.539,0.0
NUMBER,Number,0.517,Millions,NUMBER,Number (real number),2009,Andorra,259,4036081,0.539,-0.02200000000000002
NUMBER,Number,0.517,Millions,NUMBER,Number (real number),2010,Andorra,260,4040100,0.517,0.0
NUMBER,Number,0.491,Millions,NUMBER,Number (real number),2011,Andorra,261,4044121,0.517,-0.026000000000000023
NUMBER,Number,0.487,Millions,NUMBER,Number (real number),2012,Andorra,262,4048144,0.491,-0.0040000000000000036
NUMBER,Number,0.476,Millions,NUMBER,Number (real number),2013,Andorra,263,4052169,0.487,-0.01100000000000001
NUMBER,Number,0.462,Millions,NUMBER,Number (real number),2014,Andorra,264,4056196,0.476,-0.013999999999999957
NUMBER,Number,0.465,Millions,NUMBER,Number (real number),2015,Andorra,265,4060225,0.462,0.0030000000000000027
NUMBER,Number,0.469,Millions,NUMBER,Number (real number),2016,Andorra,266,4064256,0.465,0.003999999999999948
NUMBER,Number,0.469,Millions,NUMBER,Number (real number),2017,Andorra,267,4068289,0.469,0.0
NUMBER,Number,0.498,Millions,NUMBER,Number (real number),2018,Andorra,268,4072324,0.469,0.029000000000000026
NUMBER,Number,0.491,Millions,NUMBER,Number (real number),2019,Andorra,269,4076361,0.498,-0.007000000000000006
NUMBER,Number,0.381,Millions,NUMBER,Number (real number),2020,Andorra,270,4080400,0.491,-0.10999999999999999
NUMBER,Number,0.41,Millions,NUMBER,Number (real number),2021,Andorra,271,4084441,0.381,0.02899999999999997
NUMBER,Number,0.42,Millions,NUMBER,Number (real number),2022,Andorra,272,4088484,0.41,0.010000000000000009
NUMBER,Number,0.424,Millions,NUMBER,Number (real number),2023,Andorra,273,4092529,0.42,0.0040000000000000036
NUMBER,Number,0.249,Millions,NUMBER,Number (real number),1951,Angola,201,3806401,0.187,0.062
NUMBER,Number,0.311,Millions,NUMBER,Number (real number),1952,Angola,202,3810304,0.249,0.062
NUMBER,Number,0.275,Millions,NUMBER,Number (real number),1953,Angola,203,3814209,0.311,-0.035999999999999976
NUMBER,Number,0.348,Millions,NUMBER,Number (real number),1954,Angola,204,3818116,0.275,0.07299999999999995
NUMBER,Number,0.414,Millions,NUMBER,Number (real number),1955,Angola,205,3822025,0.348,0.066
NUMBER,Number,0.502,Millions,NUMBER,Number (real number),1956,Angola,206,3825936,0.414,0.08800000000000002
NUMBER,Number,0.619,Millions,NUMBER,Number (real number),1957,Angola,207,3829849,0.502,0.11699999999999999
NUMBER,Number,0.593,Millions,NUMBER,Number (real number),1958,Angola,208,3833764,0.619,-0.026000000000000023
NUMBER,Number,0.619,Millions,NUMBER,Number (real number),1959,Angola,209,3837681,0.593,0.026000000000000023
NUMBER,Number,0.549,Millions,NUMBER,Number (real number),1960,Angola,210,3841600,0.619,-0.06999999999999995
NUMBER,Number,0.454,Millions,NUMBER,Number (real number),1961,Angola,211,3845521,0.549,-0.09500000000000003
NUMBER,Number,1.179,Millions,NUMBER,Number (real number),1962,Angola,212,3849444,0.454,0.7250000000000001
NUMBER,Number,1.15,Millions,NUMBER,Number (real number),1963,Angola,213,3853369,1.179,-0.029000000000000137
NUMBER,Number,1.223,Millions,NUMBER,Number (real number),1964,Angola,214,3857296,1.15,0.07300000000000018
NUMBER,Number,1.186,Millions,NUMBER,Number (real number),1965,Angola,215,3861225,1.223,-0.037000000000000144
NUMBER,Number,1.552,Millions,NUMBER,Number (real number),1966,Angola,216,3865156,1.186,0.3660000000000001
NUMBER,Number,0.992,Millions,NUMBER,Number (real number),1967,Angola,217,3869089,1.552,-0.56
NUMBER,Number,1.67,Millions,NUMBER,Number (real number),1968,Angola,218,3873024,0.992,0.6779999999999999
NUMBER,Number,2.783,Millions,NUMBER,Number (real number),1969,Angola,219,3876961,1.67,1.113
NUMBER,Number,3.578,Millions,NUMBER,Number (real number),1970,Angola,220,3880900,2.783,0.7949999999999999
NUMBER,Number,3.405,Millions,NUMBER,Number (real number),1971,Angola,221,3884841,3.578,-0.17300000000000004
NUMBER,Number,4.501,Millions,NUMBER,Number (real number),1972,Angola,222,3888784,3.405,1.0960000000000005
NUMBER,Number,4.874,Millions,NUMBER,Number (real number),1973,Angola,223,3892729,4.501,0.37299999999999933
NUMBER,Number,4.866,Millions,NUMBER,Number (real number),1974,Angola,224,3896676,4.874,-0.008000000000000007
NUMBER,Number,4.409,Millions,NUMBER,Number (real number),1975,Angola,225,3900625,4.866,-0.45699999999999985
NUMBER,Number,3.28,Millions,NUMBER,Number (real number),1976,Angola,226,3904576,4.409,-1.129
NUMBER,Number,3.528,Millions,NUMBER,Number (real number),1977,Angola,227,3908529,3.28,0.24800000000000022
NUMBER,Number,5.4,Millions,NUMBER,Number (real number),1978,Angola,228,3912484,3.528,1.8720000000000003
NUMBER,Number,5.489,Millions,NUMBER,Number (real number),1979,Angola,229,3916441,5.4,0.08899999999999952
NUMBER,Number,5.334,Millions,NUMBER,Number (real number),1980,Angola,230,3920400,5.489,-0.15500000000000025
NUMBER,Number,5.267,Millions,NUMBER,Number (real number),1981,Angola,231,3924361,5.334,-0.06699999999999928
NUMBER,Number,4.635,Millions,NUMBER,Number (real number),1982,Angola,232,3928324,5.267,-0.6320000000000006
NUMBER,Number,5.101,Millions,NUMBER,Number (real number),1983,Angola,233,3932289,4.635,0.4660000000000002
NUMBER,Number,4.986,Millions,NUMBER,Number (real number),1984,Angola,234,3936256,5.101,-0.11500000000000021
NUMBER,Number,4.676,Millions,NUMBER,Number (real number),1985,Angola,235,3940225,4.986,-0.3099999999999996
NUMBER,Number,4.634,Millions,NUMBER,Number (real number),1986,Angola,236,3944196,4.676,-0.041999999999999815
NUMBER,Number,5.786,Millions,NUMBER,Number (real number),1987,Angola,237,3948169,4.634,1.1519999999999992
NUMBER,Number,5.049,Millions,NUMBER,Number (real number),1988,Angola,238,3952144,5.786,-0.7369999999999992
NUMBER,Number,4.923,Millions,NUMBER,Number (real number),1989,Angola,239,3956121,5.049,-0.12600000000000033
NUMBER,Number,5.09,Millions,NUMBER,Number (real number),1990,Angola,240,3960100,4.923,0.16699999999999982
NUMBER,Number,5.064,Millions,NUMBER,Number (real number),1991,Angola,241,3964081,5.09,-0.0259999999999998
NUMBER,Number,5.164,Millions,NUMBER,Number (real number),1992,Angola,242,3968064,5.064,0.09999999999999964
NUMBER,Number,5.748,Millions,NUMBER,Number (real number),1993,Angola,243,3972049,5.164,0.5840000000000005
NUMBER,Number,11.353,Millions,NUMBER,Number (real number),1994,Angola,244,3976036,5.748,5.6049999999999995
NUMBER,Number,12.617,Millions,NUMBER,Number (real number),1995,Angola,245,3980025,11.353,1.2640000000000011
NUMBER,Number,15.249,Millions,NUMBER,Number (real number),1996,Angola,246,3984016,12.617,2.6319999999999997
NUMBER,Number,15.884,Millions,NUMBER,Number (real number),1997,Angola,247,3988009,15.249,0.6349999999999998
NUMBER,Number,16.513,Millions,NUMBER,Number (real number),1998,Angola,248,3992004,15.884,0.6290000000000013
NUMBER,Number,17.261,Millions,NUMBER,Number (real number),1999,Angola,249,3996001,16.513,0.7479999999999976
NUMBER,Number,15.995,Millions,NUMBER,Number (real number),2000,Angola,250,4000000,17.261,-1.266
NUMBER,Number,15.908,Millions,NUMBER,Number (real number),2001,Angola,251,4004001,15.995,-0.08699999999999974
NUMBER,Number,16.08,Millions,NUMBER,Number (real number),2002,Angola,252,4008004,15.908,0.17199999999999882
NUMBER,Number,17.484,Millions,NUMBER,Number (real number),2003,Angola,253,4012009,16.08,1.4040000000000035
NUMBER,Number,17.016,Millions,NUMBER,Number (real number),2004,Angola,254,4016016,17.484,-0.4680000000000035
NUMBER,Number,15.387,Millions,NUMBER,Number (real number),2005,Angola,255,4020025,17.016,-1.6289999999999978
NUMBER,Number,17.145,Millions,NUMBER,Number (real number),2006,Angola,256,4024036,15.387,1.7579999999999991
NUMBER,Number,17.588,Millions,NUMBER,Number (real number),2007,Angola,257,4028049,17.145,0.4430000000000014
NUMBER,Number,18.75,Millions,NUMBER,Number (real number),2008,Angola,258,4032064,17.588,1.161999999999999
NUMBER,Number,20.668,Millions,NUMBER,Number (real number),2009,Angola,259,4036081,18.75,1.9179999999999993
NUMBER,Number,22.983,Millions,NUMBER,Number (real number),2010,Angola,260,4040100,20.668,2.3150000000000013
NUMBER,Number,23.397,Millions,NUMBER,Number (real number),2011,Angola,261,4044121,22.983,0.4139999999999979
NUMBER,Number,25.941,Millions,NUMBER,Number (real number),2012,Angola,262,4048144,23.397,2.5440000000000005
NUMBER,Number,25.71,Millions,NUMBER,Number (real number),2013,Angola,263,4052169,25.941,-0.2309999999999981
NUMBER,Number,26.09,Millions,NUMBER,Number (real number),2014,Angola,264,4056196,25.71,0.379999999999999
NUMBER,Number,27.507,Millions,NUMBER,Number (real number),2015,Angola,265,4060225,26.09,1.4170000000000016
NUMBER,Number,25.466,Millions,NUMBER,Number (real number),2016,Angola,266,4064256,27.507,-2.0410000000000004
NUMBER,Number,23.595,Millions,NUMBER,Number (real number),2017,Angola,267,4068289,25.466,-1.8710000000000022
NUMBER,Number,23.305,Millions,NUMBER,Number (real number),2018,Angola,268,4072324,23.595,-0.28999999999999915
NUMBER,Number,22.047,Millions,NUMBER,Number (real number),2019,Angola,269,4076361,23.305,-1.2579999999999991
NUMBER,Number,16.533,Millions,NUMBER,Number (real number),2020,Angola,270,4080400,22.047,-5.513999999999999
NUMBER,Number,19.196,Millions,NUMBER,Number (real number),2021,Angola,271,4084441,16.533,2.6630000000000003
NUMBER,Number,20.25,Millions,NUMBER,Number (real number),2022,Angola,272,4088484,19.196,1.0539999999999985
NUMBER,Number,20.781,Millions,NUMBER,Number (real number),2023,Angola,273,4092529,20.25,0.5309999999999988
NUMBER,Number,0.02,Millions,NUMBER,Number (real number),1951,Antigua and Barbuda,201,3806401,0.012,0.008
NUMBER,Number,0.015,Millions,NUMBER,Number (real number),1952,Antigua and Barbuda,202,3810304,0.02,-0.005000000000000001
NUMBER,Number,0.017,Millions,NUMBER,Number (real number),1953,Antigua and Barbuda,203,3814209,0.015,0.0020000000000000018
NUMBER,Number,0.012,Millions,NUMBER,Number (real number),1954,Antigua and Barbuda,204,3818116,0.017,-0.005000000000000001
NUMBER,Number,0.022,Millions,NUMBER,Number (real number),1955,Antigua and Barbuda,205,3822025,0.012,0.009999999999999998
NUMBER,Number,0.022,Millions,NUMBER,Number (real number),1956,Antigua and Barbuda,206,3825936,0.022,0.0
NUMBER,Number,0.022,Millions,NUMBER,Number (real number),1957,Antigua and Barbuda,207,3829849,0.022,0.0
NUMBER,Number,0.029,Millions,NUMBER,Number (real number),1958,Antigua and Barbuda,208,3833764,0.022,0.007000000000000003
NUMBER,Number,0.029,Millions,NUMBER,Number (real number),1959,Antigua and Barbuda,209,3837681,0.029,0.0
NUMBER,Number,0.037,Millions,NUMBER,Number (real number),1960,Antigua and Barbuda,210,3841600,0.029,0.007999999999999997
NUMBER,Number,0.048,Millions,NUMBER,Number (real number),1961,Antigua and Barbuda,211,3845521,0.037,0.011000000000000003
NUMBER,Number,0.103,Millions,NUMBER,Number (real number),1962,Antigua and Barbuda,212,3849444,0.048,0.05499999999999999
NUMBER,Number,0.084,Millions,NUMBER,Number (real number),1963,Antigua and Barbuda,213,3853369,0.103,-0.01899999999999999
NUMBER,Number,0.092,Millions,NUMBER,Number (real number),1964,Antigua and Barbuda,214,3857296,0.084,0.007999999999999993
NUMBER,Number,0.15,Millions,NUMBER,Number (real number),1965,Antigua and Barbuda,215,3861225,0.092,0.057999999999999996
NUMBER,Number,0.348,Millions,NUMBER,Number (real number),1966,Antigua and Barbuda,216,3865156,0.15,0.19799999999999998
NUMBER,Number,0.564,Millions,NUMBER,Number (real number),1967,Antigua and Barbuda,217,3869089,0.348,0.21599999999999997
NUMBER,Number,0.989,Millions,NUMBER,Number (real number),1968,Antigua and Barbuda,218,3873024,0.564,0.42500000000000004
NUMBER,Number,1.257,Millions,NUMBER,Number (real number),1969,Antigua and Barbuda,219,3876961,0.989,0.2679999999999999
NUMBER,Number,0.462,Millions,NUMBER,Number (real number),1970,Antigua and Barbuda,220,3880900,1.257,-0.7949999999999999
NUMBER,Number,0.425,Millions,NUMBER,Number (real number),1971,Antigua and Barbuda,221,3884841,0.462,-0.03700000000000003
NUMBER,Number,0.374,Millions,NUMBER,Number (real number),1972,Antigua and Barbuda,222,3888784,0.425,-0.05099999999999999
NUMBER,Number,0.33,Millions,NUMBER,Number (real number),1973,Antigua and Barbuda,223,3892729,0.374,-0.043999999999999984
NUMBER,Number,0.429,Millions,NUMBER,Number (real number),1974,Antigua and Barbuda,224,3896676,0.33,0.09899999999999998
NUMBER,Number,0.707,Millions,NUMBER,Number (real number),1975,Antigua and Barbuda,225,3900625,0.429,0.27799999999999997
NUMBER,Number,0.403,Millions,NUMBER,Number (real number),1976,Antigua and Barbuda,226,3904576,0.707,-0.30399999999999994
NUMBER,Number,0.465,Millions,NUMBER,Number (real number),1977,Antigua and Barbuda,227,3908529,0.403,0.062
NUMBER,Number,0.491,Millions,NUMBER,Number (real number),1978,Antigua and Barbuda,228,3912484,0.465,0.025999999999999968
NUMBER,Number,0.407,Millions,NUMBER,Number (real number),1979,Antigua and Barbuda,229,3916441,0.491,-0.08400000000000002
NUMBER,Number,0.143,Millions,NUMBER,Number (real number),1980,Antigua and Barbuda,230,3920400,0.407,-0.264
NUMBER,Number,0.106,Millions,NUMBER,Number (real number),1981,Antigua and Barbuda,231,3924361,0.143,-0.03699999999999999
NUMBER,Number,0.293,Millions,NUMBER,Number (real number),1982,Antigua and Barbuda,232,3928324,0.106,0.187
NUMBER,Number,0.084,Millions,NUMBER,Number (real number),1983,Antigua and Barbuda,233,3932289,0.293,-0.20899999999999996
NUMBER,Number,0.147,Millions,NUMBER,Number (real number),1984,Antigua and Barbuda,234,3936256,0.084,0.06299999999999999
NUMBER,Number,0.249,Millions,NUMBER,Number (real number),1985,Antigua and Barbuda,235,3940225,0.147,0.10200000000000001
NUMBER,Number,0.249,Millions,NUMBER,Number (real number),1986,Antigua and Barbuda,236,3944196,0.249,0.0
NUMBER,Number,0.275,Millions,NUMBER,Number (real number),1987,Antigua and Barbuda,237,3948169,0.249,0.026000000000000023
NUMBER,Number,0.286,Millions,NUMBER,Number (real number),1988,Antigua and Barbuda,238,3952144,0.275,0.010999999999999954
NUMBER,Number,0.286,Millions,NUMBER,Number (real number),1989,Antigua and Barbuda,239,3956121,0.286,0.0
NUMBER,Number,0.242,Millions,NUMBER,Number (real number),1990,Antigua and Barbuda,240,3960100,0.286,-0.043999999999999984
NUMBER,Number,0.249,Millions,NUMBER,Number (real number),1991,Antigua and Barbuda,241,3964081,0.242,0.007000000000000006
NUMBER,Number,0.249,Millions,NUMBER,Number (real number),1992,Antigua and Barbuda,242,3968064,0.249,0.0
NUMBER,Number,0.256,Millions,NUMBER,Number (real number),1993,Antigua and Barbuda,243,3972049,0.249,0.007000000000000006
NUMBER,Number,0.267,Millions,NUMBER,Number (real number),1994,Antigua and Barbuda,244,3976036,0.256,0.01100000000000001
NUMBER,Number,0.271,Millions,NUMBER,Number (real number),1995,Antigua and Barbuda,245,3980025,0.267,0.0040000000000000036
NUMBER,Number,0.289,Millions,NUMBER,Number (real number),1996,Antigua and Barbuda,246,3984016,0.271,0.01799999999999996
NUMBER,Number,0.311,Millions,NUMBER,Number (real number),1997,Antigua and Barbuda,247,3988009,0.289,0.02200000000000002
NUMBER,Number,0.322,Millions,NUMBER,Number (real number),1998,Antigua and Barbuda,248,3992004,0.311,0.01100000000000001
NUMBER,Number,0.344,Millions,NUMBER,Number (real number),1999,Antigua and Barbuda,249,3996001,0.322,0.021999999999999964
NUMBER,Number,0.355,Millions,NUMBER,Number (real number),2000,Antigua and Barbuda,250,4000000,0.344,0.01100000000000001
NUMBER,Number,0.37,Millions,NUMBER,Number (real number),2001,Antigua and Barbuda,251,4004001,0.355,0.015000000000000013
NUMBER,Number,0.407,Millions,NUMBER,Number (real number),2002,Antigua and Barbuda,252,4008004,0.37,0.03699999999999998
NUMBER,Number,0.429,Millions,NUMBER,Number (real number),2003,Antigua and Barbuda,253,4012009,0.407,0.02200000000000002
NUMBER,Number,0.451,Millions,NUMBER,Number (real number),2004,Antigua and Barbuda,254,4016016,0.429,0.02200000000000002
NUMBER,Number,0.48,Millions,NUMBER,Number (real number),2005,Antigua and Barbuda,255,4020025,0.451,0.02899999999999997
NUMBER,Number,0.517,Millions,NUMBER,Number (real number),2006,Antigua and Barbuda,256,4024036,0.48,0.03700000000000003
NUMBER,Number,0.535,Millions,NUMBER,Number (real number),2007,Antigua and Barbuda,257,4028049,0.517,0.018000000000000016
NUMBER,Number,0.539,Millions,NUMBER,Number (real number),2008,Antigua and Barbuda,258,4032064,0.535,0.0040000000000000036
NUMBER,Number,0.557,Millions,NUMBER,Number (real number),2009,Antigua and Barbuda,259,4036081,0.539,0.018000000000000016
NUMBER,Number,0.55,Millions,NUMBER,Number (real number),2010,Antigua and Barbuda,260,4040100,0.557,-0.007000000000000006
NUMBER,Number,0.546,Millions,NUMBER,Number (real number),2011,Antigua and Barbuda,261,4044121,0.55,-0.0040000000000000036
NUMBER,Number,0.557,Millions,NUMBER,Number (real number),2012,Antigua and Barbuda,262,4048144,0.546,0.01100000000000001
NUMBER,Number,0.557,Millions,NUMBER,Number (real number),2013,Antigua and Barbuda,263,4052169,0.557,0.0
NUMBER,Number,0.568,Millions,NUMBER,Number (real number),2014,Antigua and Barbuda,264,4056196,0.557,0.010999999999999899
NUMBER,Number,0.583,Millions,NUMBER,Number (real number),2015,Antigua and Barbuda,265,4060225,0.568,0.015000000000000013
NUMBER,Number,0.597,Millions,NUMBER,Number (real number),2016,Antigua and Barbuda,266,4064256,0.583,0.014000000000000012
NUMBER,Number,0.605,Millions,NUMBER,Number (real number),2017,Antigua and Barbuda,267,4068289,0.597,0.008000000000000007
NUMBER,Number,0.616,Millions,NUMBER,Number (real number),2018,Antigua and Barbuda,268,4072324,0.605,0.01100000000000001
NUMBER,Number,0.641,Millions,NUMBER,Number (real number),2019,Antigua and Barbuda,269,4076361,0.616,0.025000000000000022
NUMBER,Number,0.619,Millions,NUMBER,Number (real number),2020,Antigua and Barbuda,270,4080400,0.641,-0.02200000000000002
NUMBER,Number,0.638,Millions,NUMBER,Number (real number),2021,Antigua and Barbuda,271,4084441,0.619,0.019000000000000017
NUMBER,Number,0.618,Millions,NUMBER,Number (real number),2022,Antigua and Barbuda,272,4088484,0.638,-0.020000000000000018
NUMBER,Number,0.645,Millions,NUMBER,Number (real number),2023,Antigua and Barbuda,273,4092529,0.618,0.027000000000000024
NUMBER,Number,0.041,Millions,NUMBER,Number (real number),1857,Argentina,107,3448449,0.017,0.024
NUMBER,Number,0.053,Millions,NUMBER,Number (real number),1858,Argentina,108,3452164,0.041,0.011999999999999997
NUMBER,Number,0.034,Millions,NUMBER,Number (real number),1859,Argentina,109,3455881,0.053,-0.018999999999999996
NUMBER,Number,0.042,Millions,NUMBER,Number (real number),1860,Argentina,110,3459600,0.034,0.008
NUMBER,Number,0.05,Millions,NUMBER,Number (real number),1861,Argentina,111,3463321,0.042,0.008
NUMBER,Number,0.041,Millions,NUMBER,Number (real number),1862,Argentina,112,3467044,0.05,-0.009000000000000001
NUMBER,Number,0.061,Millions,NUMBER,Number (real number),1863,Argentina,113,3470769,0.041,0.019999999999999997
NUMBER,Number,0.052,Millions,NUMBER,Number (real number),1864,Argentina,114,3474496,0.061,-0.009000000000000001
NUMBER,Number,0.089,Millions,NUMBER,Number (real number),1865,Argentina,115,3478225,0.052,0.037
NUMBER,Number,0.141,Millions,NUMBER,Number (real number),1866,Argentina,116,3481956,0.089,0.05199999999999999
NUMBER,Number,0.102,Millions,NUMBER,Number (real number),1867,Argentina,117,3485689,0.141,-0.03899999999999999
NUMBER,Number,0.151,Millions,NUMBER,Number (real number),1868,Argentina,118,3489424,0.102,0.049
NUMBER,Number,0.175,Millions,NUMBER,Number (real number),1869,Argentina,119,3493161,0.151,0.023999999999999994
NUMBER,Number,0.16,Millions,NUMBER,Number (real number),1870,Argentina,120,3496900,0.175,-0.014999999999999986
NUMBER,Number,0.174,Millions,NUMBER,Number (real number),1871,Argentina,121,3500641,0.16,0.013999999999999985
NUMBER,Number,0.169,Millions,NUMBER,Number (real number),1872,Argentina,122,3504384,0.174,-0.004999999999999977
NUMBER,Number,0.188,Millions,NUMBER,Number (real number),1873,Argentina,123,3508129,0.169,0.01899999999999999
NUMBER,Number,0.223,Millions,NUMBER,Number (real number),1874,Argentina,124,3511876,0.188,0.035
NUMBER,Number,0.13,Millions,NUMBER,Number (real number),1875,Argentina,125,3515625,0.223,-0.093
NUMBER,Number,0.127,Millions,NUMBER,Number (real number),1876,Argentina,126,3519376,0.13,-0.0030000000000000027
NUMBER,Number,0.1,Millions,NUMBER,Number (real number),1877,Argentina,127,3523129,0.127,-0.026999999999999996
NUMBER,Number,0.081,Millions,NUMBER,Number (real number),1878,Argentina,128,3526884,0.1,-0.019000000000000003
NUMBER,Number,0.192,Millions,NUMBER,Number (real number),1879,Argentina,129,3530641,0.081,0.111
NUMBER,Number,0.194,Millions,NUMBER,Number (real number),1880,Argentina,130,3534400,0.192,0.0020000000000000018
NUMBER,Number,0.308,Millions,NUMBER,Number (real number),1881,Argentina,131,3538161,0.194,0.11399999999999999
NUMBER,Number,0.344,Millions,NUMBER,Number (real number),1882,Argentina,132,3541924,0.308,0.035999999999999976
NUMBER,Number,0.481,Millions,NUMBER,Number (real number),1883,Argentina,133,3545689,0.344,0.137
NUMBER,Number,0.657,Millions,NUMBER,Number (real number),1884,Argentina,134,3549456,0.481,0.17600000000000005
NUMBER,Number,0.762,Millions,NUMBER,Number (real number),1885,Argentina,135,3553225,0.657,0.10499999999999998
NUMBER,Number,0.784,Millions,NUMBER,Number (real number),1886,Argentina,136,3556996,0.762,0.02200000000000002
NUMBER,Number,1.208,Millions,NUMBER,Number (real number),1887,Argentina,137,3560769,0.784,0.42399999999999993
NUMBER,Number,1.199,Millions,NUMBER,Number (real number),1888,Argentina,138,3564544,1.208,-0.008999999999999897
NUMBER,Number,1.968,Millions,NUMBER,Number (real number),1889,Argentina,139,3568321,1.199,0.7689999999999999
NUMBER,Number,1.453,Millions,NUMBER,Number (real number),1890,Argentina,140,3572100,1.968,-0.5149999999999999
NUMBER,Number,1.084,Millions,NUMBER,Number (real number),1891,Argentina,141,3575881,1.453,-0.369
NUMBER,Number,1.685,Millions,NUMBER,Number (real number),1892,Argentina,142,3579664,1.084,0.601
NUMBER,Number,1.671,Millions,NUMBER,Number (real number),1893,Argentina,143,3583449,1.685,-0.014000000000000012
NUMBER,Number,1.947,Millions,NUMBER,Number (real number),1894,Argentina,144,3587236,1.671,0.276
NUMBER,Number,2.34,Millions,NUMBER,Number (real number),1895,Argentina,145,3591025,1.947,0.3929999999999998
NUMBER,Number,2.284,Millions,NUMBER,Number (real number),1896,Argentina,146,3594816,2.34,-0.05600000000000005
NUMBER,Number,2.237,Millions,NUMBER,Number (real number),1897,Argentina,147,3598609,2.284,-0.04699999999999971
NUMBER,Number,2.227,Millions,NUMBER,Number (real number),1898,Argentina,148,3602404,2.237,-0.010000000000000231
NUMBER,Number,2.643,Millions,NUMBER,Number (real number),1899,Argentina,149,3606201,2.227,0.4159999999999999
NUMBER,Number,2.026,Millions,NUMBER,Number (real number),1900,Argentina,150,3610000,2.643,-0.617
NUMBER,Number,2.408,Millions,NUMBER,Number (real number),1901,Argentina,151,3613801,2.026,0.3820000000000001
NUMBER,Number,2.555,Millions,NUMBER,Number (real number),1902,Argentina,152,3617604,2.408,0.14700000000000024
NUMBER,Number,2.923,Millions,NUMBER,Number (real number),1903,Argentina,153,3621409,2.555,0.3679999999999999
NUMBER,Number,3.739,Millions,NUMBER,Number (real number),1904,Argentina,154,3625216,2.923,0.8159999999999998
NUMBER,Number,4.655,Millions,NUMBER,Number (real number),1905,Argentina,155,3629025,3.739,0.9160000000000004
NUMBER,Number,6.214,Millions,NUMBER,Number (real number),1906,Argentina,156,3632836,4.655,1.5590000000000002
NUMBER,Number,5.458,Millions,NUMBER,Number (real number),1907,Argentina,157,3636649,6.214,-0.7560000000000002
NUMBER,Number,5.895,Millions,NUMBER,Number (real number),1908,Argentina,158,3640464,5.458,0.4369999999999994
NUMBER,Number,5.465,Millions,NUMBER,Number (real number),1909,Argentina,159,3644281,5.895,-0.4299999999999997
NUMBER,Number,6.925,Millions,NUMBER,Number (real number),1910,Argentina,160,3648100,5.465,1.46
NUMBER,Number,8.445,Millions,NUMBER,Number (real number),1911,Argentina,161,3651921,6.925,1.5200000000000005
NUMBER,Number,8.567,Millions,NUMBER,Number (real number),1912,Argentina,162,3655744,8.445,0.12199999999999989
NUMBER,Number,9.347,Millions,NUMBER,Number (real number),1913,Argentina,163,3659569,8.567,0.7799999999999994
NUMBER,Number,8.294,Millions,NUMBER,Number (real number),1914,Argentina,164,3663396,9.347,-1.052999999999999
NUMBER,Number,5.522,Millions,NUMBER,Number (real number),1915,Argentina,165,3667225,8.294,-2.7720000000000002
NUMBER,Number,4.215,Millions,NUMBER,Number (real number),1916,Argentina,166,3671056,5.522,-1.3070000000000004
NUMBER,Number,2.411,Millions,NUMBER,Number (real number),1917,Argentina,167,3674889,4.215,-1.8039999999999998
NUMBER,Number,1.569,Millions,NUMBER,Number (real number),1918,Argentina,168,3678724,2.411,-0.8420000000000001
NUMBER,Number,3.41,Millions,NUMBER,Number (real number),1919,Argentina,169,3682561,1.569,1.8410000000000002
NUMBER,Number,5.609,Millions,NUMBER,Number (real number),1920,Argentina,170,3686400,3.41,2.199
NUMBER,Number,4.761,Millions,NUMBER,Number (real number),1921,Argentina,171,3690241,5.609,-0.8479999999999999
NUMBER,Number,6.056,Millions,NUMBER,Number (real number),1922,Argentina,172,3694084,4.761,1.295
NUMBER,Number,7.343,Millions,NUMBER,Number (real number),1923,Argentina,173,3697929,6.056,1.287
NUMBER,Number,9.864,Millions,NUMBER,Number (real number),1924,Argentina,174,3701776,7.343,2.521000000000001
NUMBER,Number,10.157,Millions,NUMBER,Number (real number),1925,Argentina,175,3705625,9.864,0.29299999999999926
NUMBER,Number,10.323,Millions,NUMBER,Number (real number),1926,Argentina,176,3709476,10.157,0.16600000000000037
NUMBER,Number,12.499,Millions,NUMBER,Number (real number),1927,Argentina,177,3713329,10.323,2.176
NUMBER,Number,12.191,Millions,NUMBER,Number (real number),1928,Argentina,178,3717184,12.499,-0.30799999999999983
NUMBER,Number,12.607,Millions,NUMBER,Number (real number),1929,Argentina,179,3721041,12.191,0.4159999999999986
NUMBER,Number,12.338,Millions,NUMBER,Number (real number),1930,Argentina,180,3724900,12.607,-0.26900000000000013
NUMBER,Number,12.466,Millions,NUMBER,Number (real number),1931,Argentina,181,3728761,12.338,0.1280000000000001
NUMBER,Number,12.898,Millions,NUMBER,Number (real number),1932,Argentina,182,3732624,12.466,0.4320000000000004
NUMBER,Number,13.524,Millions,NUMBER,Number (real number),1933,Argentina,183,3736489,12.898,0.6259999999999994
NUMBER,Number,14.66,Millions,NUMBER,Number (real number),1934,Argentina,184,3740356,13.524,1.136000000000001
NUMBER,Number,14.432,Millions,NUMBER,Number (real number),1935,Argentina,185,3744225,14.66,-0.22799999999999976
NUMBER,Number,15.317,Millions,NUMBER,Number (real number),1936,Argentina,186,3748096,14.432,0.8849999999999998
NUMBER,Number,16.408,Millions,NUMBER,Number (real number),1937,Argentina,187,3751969,15.317,1.091000000000001
NUMBER,Number,16.175,Millions,NUMBER,Number (real number),1938,Argentina,188,3755844,16.408,-0.23300000000000054
NUMBER,Number,16.485,Millions,NUMBER,Number (real number),1939,Argentina,189,3759721,16.175,0.3099999999999987
NUMBER,Number,15.648,Millions,NUMBER,Number (real number),1940,Argentina,190,3763600,16.485,-0.8369999999999997
NUMBER,Number,13.94,Millions,NUMBER,Number (real number),1941,Argentina,191,3767481,15.648,-1.7080000000000002
NUMBER,Number,13.479,Millions,NUMBER,Number (real number),1942,Argentina,192,3771364,13.94,-0.4610000000000003
NUMBER,Number,14.077,Millions,NUMBER,Number (real number),1943,Argentina,193,3775249,13.479,0.5980000000000008
NUMBER,Number,13.952,Millions,NUMBER,Number (real number),1944,Argentina,194,3779136,14.077,-0.125
NUMBER,Number,13.666,Millions,NUMBER,Number (real number),1945,Argentina,195,3783025,13.952,-0.2859999999999996
NUMBER,Number,13.702,Millions,NUMBER,Number (real number),1946,Argentina,196,3786916,13.666,0.03599999999999959
NUMBER,Number,14.515,Millions,NUMBER,Number (real number),1947,Argentina,197,3790809,13.702,0.8130000000000006
NUMBER,Number,17.392,Millions,NUMBER,Number (real number),1948,Argentina,198,3794704,14.515,2.876999999999999
NUMBER,Number,15.365,Millions,NUMBER,Number (real number),1949,Argentina,199,3798601,17.392,-2.0269999999999992
NUMBER,Number,29.921,Millions,NUMBER,Number (real number),1950,Argentina,200,3802500,15.365,14.556
NUMBER,Number,34.963,Millions,NUMBER,Number (real number),1951,Argentina,201,3806401,29.921,5.042000000000002
NUMBER,Number,36.095,Millions,NUMBER,Number (real number),1952,Argentina,202,3810304,34.963,1.131999999999998
NUMBER,Number,35.135,Millions,NUMBER,Number (real number),1953,Argentina,203,3814209,36.095,-0.9600000000000009
NUMBER,Number,36.75,Millions,NUMBER,Number (real number),1954,Argentina,204,3818116,35.135,1.615000000000002
NUMBER,Number,39.56,Millions,NUMBER,Number (real number),1955,Argentina,205,3822025,36.75,2.8100000000000023
NUMBER,Number,44.297,Millions,NUMBER,Number (real number),1956,Argentina,206,3825936,39.56,4.736999999999995
NUMBER,Number,47.608,Millions,NUMBER,Number (real number),1957,Argentina,207,3829849,44.297,3.311
NUMBER,Number,44.193,Millions,NUMBER,Number (real number),1958,Argentina,208,3833764,47.608,-3.414999999999999
NUMBER,Number,48.949,Millions,NUMBER,Number (real number),1959,Argentina,209,3837681,44.193,4.756
NUMBER,Number,48.764,Millions,NUMBER,Number (real number),1960,Argentina,210,3841600,48.949,-0.18499999999999517
NUMBER,Number,51.127,Millions,NUMBER,Number (real number),1961,Argentina,211,3845521,48.764,2.3629999999999995
NUMBER,Number,53.64,Millions,NUMBER,Number (real number),1962,Argentina,212,3849444,51.127,2.512999999999998
NUMBER,Number,50.033,Millions,NUMBER,Number (real number),1963,Argentina,213,3853369,53.64,-3.6069999999999993
NUMBER,Number,55.67,Millions,NUMBER,Number (real number),1964,Argentina,214,3857296,50.033,5.6370000000000005
NUMBER,Number,58.805,Millions,NUMBER,Number (real number),1965,Argentina,215,3861225,55.67,3.134999999999998
NUMBER,Number,63.073,Millions,NUMBER,Number (real number),1966,Argentina,216,3865156,58.805,4.268000000000001
NUMBER,Number,65.476,Millions,NUMBER,Number (real number),1967,Argentina,217,3869089,63.073,2.4029999999999987
NUMBER,Number,69.009,Millions,NUMBER,Number (real number),1968,Argentina,218,3873024,65.476,3.5330000000000013
NUMBER,Number,77.249,Millions,NUMBER,Number (real number),1969,Argentina,219,3876961,69.009,8.239999999999995
NUMBER,Number,82.648,Millions,NUMBER,Number (real number),1970,Argentina,220,3880900,77.249,5.399000000000001
NUMBER,Number,88.847,Millions,NUMBER,Number (real number),1971,Argentina,221,3884841,82.648,6.198999999999998
NUMBER,Number,90.067,Millions,NUMBER,Number (real number),1972,Argentina,222,3888784,88.847,1.2199999999999989
NUMBER,Number,93.976,Millions,NUMBER,Number (real number),1973,Argentina,223,3892729,90.067,3.909000000000006
NUMBER,Number,95.48,Millions,NUMBER,Number (real number),1974,Argentina,224,3896676,93.976,1.5040000000000049
NUMBER,Number,94.845,Millions,NUMBER,Number (real number),1975,Argentina,225,3900625,95.48,-0.6350000000000051
NUMBER,Number,99.699,Millions,NUMBER,Number (real number),1976,Argentina,226,3904576,94.845,4.853999999999999
NUMBER,Number,100.706,Millions,NUMBER,Number (real number),1977,Argentina,227,3908529,99.699,1.007000000000005
NUMBER,Number,102.556,Millions,NUMBER,Number (real number),1978,Argentina,228,3912484,100.706,1.8499999999999943
NUMBER,Number,110.616,Millions,NUMBER,Number (real number),1979,Argentina,229,3916441,102.556,8.060000000000002
NUMBER,Number,108.656,Millions,NUMBER,Number (real number),1980,Argentina,230,3920400,110.616,-1.9599999999999937
NUMBER,Number,101.969,Millions,NUMBER,Number (real number),1981,Argentina,231,3924361,108.656,-6.687000000000012
NUMBER,Number,103.351,Millions,NUMBER,Number (real number),1982,Argentina,232,3928324,101.969,1.382000000000005
NUMBER,Number,105.142,Millions,NUMBER,Number (real number),1983,Argentina,233,3932289,103.351,1.7909999999999968
NUMBER,Number,106.452,Millions,NUMBER,Number (real number),1984,Argentina,234,3936256,105.142,1.3100000000000023
NUMBER,Number,100.531,Millions,NUMBER,Number (real number),1985,Argentina,235,3940225,106.452,-5.920999999999992
NUMBER,Number,104.15,Millions,NUMBER,Number (real number),1986,Argentina,236,3944196,100.531,3.6189999999999998
NUMBER,Number,114.877,Millions,NUMBER,Number (real number),1987,Argentina,237,3948169,104.15,10.72699999999999
NUMBER,Number,121.405,Millions,NUMBER,Number (real number),1988,Argentina,238,3952144,114.877,6.528000000000006
NUMBER,Number,117.02,Millions,NUMBER,Number (real number),1989,Argentina,239,3956121,121.405,-4.385000000000005
NUMBER,Number,112.149,Millions,NUMBER,Number (real number),1990,Argentina,240,3960100,117.02,-4.870999999999995
NUMBER,Number,117.755,Millions,NUMBER,Number (real number),1991,Argentina,241,3964081,112.149,5.6059999999999945
NUMBER,Number,121.535,Millions,NUMBER,Number (real number),1992,Argentina,242,3968064,117.755,3.780000000000001
NUMBER,Number,118.001,Millions,NUMBER,Number (real number),1993,Argentina,243,3972049,121.535,-3.533999999999992
NUMBER,Number,118.469,Millions,NUMBER,Number (real number),1994,Argentina,244,3976036,118.001,0.4679999999999893
NUMBER,Number,125.277,Millions,NUMBER,Number (real number),1995,Argentina,245,3980025,118.469,6.808000000000007
NUMBER,Number,131.15,Millions,NUMBER,Number (real number),1996,Argentina,246,3984016,125.277,5.873000000000005
NUMBER,Number,136.553,Millions,NUMBER,Number (real number),1997,Argentina,247,3988009,131.15,5.402999999999992
NUMBER,Number,139.32,Millions,NUMBER,Number (real number),1998,Argentina,248,3992004,136.553,2.766999999999996
NUMBER,Number,148.304,Millions,NUMBER,Number (real number),1999,Argentina,249,3996001,139.32,8.984000000000009
NUMBER,Number,143.469,Millions,NUMBER,Number (real number),2000,Argentina,250,4000000,148.304,-4.835000000000008
NUMBER,Number,135.137,Millions,NUMBER,Number (real number),2001,Argentina,251,4004001,143.469,-8.331999999999994
NUMBER,Number,124.931,Millions,NUMBER,Number (real number),2002,Argentina,252,4008004,135.137,-10.206000000000003
NUMBER,Number,134.481,Millions,NUMBER,Number (real number),2003,Argentina,253,4012009,124.931,9.549999999999997
NUMBER,Number,157.049,Millions,NUMBER,Number (real number),2004,Argentina,254,4016016,134.481,22.568000000000012
NUMBER,Number,161.589,Millions,NUMBER,Number (real number),2005,Argentina,255,4020025,157.049,4.539999999999992
NUMBER,Number,174.309,Millions,NUMBER,Number (real number),2006,Argentina,256,4024036,161.589,12.719999999999999
NUMBER,Number,173.581,Millions,NUMBER,Number (real number),2007,Argentina,257,4028049,174.309,-0.7280000000000086
NUMBER,Number,187.342,Millions,NUMBER,Number (real number),2008,Argentina,258,4032064,173.581,13.761000000000024
NUMBER,Number,178.181,Millions,NUMBER,Number (real number),2009,Argentina,259,4036081,187.342,-9.161000000000001
NUMBER,Number,185.946,Millions,NUMBER,Number (real number),2010,Argentina,260,4040100,178.181,7.764999999999986
NUMBER,Number,189.775,Millions,NUMBER,Number (real number),2011,Argentina,261,4044121,185.946,3.8290000000000077
NUMBER,Number,191.362,Millions,NUMBER,Number (real number),2012,Argentina,262,4048144,189.775,1.586999999999989
NUMBER,Number,189.538,Millions,NUMBER,Number (real number),2013,Argentina,263,4052169,191.362,-1.8239999999999839
NUMBER,Number,188.397,Millions,NUMBER,Number (real number),2014,Argentina,264,4056196,189.538,-1.1410000000000196
NUMBER,Number,191.744,Millions,NUMBER,Number (real number),2015,Argentina,265,4060225,188.397,3.3470000000000084
NUMBER,Number,189.92,Millions,NUMBER,Number (real number),2016,Argentina,266,4064256,191.744,-1.8240000000000123
NUMBER,Number,186.899,Millions,NUMBER,Number (real number),2017,Argentina,267,4068289,189.92,-3.0209999999999866
NUMBER,Number,180.599,Millions,NUMBER,Number (real number),2018,Argentina,268,4072324,186.899,-6.300000000000011
NUMBER,Number,178.508,Millions,NUMBER,Number (real number),2019,Argentina,269,4076361,180.599,-2.0909999999999798
NUMBER,Number,165.121,Millions,NUMBER,Number (real number),2020,Argentina,270,4080400,178.508,-13.387
NUMBER,Number,191.108,Millions,NUMBER,Number (real number),2021,Argentina,271,4084441,165.121,25.986999999999995
NUMBER,Number,204.081,Millions,NUMBER,Number (real number),2022,Argentina,272,4088484,191.108,12.972999999999985
NUMBER,Number,195.806,Millions,NUMBER,Number (real number),2023,Argentina,273,4092529,204.081,-8.274999999999977
NUMBER,Number,0.0,Millions,NUMBER,Number (real number),1831,Armenia,81,3352561,0.0,0.0
NUMBER,Number,0.0,Millions,NUMBER,Number (real number),1832,Armenia,82,3356224,0.0,0.0
NUMBER,Number,0.0,Millions,NUMBER,Number (real number),1833,Armenia,83,3359889,0.0,0.0
NUMBER,Number,0.0,Millions,NUMBER,Number (real number),1850,Armenia,100,3422500,0.0,0.0
NUMBER,Number,0.001,Millions,NUMBER,Number (real number),1855,Armenia,105,3441025,0.0,0.001
NUMBER,Number,0.001,Millions,NUMBER,Number (real number),1858,Armenia,108,3452164,0.001,0.0
NUMBER,Number,0.001,Millions,NUMBER,Number (real number),1859,Armenia,109,3455881,0.001,0.0
NUMBER,Number,0.001,Millions,NUMBER,Number (real number),1860,Armenia,110,3459600,0.001,0.0
NUMBER,Number,0.002,Millions,NUMBER,Number (real number),1861,Armenia,111,3463321,0.001,0.001
NUMBER,Number,0.002,Millions,NUMBER,Number (real number),1862,Armenia,112,3467044,0.002,0.0
NUMBER,Number,0.002,Millions,NUMBER,Number (real number),1863,Armenia,113,3470769,0.002,0.0
NUMBER,Number,0.002,Millions,NUMBER,Number (real number),1864,Armenia,114,3474496,0.002,0.0
NUMBER,Number,0.002,Millions,NUMBER,Number (real number),1865,Armenia,115,3478225,0.002,0.0
NUMBER,Number,0.006,Millions,NUMBER,Number (real number),1866,Armenia,116,3481956,0.002,0.004
NUMBER,Number,0.007,Millions,NUMBER,Number (real number),1867,Armenia,117,3485689,0.006,0.001
NUMBER,Number,0.006,Millions,NUMBER,Number (real number),1868,Armenia,118,3489424,0.007,-0.001
NUMBER,Number,0.008,Millions,NUMBER,Number (real number),1869,Armenia,119,3493161,0.006,0.002
NUMBER,Number,0.009,Millions,NUMBER,Number (real number),1870,Armenia,120,3496900,0.008,0.0009999999999999992
NUMBER,Number,0.012,Millions,NUMBER,Number (real number),1871,Armenia,121,3500641,0.009,0.003000000000000001
NUMBER,Number,0.012,Millions,NUMBER,Number (real number),1872,Armenia,122,3504384,0.012,0.0
NUMBER,Number,0.011,Millions,NUMBER,Number (real number),1873,Armenia,123,3508129,0.012,-0.0010000000000000009
NUMBER,Number,0.014,Millions,NUMBER,Number (real number),1874,Armenia,124,3511876,0.011,0.003000000000000001
NUMBER,Number,0.016,Millions,NUMBER,Number (real number),1875,Armenia,125,3515625,0.014,0.002
NUMBER,Number,0.019,Millions,NUMBER,Number (real number),1876,Armenia,126,3519376,0.016,0.002999999999999999
NUMBER,Number,0.02,Millions,NUMBER,Number (real number),1877,Armenia,127,3523129,0.019,0.0010000000000000009
NUMBER,Number,0.026,Millions,NUMBER,Number (real number),1878,Armenia,128,3526884,0.02,0.005999999999999998
NUMBER,Number,0.026,Millions,NUMBER,Number (real number),1879,Armenia,129,3530641,0.026,0.0
NUMBER,Number,0.031,Millions,NUMBER,Number (real number),1880,Armenia,130,3534400,0.026,0.005000000000000001
NUMBER,Number,0.033,Millions,NUMBER,Number (real number),1881,Armenia,131,3538161,0.031,0.0020000000000000018
NUMBER,Number,0.034,Millions,NUMBER,Number (real number),1882,Armenia,132,3541924,0.033,0.0010000000000000009
NUMBER,Number,0.039,Millions,NUMBER,Number (real number),1883,Armenia,133,3545689,0.034,0.0049999999999999975
NUMBER,Number,0.04,Millions,NUMBER,Number (real number),1884,Armenia,134,3549456,0.039,0.0010000000000000009
NUMBER,Number,0.043,Millions,NUMBER,Number (real number),1885,Armenia,135,3553225,0.04,0.0029999999999999957
NUMBER,Number,0.044,Millions,NUMBER,Number (real number),1886,Armenia,136,3556996,0.043,0.0010000000000000009
NUMBER,Number,0.047,Millions,NUMBER,Number (real number),1887,Armenia,137,3560769,0.044,0.0030000000000000027
NUMBER,Number,0.049,Millions,NUMBER,Number (real number),1888,Armenia,138,3564544,0.047,0.0020000000000000018
NUMBER,Number,0.053,Millions,NUMBER,Number (real number),1889,Armenia,139,3568321,0.049,0.003999999999999997
NUMBER,Number,0.06,Millions,NUMBER,Number (real number),1890,Armenia,140,3572100,0.053,0.006999999999999999
NUMBER,Number,0.066,Millions,NUMBER,Number (real number),1891,Armenia,141,3575881,0.06,0.006000000000000005
NUMBER,Number,0.07,Millions,NUMBER,Number (real number),1892,Armenia,142,3579664,0.066,0.0040000000000000036
NUMBER,Number,0.082,Millions,NUMBER,Number (real number),1893,Armenia,143,3583449,0.07,0.011999999999999997
NUMBER,Number,0.083,Millions,NUMBER,Number (real number),1894,Armenia,144,3587236,0.082,0.0010000000000000009
NUMBER,Number,0.096,Millions,NUMBER,Number (real number),1895,Armenia,145,3591025,0.083,0.012999999999999998
NUMBER,Number,0.098,Millions,NUMBER,Number (real number),1896,Armenia,146,3594816,0.096,0.0020000000000000018
NUMBER,Number,0.113,Millions,NUMBER,Number (real number),1897,Armenia,147,3598609,0.098,0.015
NUMBER,Number,0.127,Millions,NUMBER,Number (real number),1898,Armenia,148,3602404,0.113,0.013999999999999999
NUMBER,Number,0.147,Millions,NUMBER,Number (real number),1899,Armenia,149,3606201,0.127,0.01999999999999999
NUMBER,Number,0.166,Millions,NUMBER,Number (real number),1900,Armenia,150,3610000,0.147,0.019000000000000017
NUMBER,Number,0.171,Millions,NUMBER,Number (real number),1901,Armenia,151,3613801,0.166,0.0050000000000000044
NUMBER,Number,0.165,Millions,NUMBER,Number (real number),1902,Armenia,152,3617604,0.171,-0.006000000000000005
NUMBER,Number,0.161,Millions,NUMBER,Number (real number),1903,Armenia,153,3621409,0.165,-0.0040000000000000036
NUMBER,Number,0.179,Millions,NUMBER,Number (real number),1904,Armenia,154,3625216,0.161,0.017999999999999988
NUMBER,Number,0.16,Millions,NUMBER,Number (real number),1905,Armenia,155,3629025,0.179,-0.01899999999999999
NUMBER,Number,0.183,Millions,NUMBER,Number (real number),1906,Armenia,156,3632836,0.16,0.022999999999999993
NUMBER,Number,0.205,Millions,NUMBER,Number (real number),1907,Armenia,157,3636649,0.183,0.021999999999999992
NUMBER,Number,0.206,Millions,NUMBER,Number (real number),1908,Armenia,158,3640464,0.205,0.0010000000000000009
NUMBER,Number,0.217,Millions,NUMBER,Number (real number),1909,Armenia,159,3644281,0.206,0.01100000000000001
NUMBER,Number,0.213,Millions,NUMBER,Number (real number),1910,Armenia,160,3648100,0.217,-0.0040000000000000036
NUMBER,Number,0.221,Millions,NUMBER,Number (real number),1911,Armenia,161,3651921,0.213,0.008000000000000007
NUMBER,Number,0.25,Millions,NUMBER,Number (real number),1912,Armenia,162,3655744,0.221,0.028999999999999998
NUMBER,Number,0.272,Millions,NUMBER,Number (real number),1913,Armenia,163,3659569,0.25,0.02200000000000002
NUMBER,Number,0.245,Millions,NUMBER,Number (real number),1914,Armenia,164,3663396,0.272,-0.027000000000000024
NUMBER,Number,0.225,Millions,NUMBER,Number (real number),1915,Armenia,165,3667225,0.245,-0.01999999999999999
NUMBER,Number,0.24,Millions,NUMBER,Number (real number),1916,Armenia,166,3671056,0.225,0.014999999999999986
NUMBER,Number,0.221,Millions,NUMBER,Number (real number),1917,Armenia,167,3674889,0.24,-0.01899999999999999
NUMBER,Number,0.088,Millions,NUMBER,Number (real number),1918,Armenia,168,3678724,0.221,-0.133
NUMBER,Number,0.075,Millions,NUMBER,Number (real number),1919,Armenia,169,3682561,0.088,-0.012999999999999998
NUMBER,Number,0.069,Millions,NUMBER,Number (real number),1920,Armenia,170,3686400,0.075,-0.0059999999999999915
NUMBER,Number,0.074,Millions,NUMBER,Number (real number),1921,Armenia,171,3690241,0.069,0.0049999999999999906
NUMBER,Number,0.091,Millions,NUMBER,Number (real number),1922,Armenia,172,3694084,0.074,0.017
NUMBER,Number,0.1,Millions,NUMBER,Number (real number),1923,Armenia,173,3697929,0.091,0.009000000000000008
NUMBER,Number,0.119,Millions,NUMBER,Number (real number),1924,Armenia,174,3701776,0.1,0.01899999999999999
NUMBER,Number,0.118,Millions,NUMBER,Number (real number),1925,Armenia,175,3705625,0.119,-0.0010000000000000009
NUMBER,Number,0.171,Millions,NUMBER,Number (real number),1926,Armenia,176,3709476,0.118,0.05300000000000002
NUMBER,Number,0.212,Millions,NUMBER,Number (real number),1927,Armenia,177,3713329,0.171,0.04099999999999998
NUMBER,Number,0.233,Millions,NUMBER,Number (real number),1928,Armenia,178,3717184,0.212,0.02100000000000002
NUMBER,Number,0.251,Millions,NUMBER,Number (real number),1929,Armenia,179,3721041,0.233,0.017999999999999988
NUMBER,Number,0.343,Millions,NUMBER,Number (real number),1930,Armenia,180,3724900,0.251,0.09200000000000003
NUMBER,Number,0.412,Millions,NUMBER,Number (real number),1931,Armenia,181,3728761,0.343,0.06899999999999995
NUMBER,Number,0.464,Millions,NUMBER,Number (real number),1932,Armenia,182,3732624,0.412,0.052000000000000046
NUMBER,Number,0.519,Millions,NUMBER,Number (real number),1933,Armenia,183,3736489,0.464,0.05499999999999999
NUMBER,Number,0.628,Millions,NUMBER,Number (real number),1934,Armenia,184,3740356,0.519,0.10899999999999999
NUMBER,Number,0.709,Millions,NUMBER,Number (real number),1935,Armenia,185,3744225,0.628,0.08099999999999996
NUMBER,Number,0.812,Millions,NUMBER,Number (real number),1936,Armenia,186,3748096,0.709,0.10300000000000009
NUMBER,Number,0.831,Millions,NUMBER,Number (real number),1937,Armenia,187,3751969,0.812,0.018999999999999906
NUMBER,Number,0.877,Millions,NUMBER,Number (real number),1938,Armenia,188,3755844,0.831,0.04600000000000004
NUMBER,Number,0.888,Millions,NUMBER,Number (real number),1939,Armenia,189,3759721,0.877,0.01100000000000001
NUMBER,Number,1.065,Millions,NUMBER,Number (real number),1940,Armenia,190,3763600,0.888,0.17699999999999994
NUMBER,Number,0.935,Millions,NUMBER,Number (real number),1941,Armenia,191,3767481,1.065,-0.1299999999999999
NUMBER,Number,0.513,Millions,NUMBER,Number (real number),1942,Armenia,192,3771364,0.935,-0.42200000000000004
NUMBER,Number,0.536,Millions,NUMBER,Number (real number),1943,Armenia,193,3775249,0.513,0.02300000000000002
NUMBER,Number,0.777,Millions,NUMBER,Number (real number),1944,Armenia,194,3779136,0.536,0.241
NUMBER,Number,0.819,Millions,NUMBER,Number (real number),1945,Armenia,195,3783025,0.777,0.041999999999999926
NUMBER,Number,0.918,Millions,NUMBER,Number (real number),1946,Armenia,196,3786916,0.819,0.09900000000000009
NUMBER,Number,1.104,Millions,NUMBER,Number (real number),1947,Armenia,197,3790809,0.918,0.18600000000000005
NUMBER,Number,1.172,Millions,NUMBER,Number (real number),1948,Armenia,198,3794704,1.104,0.06799999999999984
NUMBER,Number,1.332,Millions,NUMBER,Number (real number),1949,Armenia,199,3798601,1.172,0.16000000000000014
NUMBER,Number,1.482,Millions,NUMBER,Number (real number),1950,Armenia,200,3802500,1.332,0.1499999999999999
NUMBER,Number,1.605,Millions,NUMBER,Number (real number),1951,Armenia,201,3806401,1.482,0.123
NUMBER,Number,1.718,Millions,NUMBER,Number (real number),1952,Armenia,202,3810304,1.605,0.11299999999999999
NUMBER,Number,1.817,Millions,NUMBER,Number (real number),1953,Armenia,203,3814209,1.718,0.09899999999999998
NUMBER,Number,1.983,Millions,NUMBER,Number (real number),1954,Armenia,204,3818116,1.817,0.16600000000000015
NUMBER,Number,2.248,Millions,NUMBER,Number (real number),1955,Armenia,205,3822025,1.983,0.2650000000000001
NUMBER,Number,2.467,Millions,NUMBER,Number (real number),1956,Armenia,206,3825936,2.248,0.21899999999999986
NUMBER,Number,2.701,Millions,NUMBER,Number (real number),1957,Armenia,207,3829849,2.467,0.23399999999999999
NUMBER,Number,2.884,Millions,NUMBER,Number (real number),1958,Armenia,208,3833764,2.701,0.18299999999999983
NUMBER,Number,3.032,Millions,NUMBER,Number (real number),1959,Armenia,209,3837681,2.884,0.14800000000000013
NUMBER,Number,3.158,Millions,NUMBER,Number (real number),1960,Armenia,210,3841600,3.032,0.1259999999999999
NUMBER,Number,3.26,Millions,NUMBER,Number (real number),1961,Armenia,211,3845521,3.158,0.10199999999999987
NUMBER,Number,3.427,Millions,NUMBER,Number (real number),1962,Armenia,212,3849444,3.26,0.16700000000000026
NUMBER,Number,3.68,Millions,NUMBER,Number (real number),1963,Armenia,213,3853369,3.427,0.2530000000000001
NUMBER,Number,3.918,Millions,NUMBER,Number (real number),1964,Armenia,214,3857296,3.68,0.238
NUMBER,Number,4.158,Millions,NUMBER,Number (real number),1965,Armenia,215,3861225,3.918,0.2400000000000002
NUMBER,Number,4.393,Millions,NUMBER,Number (real number),1966,Armenia,216,3865156,4.158,0.23499999999999943
NUMBER,Number,4.599,Millions,NUMBER,Number (real number),1967,Armenia,217,3869089,4.393,0.2060000000000004
NUMBER,Number,4.733,Millions,NUMBER,Number (real number),1968,Armenia,218,3873024,4.599,0.13399999999999945
NUMBER,Number,4.934,Millions,NUMBER,Number (real number),1969,Armenia,219,3876961,4.733,0.2010000000000005
NUMBER,Number,5.188,Millions,NUMBER,Number (real number),1970,Armenia,220,3880900,4.934,0.25399999999999956
NUMBER,Number,5.515,Millions,NUMBER,Number (real number),1971,Armenia,221,3884841,5.188,0.32699999999999996
NUMBER,Number,5.81,Millions,NUMBER,Number (real number),1972,Armenia,222,3888784,5.515,0.29499999999999993
NUMBER,Number,6.064,Millions,NUMBER,Number (real number),1973,Armenia,223,3892729,5.81,0.25400000000000045
NUMBER,Number,6.304,Millions,NUMBER,Number (real number),1974,Armenia,224,3896676,6.064,0.2400000000000002
NUMBER,Number,6.634,Millions,NUMBER,Number (real number),1975,Armenia,225,3900625,6.304,0.33000000000000007
NUMBER,Number,6.891,Millions,NUMBER,Number (real number),1976,Armenia,226,3904576,6.634,0.2569999999999997
NUMBER,Number,7.129,Millions,NUMBER,Number (real number),1977,Armenia,227,3908529,6.891,0.23799999999999955
NUMBER,Number,7.378,Millions,NUMBER,Number (real number),1978,Armenia,228,3912484,7.129,0.24900000000000055
NUMBER,Number,7.439,Millions,NUMBER,Number (real number),1979,Armenia,229,3916441,7.378,0.06099999999999994
NUMBER,Number,7.73,Millions,NUMBER,Number (real number),1980,Armenia,230,3920400,7.439,0.29100000000000037
NUMBER,Number,7.596,Millions,NUMBER,Number (real number),1981,Armenia,231,3924361,7.73,-0.13400000000000034
NUMBER,Number,7.741,Millions,NUMBER,Number (real number),1982,Armenia,232,3928324,7.596,0.14499999999999957
NUMBER,Number,7.857,Millions,NUMBER,Number (real number),1983,Armenia,233,3932289,7.741,0.11600000000000055
NUMBER,Number,7.931,Millions,NUMBER,Number (real number),1984,Armenia,234,3936256,7.857,0.07399999999999984
NUMBER,Number,8.546,Millions,NUMBER,Number (real number),1985,Armenia,235,3940225,7.931,0.6149999999999993
NUMBER,Number,8.138,Millions,NUMBER,Number (real number),1986,Armenia,236,3944196,8.546,-0.4079999999999995
NUMBER,Number,8.165,Millions,NUMBER,Number (real number),1987,Armenia,237,3948169,8.138,0.026999999999999247
NUMBER,Number,9.294,Millions,NUMBER,Number (real number),1988,Armenia,238,3952144,8.165,1.1290000000000013
NUMBER,Number,9.414,Millions,NUMBER,Number (real number),1989,Armenia,239,3956121,9.294,0.11999999999999922
NUMBER,Number,8.999,Millions,NUMBER,Number (real number),1990,Armenia,240,3960100,9.414,-0.41499999999999915
NUMBER,Number,7.38,Millions,NUMBER,Number (real number),1991,Armenia,241,3964081,8.999,-1.6190000000000007
NUMBER,Number,5.724,Millions,NUMBER,Number (real number),1992,Armenia,242,3968064,7.38,-1.6559999999999997
NUMBER,Number,2.51,Millions,NUMBER,Number (real number),1993,Armenia,243,3972049,5.724,-3.2140000000000004
NUMBER,Number,2.685,Millions,NUMBER,Number (real number),1994,Armenia,244,3976036,2.51,0.17500000000000027
NUMBER,Number,3.363,Millions,NUMBER,Number (real number),1995,Armenia,245,3980025,2.685,0.6779999999999999
NUMBER,Number,2.5,Millions,NUMBER,Number (real number),1996,Armenia,246,3984016,3.363,-0.863
NUMBER,Number,3.253,Millions,NUMBER,Number (real number),1997,Armenia,247,3988009,2.5,0.7530000000000001
NUMBER,Number,3.419,Millions,NUMBER,Number (real number),1998,Armenia,248,3992004,3.253,0.16599999999999993
NUMBER,Number,3.04,Millions,NUMBER,Number (real number),1999,Armenia,249,3996001,3.419,-0.379
NUMBER,Number,3.491,Millions,NUMBER,Number (real number),2000,Armenia,250,4000000,3.04,0.45100000000000007
NUMBER,Number,3.533,Millions,NUMBER,Number (real number),2001,Armenia,251,4004001,3.491,0.041999999999999815
NUMBER,Number,3.077,Millions,NUMBER,Number (real number),2002,Armenia,252,4008004,3.533,-0.45599999999999996
NUMBER,Number,3.456,Millions,NUMBER,Number (real number),2003,Armenia,253,4012009,3.077,0.379
NUMBER,Number,3.691,Millions,NUMBER,Number (real number),2004,Armenia,254,4016016,3.456,0.23499999999999988
NUMBER,Number,4.376,Millions,NUMBER,Number (real number),2005,Armenia,255,4020025,3.691,0.6850000000000005
NUMBER,Number,4.402,Millions,NUMBER,Number (real number),2006,Armenia,256,4024036,4.376,0.0259999999999998
NUMBER,Number,5.1,Millions,NUMBER,Number (real number),2007,Armenia,257,4028049,4.402,0.6979999999999995
NUMBER,Number,5.575,Millions,NUMBER,Number (real number),2008,Armenia,258,4032064,5.1,0.47500000000000053
NUMBER,Number,4.363,Millions,NUMBER,Number (real number),2009,Armenia,259,4036081,5.575,-1.2119999999999997
NUMBER,Number,4.253,Millions,NUMBER,Number (real number),2010,Armenia,260,4040100,4.363,-0.11000000000000032
NUMBER,Number,4.969,Millions,NUMBER,Number (real number),2011,Armenia,261,4044121,4.253,0.7160000000000002
NUMBER,Number,5.748,Millions,NUMBER,Number (real number),2012,Armenia,262,4048144,4.969,0.7789999999999999
NUMBER,Number,5.535,Millions,NUMBER,Number (real number),2013,Armenia,263,4052169,5.748,-0.21300000000000008
NUMBER,Number,5.604,Millions,NUMBER,Number (real number),2014,Armenia,264,4056196,5.535,0.06899999999999995
NUMBER,Number,5.469,Millions,NUMBER,Number (real number),2015,Armenia,265,4060225,5.604,-0.1349999999999998
NUMBER,Number,5.203,Millions,NUMBER,Number (real number),2016,Armenia,266,4064256,5.469,-0.266
NUMBER,Number,5.54,Millions,NUMBER,Number (real number),2017,Armenia,267,4068289,5.203,0.33699999999999974
NUMBER,Number,5.822,Millions,NUMBER,Number (real number),2018,Armenia,268,4072324,5.54,0.28200000000000003
NUMBER,Number,6.284,Millions,NUMBER,Number (real number),2019,Armenia,269,4076361,5.822,0.46199999999999974
NUMBER,Number,6.795,Millions,NUMBER,Number (real number),2020,Armenia,270,4080400,6.284,0.5110000000000001
NUMBER,Number,7.417,Millions,NUMBER,Number (real number),2021,Armenia,271,4084441,6.795,0.6219999999999999
NUMBER,Number,7.165,Millions,NUMBER,Number (real number),2022,Armenia,272,4088484,7.417,-0.2519999999999998
NUMBER,Number,7.608,Millions,NUMBER,Number (real number),2023,Armenia,273,4092529,7.165,0.4429999999999996
NUMBER,Number,0.0,Millions,NUMBER,Number (real number),1927,Aruba,177,3713329,0.0,0.0
NUMBER,Number,0.0,Millions,NUMBER,Number (real number),1928,Aruba,178,3717184,0.0,0.0
NUMBER,Number,0.0,Millions,NUMBER,Number (real number),1929,Aruba,179,3721041,0.0,0.0
NUMBER,Number,0.0,Millions,NUMBER,Number (real number),1930,Aruba,180,3724900,0.0,0.0
NUMBER,Number,0.0,Millions,NUMBER,Number (real number),1931,Aruba,181,3728761,0.0,0.0
NUMBER,Number,0.0,Millions,NUMBER,Number (real number),1932,Aruba,182,3732624,0.0,0.0
NUMBER,Number,0.0,Millions,NUMBER,Number (real number),1933,Aruba,183,3736489,0.0,0.0
NUMBER,Number,0.0,Millions,NUMBER,Number (real number),1934,Aruba,184,3740356,0.0,0.0
NUMBER,Number,0.0,Millions,NUMBER,Number (real number),1935,Aruba,185,3744225,0.0,0.0
NUMBER,Number,0.0,Millions,NUMBER,Number (real number),1936,Aruba,186,3748096,0.0,0.0
NUMBER,Number,0.0,Millions,NUMBER,Number (real number),1937,Aruba,187,3751969,0.0,0.0
NUMBER,Number,0.0,Millions,NUMBER,Number (real number),1938,Aruba,188,3755844,0.0,0.0
NUMBER,Number,0.0,Millions,NUMBER,Number (real number),1939,Aruba,189,3759721,0.0,0.0
NUMBER,Number,0.0,Millions,NUMBER,Number (real number),1940,Aruba,190,3763600,0.0,0.0
NUMBER,Number,0.0,Millions,NUMBER,Number (real number),1941,Aruba,191,3767481,0.0,0.0
NUMBER,Number,0.0,Millions,NUMBER,Number (real number),1942,Aruba,192,3771364,0.0,0.0
NUMBER,Number,0.0,Millions,NUMBER,Number (real number),1943,Aruba,193,3775249,0.0,0.0
NUMBER,Number,0.0,Millions,NUMBER,Number (real number),1944,Aruba,194,3779136,0.0,0.0
NUMBER,Number,0.0,Millions,NUMBER,Number (real number),1945,Aruba,195,3783025,0.0,0.0
NUMBER,Number,0.0,Millions,NUMBER,Number (real number),1946,Aruba,196,3786916,0.0,0.0
NUMBER,Number,0.0,Millions,NUMBER,Number (real number),1947,Aruba,197,3790809,0.0,0.0
NUMBER,Number,0.0,Millions,NUMBER,Number (real number),1948,Aruba,198,3794704,0.0,0.0
NUMBER,Number,0.0,Millions,NUMBER,Number (real number),1949,Aruba,199,3798601,0.0,0.0
NUMBER,Number,0.41,Millions,NUMBER,Number (real number),1950,Aruba,200,3802500,0.0,0.41
NUMBER,Number,0.646,Millions,NUMBER,Number (real number),1951,Aruba,201,3806401,0.41,0.23600000000000004
NUMBER,Number,0.373,Millions,NUMBER,Number (real number),1952,Aruba,202,3810304,0.646,-0.273
NUMBER,Number,0.432,Millions,NUMBER,Number (real number),1953,Aruba,203,3814209,0.373,0.059
NUMBER,Number,0.873,Millions,NUMBER,Number (real number),1954,Aruba,204,3818116,0.432,0.441
NUMBER,Number,0.722,Millions,NUMBER,Number (real number),1955,Aruba,205,3822025,0.873,-0.15100000000000002
NUMBER,Number,0.934,Millions,NUMBER,Number (real number),1956,Aruba,206,3825936,0.722,0.21200000000000008
NUMBER,Number,0.638,Millions,NUMBER,Number (real number),1957,Aruba,207,3829849,0.934,-0.29600000000000004
NUMBER,Number,0.559,Millions,NUMBER,Number (real number),1958,Aruba,208,3833764,0.638,-0.07899999999999996
NUMBER,Number,0.719,Millions,NUMBER,Number (real number),1959,Aruba,209,3837681,0.559,0.15999999999999992
NUMBER,Number,0.619,Millions,NUMBER,Number (real number),1960,Aruba,210,3841600,0.719,-0.09999999999999998
NUMBER,Number,0.646,Millions,NUMBER,Number (real number),1961,Aruba,211,3845521,0.619,0.027000000000000024
NUMBER,Number,0.709,Millions,NUMBER,Number (real number),1962,Aruba,212,3849444,0.646,0.06299999999999994
NUMBER,Number,0.679,Millions,NUMBER,Number (real number),1963,Aruba,213,3853369,0.709,-0.029999999999999916
NUMBER,Number,0.66,Millions,NUMBER,Number (real number),1964,Aruba,214,3857296,0.679,-0.019000000000000017
NUMBER,Number,0.592,Millions,NUMBER,Number (real number),1965,Aruba,215,3861225,0.66,-0.06800000000000006
NUMBER,Number,0.554,Millions,NUMBER,Number (real number),1966,Aruba,216,3865156,0.592,-0.03799999999999992
NUMBER,Number,0.682,Millions,NUMBER,Number (real number),1967,Aruba,217,3869089,0.554,0.128
NUMBER,Number,0.635,Millions,NUMBER,Number (real number),1968,Aruba,218,3873024,0.682,-0.04700000000000004
NUMBER,Number,0.83,Millions,NUMBER,Number (real number),1969,Aruba,219,3876961,0.635,0.19499999999999995
NUMBER,Number,0.929,Millions,NUMBER,Number (real number),1970,Aruba,220,3880900,0.83,0.09900000000000009
NUMBER,Number,0.808,Millions,NUMBER,Number (real number),1971,Aruba,221,3884841,0.929,-0.121
NUMBER,Number,0.784,Millions,NUMBER,Number (real number),1972,Aruba,222,3888784,0.808,-0.02400000000000002
NUMBER,Number,0.869,Millions,NUMBER,Number (real number),1973,Aruba,223,3892729,0.784,0.08499999999999996
NUMBER,Number,0.788,Millions,NUMBER,Number (real number),1974,Aruba,224,3896676,0.869,-0.08099999999999996
NUMBER,Number,0.571,Millions,NUMBER,Number (real number),1975,Aruba,225,3900625,0.788,-0.21700000000000008
NUMBER,Number,1.219,Millions,NUMBER,Number (real number),1976,Aruba,226,3904576,0.571,0.6480000000000001
NUMBER,Number,0.637,Millions,NUMBER,Number (real number),1977,Aruba,227,3908529,1.219,-0.5820000000000001
NUMBER,Number,0.542,Millions,NUMBER,Number (real number),1978,Aruba,228,3912484,0.637,-0.09499999999999997
NUMBER,Number,0.569,Millions,NUMBER,Number (real number),1979,Aruba,229,3916441,0.542,0.026999999999999913
NUMBER,Number,0.585,Millions,NUMBER,Number (real number),1980,Aruba,230,3920400,0.569,0.016000000000000014
NUMBER,Number,0.558,Millions,NUMBER,Number (real number),1981,Aruba,231,3924361,0.585,-0.026999999999999913
NUMBER,Number,0.623,Millions,NUMBER,Number (real number),1982,Aruba,232,3928324,0.558,0.06499999999999995
NUMBER,Number,0.32,Millions,NUMBER,Number (real number),1983,Aruba,233,3932289,0.623,-0.303
NUMBER,Number,0.8,Millions,NUMBER,Number (real number),1984,Aruba,234,3936256,0.32,0.48000000000000004
NUMBER,Number,0.937,Millions,NUMBER,Number (real number),1985,Aruba,235,3940225,0.8,0.137
NUMBER,Number,0.18,Millions,NUMBER,Number (real number),1986,Aruba,236,3944196,0.937,-0.7570000000000001
NUMBER,Number,0.447,Millions,NUMBER,Number (real number),1987,Aruba,237,3948169,0.18,0.267
NUMBER,Number,0.612,Millions,NUMBER,Number (real number),1988,Aruba,238,3952144,0.447,0.16499999999999998
NUMBER,Number,0.649,Millions,NUMBER,Number (real number),1989,Aruba,239,3956121,0.612,0.03700000000000003
NUMBER,Number,0.487,Millions,NUMBER,Number (real number),1990,Aruba,240,3960100,0.649,-0.16200000000000003
NUMBER,Number,0.531,Millions,NUMBER,Number (real number),1991,Aruba,241,3964081,0.487,0.04400000000000004
NUMBER,Number,0.539,Millions,NUMBER,Number (real number),1992,Aruba,242,3968064,0.531,0.008000000000000007
NUMBER,Number,0.649,Millions,NUMBER,Number (real number),1993,Aruba,243,3972049,0.539,0.10999999999999999
NUMBER,Number,0.66,Millions,NUMBER,Number (real number),1994,Aruba,244,3976036,0.649,0.01100000000000001
NUMBER,Number,0.707,Millions,NUMBER,Number (real number),1995,Aruba,245,3980025,0.66,0.04699999999999993
NUMBER,Number,0.725,Millions,NUMBER,Number (real number),1996,Aruba,246,3984016,0.707,0.018000000000000016
NUMBER,Number,0.758,Millions,NUMBER,Number (real number),1997,Aruba,247,3988009,0.725,0.03300000000000003
NUMBER,Number,0.806,Millions,NUMBER,Number (real number),1998,Aruba,248,3992004,0.758,0.04800000000000004
NUMBER,Number,0.81,Millions,NUMBER,Number (real number),1999,Aruba,249,3996001,0.806,0.0040000000000000036
NUMBER,Number,2.378,Millions,NUMBER,Number (real number),2000,Aruba,250,4000000,0.81,1.568
NUMBER,Number,2.407,Millions,NUMBER,Number (real number),2001,Aruba,251,4004001,2.378,0.028999999999999915
NUMBER,Number,2.437,Millions,NUMBER,Number (real number),2002,Aruba,252,4008004,2.407,0.029999999999999805
NUMBER,Number,2.561,Millions,NUMBER,Number (real number),2003,Aruba,253,4012009,2.437,0.12400000000000011
NUMBER,Number,2.616,Millions,NUMBER,Number (real number),2004,Aruba,254,4016016,2.561,0.05500000000000016
NUMBER,Number,2.719,Millions,NUMBER,Number (real number),2005,Aruba,255,4020025,2.616,0.10299999999999976
NUMBER,Number,2.715,Millions,NUMBER,Number (real number),2006,Aruba,256,4024036,2.719,-0.0040000000000000036
NUMBER,Number,2.821,Millions,NUMBER,Number (real number),2007,Aruba,257,4028049,2.715,0.10600000000000032
NUMBER,Number,2.656,Millions,NUMBER,Number (real number),2008,Aruba,258,4032064,2.821,-0.16500000000000004
NUMBER,Number,2.627,Millions,NUMBER,Number (real number),2009,Aruba,259,4036081,2.656,-0.02900000000000036
NUMBER,Number,2.506,Millions,NUMBER,Number (real number),2010,Aruba,260,4040100,2.627,-0.121
NUMBER,Number,2.499,Millions,NUMBER,Number (real number),2011,Aruba,261,4044121,2.506,-0.006999999999999673
NUMBER,Number,1.348,Millions,NUMBER,Number (real number),2012,Aruba,262,4048144,2.499,-1.151
NUMBER,Number,0.861,Millions,NUMBER,Number (real number),2013,Aruba,263,4052169,1.348,-0.4870000000000001
NUMBER,Number,0.872,Millions,NUMBER,Number (real number),2014,Aruba,264,4056196,0.861,0.01100000000000001
NUMBER,Number,0.898,Millions,NUMBER,Number (real number),2015,Aruba,265,4060225,0.872,0.026000000000000023
NUMBER,Number,0.883,Millions,NUMBER,Number (real number),2016,Aruba,266,4064256,0.898,-0.015000000000000013
NUMBER,Number,0.89,Millions,NUMBER,Number (real number),2017,Aruba,267,4068289,0.883,0.007000000000000006
NUMBER,Number,0.872,Millions,NUMBER,Number (real number),2018,Aruba,268,4072324,0.89,-0.018000000000000016
NUMBER,Number,0.828,Millions,NUMBER,Number (real number),2019,Aruba,269,4076361,0.872,-0.04400000000000004
NUMBER,Number,0.821,Millions,NUMBER,Number (real number),2020,Aruba,270,4080400,0.828,-0.007000000000000006
NUMBER,Number,0.857,Millions,NUMBER,Number (real number),2021,Aruba,271,4084441,0.821,0.03600000000000003
NUMBER,Number,0.831,Millions,NUMBER,Number (real number),2022,Aruba,272,4088484,0.857,-0.026000000000000023
NUMBER,Number,0.867,Millions,NUMBER,Number (real number),2023,Aruba,273,4092529,0.831,0.03600000000000003
NUMBER,Number,0.0,Millions,NUMBER,Number (real number),1751,Australia,1,3066001,0.0,0.0
NUMBER,Number,0.0,Millions,NUMBER,Number (real number),1752,Australia,2,3069504,0.0,0.0
NUMBER,Number,0.0,Millions,NUMBER,Number (real number),1753,Australia,3,3073009,0.0,0.0
NUMBER,Number,0.0,Millions,NUMBER,Number (real number),1754,Australia,4,3076516,0.0,0.0
NUMBER,Number,0.0,Millions,NUMBER,Number (real number),1755,Australia,5,3080025,0.0,0.0
NUMBER,Number,0.0,Millions,NUMBER,Number (real number),1756,Australia,6,3083536,0.0,0.0
NUMBER,Number,0.0,Millions,NUMBER,Number (real number),1757,Australia,7,3087049,0.0,0.0
NUMBER,Number,0.0,Millions,NUMBER,Number (real number),1758,Australia,8,3090564,0.0,0.0
NUMBER,Number,0.0,Millions,NUMBER,Number (real number),1759,Australia,9,3094081,0.0,0.0
NUMBER,Number,0.0,Millions,NUMBER,Number (real number),1760,Australia,10,3097600,0.0,0.0
NUMBER,Number,0.0,Millions,NUMBER,Number (real number),1761,Australia,11,3101121,0.0,0.0
NUMBER,Number,0.0,Millions,NUMBER,Number (real number),1762,Australia,12,3104644,0.0,0.0
NUMBER,Number,0.0,Millions,NUMBER,Number (real number),1763,Australia,13,3108169,0.0,0.0
NUMBER,Number,0.0,Millions,NUMBER,Number (real number),1764,Australia,14,3111696,0.0,0.0
NUMBER,Number,0.0,Millions,NUMBER,Number (real number),1765,Australia,15,3115225,0.0,0.0
NUMBER,Number,0.0,Millions,NUMBER,Number (real number),1766,Australia,16,3118756,0.0,0.0
NUMBER,Number,0.0,Millions,NUMBER,Number (real number),1767,Australia,17,3122289,0.0,0.0
NUMBER,Number,0.0,Millions,NUMBER,Number (real number),1768,Australia,18,3125824,0.0,0.0
NUMBER,Number,0.0,Millions,NUMBER,Number (real number),1769,Australia,19,3129361,0.0,0.0
NUMBER,Number,0.0,Millions,NUMBER,Number (real number),1770,Australia,20,3132900,0.0,0.0
NUMBER,Number,0.0,Millions,NUMBER,Number (real number),1771,Australia,21,3136441,0.0,0.0
NUMBER,Number,0.0,Millions,NUMBER,Number (real number),1772,Australia,22,3139984,0.0,0.0
NUMBER,Number,0.0,Millions,NUMBER,Number (real number),1773,Australia,23,3143529,0.0,0.0
NUMBER,Number,0.0,Millions,NUMBER,Number (real number),1774,Australia,24,3147076,0.0,0.0
NUMBER,Number,0.0,Millions,NUMBER,Number (real number),1775,Australia,25,3150625,0.0,0.0
NUMBER,Number,0.0,Millions,NUMBER,Number (real number),1776,Australia,26,3154176,0.0,0.0
NUMBER,Number,0.0,Millions,NUMBER,Number (real number),1777,Australia,27,3157729,0.0,0.0
NUMBER,Number,0.0,Millions,NUMBER,Number (real number),1778,Australia,28,3161284,0.0,0.0
NUMBER,Number,0.0,Millions,NUMBER,Number (real number),1779,Australia,29,3164841,0.0,0.0
NUMBER,Number,0.0,Millions,NUMBER,Number (real number),1780,Australia,30,3168400,0.0,0.0
NUMBER,Number,0.0,Millions,NUMBER,Number (real number),1781,Australia,31,3171961,0.0,0.0
NUMBER,Number,0.0,Millions,NUMBER,Number (real number),1782,Australia,32,3175524,0.0,0.0
NUMBER,Number,0.0,Millions,NUMBER,Number (real number),1783,Australia,33,3179089,0.0,0.0
NUMBER,Number,0.0,Millions,NUMBER,Number (real number),1784,Australia,34,3182656,0.0,0.0
NUMBER,Number,0.0,Millions,NUMBER,Number (real number),1785,Australia,35,3186225,0.0,0.0
NUMBER,Number,0.0,Millions,NUMBER,Number (real number),1786,Australia,36,3189796,0.0,0.0
NUMBER,Number,0.0,Millions,NUMBER,Number (real number),1787,Australia,37,3193369,0.0,0.0
NUMBER,Number,0.0,Millions,NUMBER,Number (real number),1788,Australia,38,3196944,0.0,0.0
NUMBER,Number,0.0,Millions,NUMBER,Number (real number),1789,Australia,39,3200521,0.0,0.0
NUMBER,Number,0.0,Millions,NUMBER,Number (real number),1790,Australia,40,3204100,0.0,0.0
NUMBER,Number,0.0,Millions,NUMBER,Number (real number),1791,Australia,41,3207681,0.0,0.0
NUMBER,Number,0.0,Millions,NUMBER,Number (real number),1792,Australia,42,3211264,0.0,0.0
NUMBER,Number,0.0,Millions,NUMBER,Number (real number),1793,Australia,43,3214849,0.0,0.0
NUMBER,Number,0.0,Millions,NUMBER,Number (real number),1794,Australia,44,3218436,0.0,0.0
NUMBER,Number,0.0,Millions,NUMBER,Number (real number),1795,Australia,45,3222025,0.0,0.0
NUMBER,Number,0.0,Millions,NUMBER,Number (real number),1796,Australia,46,3225616,0.0,0.0
NUMBER,Number,0.0,Millions,NUMBER,Number (real number),1797,Australia,47,3229209,0.0,0.0
NUMBER,Number,0.0,Millions,NUMBER,Number (real number),1798,Australia,48,3232804,0.0,0.0
NUMBER,Number,0.0,Millions,NUMBER,Number (real number),1799,Australia,49,3236401,0.0,0.0
NUMBER,Number,0.0,Millions,NUMBER,Number (real number),1800,Australia,50,3240000,0.0,0.0
NUMBER,Number,0.0,Millions,NUMBER,Number (real number),1801,Australia,51,3243601,0.0,0.0
NUMBER,Number,0.0,Millions,NUMBER,Number (real number),1802,Australia,52,3247204,0.0,0.0
NUMBER,Number,0.0,Millions,NUMBER,Number (real number),1803,Australia,53,3250809,0.0,0.0
NUMBER,Number,0.0,Millions,NUMBER,Number (real number),1804,Australia,54,3254416,0.0,0.0
NUMBER,Number,0.0,Millions,NUMBER,Number (real number),1805,Australia,55,3258025,0.0,0.0
NUMBER,Number,0.001,Millions,NUMBER,Number (real number),1806,Australia,56,3261636,0.0,0.001
NUMBER,Number,0.001,Millions,NUMBER,Number (real number),1807,Australia,57,3265249,0.001,0.0
NUMBER,Number,0.001,Millions,NUMBER,Number (real number),1808,Australia,58,3268864,0.001,0.0
NUMBER,Number,0.001,Millions,NUMBER,Number (real number),1809,Australia,59,3272481,0.001,0.0
NUMBER,Number,0.001,Millions,NUMBER,Number (real number),1810,Australia,60,3276100,0.001,0.0
NUMBER,Number,0.002,Millions,NUMBER,Number (real number),1811,Australia,61,3279721,0.001,0.001
NUMBER,Number,0.002,Millions,NUMBER,Number (real number),1812,Australia,62,3283344,0.002,0.0
NUMBER,Number,0.003,Millions,NUMBER,Number (real number),1813,Australia,63,3286969,0.002,0.001
NUMBER,Number,0.003,Millions,NUMBER,Number (real number),1814,Australia,64,3290596,0.003,0.0
NUMBER,Number,0.003,Millions,NUMBER,Number (real number),1815,Australia,65,3294225,0.003,0.0
NUMBER,Number,0.002,Millions,NUMBER,Number (real number),1816,Australia,66,3297856,0.003,-0.001
NUMBER,Number,0.002,Millions,NUMBER,Number (real number),1817,Australia,67,3301489,0.002,0.0
NUMBER,Number,0.002,Millions,NUMBER,Number (real number),1818,Australia,68,3305124,0.002,0.0
NUMBER,Number,0.004,Millions,NUMBER,Number (real number),1819,Australia,69,3308761,0.002,0.002
NUMBER,Number,0.006,Millions,NUMBER,Number (real number),1820,Australia,70,3312400,0.004,0.002
NUMBER,Number,0.003,Millions,NUMBER,Number (real number),1821,Australia,71,3316041,0.006,-0.003
NUMBER,Number,0.004,Millions,NUMBER,Number (real number),1822,Australia,72,3319684,0.003,0.001
NUMBER,Number,0.005,Millions,NUMBER,Number (real number),1823,Australia,73,3323329,0.004,0.001
NUMBER,Number,0.005,Millions,NUMBER,Number (real number),1824,Australia,74,3326976,0.005,0.0
NUMBER,Number,0.003,Millions,NUMBER,Number (real number),1825,Australia,75,3330625,0.005,-0.002
NUMBER,Number,0.006,Millions,NUMBER,Number (real number),1826,Australia,76,3334276,0.003,0.003
NUMBER,Number,0.006,Millions,NUMBER,Number (real number),1827,Australia,77,3337929,0.006,0.0
NUMBER,Number,0.004,Millions,NUMBER,Number (real number),1828,Australia,78,3341584,0.006,-0.002
NUMBER,Number,0.006,Millions,NUMBER,Number (real number),1829,Australia,79,3345241,0.004,0.002
NUMBER,Number,0.006,Millions,NUMBER,Number (real number),1830,Australia,80,3348900,0.006,0.0
NUMBER,Number,0.001,Millions,NUMBER,Number (real number),1831,Australia,81,3352561,0.006,-0.005
NUMBER,Number,0.011,Millions,NUMBER,Number (real number),1832,Australia,82,3356224,0.001,0.009999999999999998
NUMBER,Number,0.011,Millions,NUMBER,Number (real number),1833,Australia,83,3359889,0.011,0.0
NUMBER,Number,0.013,Millions,NUMBER,Number (real number),1834,Australia,84,3363556,0.011,0.002
NUMBER,Number,0.019,Millions,NUMBER,Number (real number),1835,Australia,85,3367225,0.013,0.006
NUMBER,Number,0.02,Millions,NUMBER,Number (real number),1836,Australia,86,3370896,0.019,0.0010000000000000009
NUMBER,Number,0.025,Millions,NUMBER,Number (real number),1837,Australia,87,3374569,0.02,0.005000000000000001
NUMBER,Number,0.027,Millions,NUMBER,Number (real number),1838,Australia,88,3378244,0.025,0.0019999999999999983
NUMBER,Number,0.033,Millions,NUMBER,Number (real number),1839,Australia,89,3381921,0.027,0.006000000000000002
NUMBER,Number,0.048,Millions,NUMBER,Number (real number),1840,Australia,90,3385600,0.033,0.015
NUMBER,Number,0.055,Millions,NUMBER,Number (real number),1841,Australia,91,3389281,0.048,0.006999999999999999
NUMBER,Number,0.063,Millions,NUMBER,Number (real number),1842,Australia,92,3392964,0.055,0.008
NUMBER,Number,0.041,Millions,NUMBER,Number (real number),1843,Australia,93,3396649,0.063,-0.022
NUMBER,Number,0.036,Millions,NUMBER,Number (real number),1844,Australia,94,3400336,0.041,-0.0050000000000000044
NUMBER,Number,0.035,Millions,NUMBER,Number (real number),1845,Australia,95,3404025,0.036,-0.000999999999999994
NUMBER,Number,0.061,Millions,NUMBER,Number (real number),1846,Australia,96,3407716,0.035,0.025999999999999995
NUMBER,Number,0.064,Millions,NUMBER,Number (real number),1847,Australia,97,3411409,0.061,0.0030000000000000027
NUMBER,Number,0.072,Millions,NUMBER,Number (real number),1848,Australia,98,3415104,0.064,0.007999999999999993
NUMBER,Number,0.076,Millions,NUMBER,Number (real number),1849,Australia,99,3418801,0.072,0.0040000000000000036
NUMBER,Number,0.112,Millions,NUMBER,Number (real number),1850,Australia,100,3422500,0.076,0.036000000000000004
NUMBER,Number,0.106,Millions,NUMBER,Number (real number),1851,Australia,101,3426201,0.112,-0.006000000000000005
NUMBER,Number,0.106,Millions,NUMBER,Number (real number),1852,Australia,102,3429904,0.106,0.0
NUMBER,Number,0.152,Millions,NUMBER,Number (real number),1853,Australia,103,3433609,0.106,0.046
NUMBER,Number,0.184,Millions,NUMBER,Number (real number),1854,Australia,104,3437316,0.152,0.032
NUMBER,Number,0.216,Millions,NUMBER,Number (real number),1855,Australia,105,3441025,0.184,0.032
NUMBER,Number,0.299,Millions,NUMBER,Number (real number),1856,Australia,106,3444736,0.216,0.08299999999999999
NUMBER,Number,0.331,Millions,NUMBER,Number (real number),1857,Australia,107,3448449,0.299,0.03200000000000003
NUMBER,Number,0.34,Millions,NUMBER,Number (real number),1858,Australia,108,3452164,0.331,0.009000000000000008
NUMBER,Number,0.485,Millions,NUMBER,Number (real number),1859,Australia,109,3455881,0.34,0.14499999999999996
NUMBER,Number,0.6,Millions,NUMBER,Number (real number),1860,Australia,110,3459600,0.485,0.11499999999999999
NUMBER,Number,0.561,Millions,NUMBER,Number (real number),1861,Australia,111,3463321,0.6,-0.038999999999999924
NUMBER,Number,0.788,Millions,NUMBER,Number (real number),1862,Australia,112,3467044,0.561,0.22699999999999998
NUMBER,Number,0.72,Millions,NUMBER,Number (real number),1863,Australia,113,3470769,0.788,-0.06800000000000006
NUMBER,Number,0.903,Millions,NUMBER,Number (real number),1864,Australia,114,3474496,0.72,0.18300000000000005
NUMBER,Number,0.974,Millions,NUMBER,Number (real number),1865,Australia,115,3478225,0.903,0.07099999999999995
NUMBER,Number,1.28,Millions,NUMBER,Number (real number),1866,Australia,116,3481956,0.974,0.30600000000000005
NUMBER,Number,1.24,Millions,NUMBER,Number (real number),1867,Australia,117,3485689,1.28,-0.040000000000000036
NUMBER,Number,1.532,Millions,NUMBER,Number (real number),1868,Australia,118,3489424,1.24,0.29200000000000004
NUMBER,Number,1.465,Millions,NUMBER,Number (real number),1869,Australia,119,3493161,1.532,-0.06699999999999995
NUMBER,Number,1.402,Millions,NUMBER,Number (real number),1870,Australia,120,3496900,1.465,-0.06300000000000017
NUMBER,Number,1.441,Millions,NUMBER,Number (real number),1871,Australia,121,3500641,1.402,0.039000000000000146
NUMBER,Number,1.637,Millions,NUMBER,Number (real number),1872,Australia,122,3504384,1.441,0.19599999999999995
NUMBER,Number,1.931,Millions,NUMBER,Number (real number),1873,Australia,123,3508129,1.637,0.29400000000000004
NUMBER,Number,2.126,Millions,NUMBER,Number (real number),1874,Australia,124,3511876,1.931,0.19499999999999984
NUMBER,Number,2.143,Millions,NUMBER,Number (real number),1875,Australia,125,3515625,2.126,0.016999999999999904
NUMBER,Number,2.158,Millions,NUMBER,Number (real number),1876,Australia,126,3519376,2.143,0.015000000000000124
NUMBER,Number,2.372,Millions,NUMBER,Number (real number),1877,Australia,127,3523129,2.158,0.21399999999999997
NUMBER,Number,2.562,Millions,NUMBER,Number (real number),1878,Australia,128,3526884,2.372,0.18999999999999995
NUMBER,Number,2.578,Millions,NUMBER,Number (real number),1879,Australia,129,3530641,2.562,0.016000000000000014
NUMBER,Number,2.417,Millions,NUMBER,Number (real number),1880,Australia,130,3534400,2.578,-0.16100000000000003
NUMBER,Number,2.905,Millions,NUMBER,Number (real number),1881,Australia,131,3538161,2.417,0.488
NUMBER,Number,3.45,Millions,NUMBER,Number (real number),1882,Australia,132,3541924,2.905,0.5450000000000004
NUMBER,Number,4.147,Millions,NUMBER,Number (real number),1883,Australia,133,3545689,3.45,0.6970000000000001
NUMBER,Number,4.532,Millions,NUMBER,Number (real number),1884,Australia,134,3549456,4.147,0.3849999999999998
NUMBER,Number,4.871,Millions,NUMBER,Number (real number),1885,Australia,135,3553225,4.532,0.3390000000000004
NUMBER,Number,4.829,Millions,NUMBER,Number (real number),1886,Australia,136,3556996,4.871,-0.0420000000000007
NUMBER,Number,5.023,Millions,NUMBER,Number (real number),1887,Australia,137,3560769,4.829,0.19399999999999995
NUMBER,Number,5.609,Millions,NUMBER,Number (real number),1888,Australia,138,3564544,5.023,0.5860000000000003
NUMBER,Number,6.25,Millions,NUMBER,Number (real number),1889,Australia,139,3568321,5.609,0.641
NUMBER,Number,5.451,Millions,NUMBER,Number (real number),1890,Australia,140,3572100,6.25,-0.7990000000000004
NUMBER,Number,6.885,Millions,NUMBER,Number (real number),1891,Australia,141,3575881,5.451,1.4340000000000002
NUMBER,Number,6.46,Millions,NUMBER,Number (real number),1892,Australia,142,3579664,6.885,-0.4249999999999998
NUMBER,Number,5.773,Millions,NUMBER,Number (real number),1893,Australia,143,3583449,6.46,-0.6870000000000003
NUMBER,Number,6.522,Millions,NUMBER,Number (real number),1894,Australia,144,3587236,5.773,0.7490000000000006
NUMBER,Number,6.751,Millions,NUMBER,Number (real number),1895,Australia,145,3591025,6.522,0.2290000000000001
NUMBER,Number,7.167,Millions,NUMBER,Number (real number),1896,Australia,146,3594816,6.751,0.4159999999999995
NUMBER,Number,7.907,Millions,NUMBER,Number (real number),1897,Australia,147,3598609,7.167,0.7400000000000002
NUMBER,Number,8.514,Millions,NUMBER,Number (real number),1898,Australia,148,3602404,7.907,0.6069999999999993
NUMBER,Number,8.697,Millions,NUMBER,Number (real number),1899,Australia,149,3606201,8.514,0.18299999999999983
NUMBER,Number,10.168,Millions,NUMBER,Number (real number),1900,Australia,150,3610000,8.697,1.471
NUMBER,Number,11.439,Millions,NUMBER,Number (real number),1901,Australia,151,3613801,10.168,1.2710000000000008
NUMBER,Number,11.395,Millions,NUMBER,Number (real number),1902,Australia,152,3617604,11.439,-0.04400000000000048
NUMBER,Number,11.224,Millions,NUMBER,Number (real number),1903,Australia,153,3621409,11.395,-0.17099999999999937
NUMBER,Number,11.544,Millions,NUMBER,Number (real number),1904,Australia,154,3625216,11.224,0.3200000000000003
NUMBER,Number,12.052,Millions,NUMBER,Number (real number),1905,Australia,155,3629025,11.544,0.5079999999999991
NUMBER,Number,14.358,Millions,NUMBER,Number (real number),1906,Australia,156,3632836,12.052,2.306000000000001
NUMBER,Number,15.487,Millions,NUMBER,Number (real number),1907,Australia,157,3636649,14.358,1.1289999999999996
NUMBER,Number,16.792,Millions,NUMBER,Number (real number),1908,Australia,158,3640464,15.487,1.3050000000000015
NUMBER,Number,14.58,Millions,NUMBER,Number (real number),1909,Australia,159,3644281,16.792,-2.2120000000000015
NUMBER,Number,17.707,Millions,NUMBER,Number (real number),1910,Australia,160,3648100,14.58,3.1270000000000007
NUMBER,Number,19.527,Millions,NUMBER,Number (real number),1911,Australia,161,3651921,17.707,1.8200000000000003
NUMBER,Number,21.211,Millions,NUMBER,Number (real number),1912,Australia,162,3655744,19.527,1.6839999999999975
NUMBER,Number,22.801,Millions,NUMBER,Number (real number),1913,Australia,163,3659569,21.211,1.5899999999999999
NUMBER,Number,24.922,Millions,NUMBER,Number (real number),1914,Australia,164,3663396,22.801,2.121000000000002
NUMBER,Number,22.269,Millions,NUMBER,Number (real number),1915,Australia,165,3667225,24.922,-2.6530000000000022
NUMBER,Number,19.854,Millions,NUMBER,Number (real number),1916,Australia,166,3671056,22.269,-2.414999999999999
NUMBER,Number,21.334,Millions,NUMBER,Number (real number),1917,Australia,167,3674889,19.854,1.4800000000000004
NUMBER,Number,23.365,Millions,NUMBER,Number (real number),1918,Australia,168,3678724,21.334,2.030999999999999
NUMBER,Number,22.185,Millions,NUMBER,Number (real number),1919,Australia,169,3682561,23.365,-1.1799999999999997
NUMBER,Number,26.306,Millions,NUMBER,Number (real number),1920,Australia,170,3686400,22.185,4.121000000000002
NUMBER,Number,23.785,Millions,NUMBER,Number (real number),1921,Australia,171,3690241,26.306,-2.521000000000001
NUMBER,Number,24.922,Millions,NUMBER,Number (real number),1922,Australia,172,3694084,23.785,1.1370000000000005
NUMBER,Number,25.684,Millions,NUMBER,Number (real number),1923,Australia,173,3697929,24.922,0.7620000000000005
NUMBER,Number,28.191,Millions,NUMBER,Number (real number),1924,Australia,174,3701776,25.684,2.506999999999998
NUMBER,Number,29.632,Millions,NUMBER,Number (real number),1925,Australia,175,3705625,28.191,1.4410000000000025
NUMBER,Number,29.587,Millions,NUMBER,Number (real number),1926,Australia,176,3709476,29.632,-0.045000000000001705
NUMBER,Number,31.269,Millions,NUMBER,Number (real number),1927,Australia,177,3713329,29.587,1.6819999999999986
NUMBER,Number,29.019,Millions,NUMBER,Number (real number),1928,Australia,178,3717184,31.269,-2.25
NUMBER,Number,26.906,Millions,NUMBER,Number (real number),1929,Australia,179,3721041,29.019,-2.1129999999999995
NUMBER,Number,25.899,Millions,NUMBER,Number (real number),1930,Australia,180,3724900,26.906,-1.006999999999998
NUMBER,Number,22.551,Millions,NUMBER,Number (real number),1931,Australia,181,3728761,25.899,-3.3480000000000025
NUMBER,Number,23.051,Millions,NUMBER,Number (real number),1932,Australia,182,3732624,22.551,0.5
NUMBER,Number,24.782,Millions,NUMBER,Number (real number),1933,Australia,183,3736489,23.051,1.7310000000000016
NUMBER,Number,26.209,Millions,NUMBER,Number (real number),1934,Australia,184,3740356,24.782,1.4269999999999996
NUMBER,Number,28.958,Millions,NUMBER,Number (real number),1935,Australia,185,3744225,26.209,2.7489999999999988
NUMBER,Number,31.514,Millions,NUMBER,Number (real number),1936,Australia,186,3748096,28.958,2.556000000000001
NUMBER,Number,33.756,Millions,NUMBER,Number (real number),1937,Australia,187,3751969,31.514,2.242000000000001
NUMBER,Number,33.697,Millions,NUMBER,Number (real number),1938,Australia,188,3755844,33.756,-0.0589999999999975
NUMBER,Number,37.984,Millions,NUMBER,Number (real number),1939,Australia,189,3759721,33.697,4.286999999999999
NUMBER,Number,35.346,Millions,NUMBER,Number (real number),1940,Australia,190,3763600,37.984,-2.6380000000000052
NUMBER,Number,39.335,Millions,NUMBER,Number (real number),1941,Australia,191,3767481,35.346,3.9890000000000043
NUMBER,Number,42.027,Millions,NUMBER,Number (real number),1942,Australia,192,3771364,39.335,2.692
NUMBER,Number,41.194,Millions,NUMBER,Number (real number),1943,Australia,193,3775249,42.027,-0.8329999999999984
NUMBER,Number,41.027,Millions,NUMBER,Number (real number),1944,Australia,194,3779136,41.194,-0.1670000000000016
NUMBER,Number,39.16,Millions,NUMBER,Number (real number),1945,Australia,195,3783025,41.027,-1.8670000000000044
NUMBER,Number,42.74,Millions,NUMBER,Number (real number),1946,Australia,196,3786916,39.16,3.5800000000000054
NUMBER,Number,44.777,Millions,NUMBER,Number (real number),1947,Australia,197,3790809,42.74,2.036999999999999
NUMBER,Number,47.013,Millions,NUMBER,Number (real number),1948,Australia,198,3794704,44.777,2.235999999999997
NUMBER,Number,48.064,Millions,NUMBER,Number (real number),1949,Australia,199,3798601,47.013,1.051000000000002
NUMBER,Number,55.738,Millions,NUMBER,Number (real number),1950,Australia,200,3802500,48.064,7.6739999999999995
NUMBER,Number,61.122,Millions,NUMBER,Number (real number),1951,Australia,201,3806401,55.738,5.384
NUMBER,Number,62.447,Millions,NUMBER,Number (real number),1952,Australia,202,3810304,61.122,1.3250000000000028
NUMBER,Number,63.036,Millions,NUMBER,Number (real number),1953,Australia,203,3814209,62.447,0.5889999999999986
NUMBER,Number,67.943,Millions,NUMBER,Number (real number),1954,Australia,204,3818116,63.036,4.9069999999999965
NUMBER,Number,71.968,Millions,NUMBER,Number (real number),1955,Australia,205,3822025,67.943,4.025000000000006
NUMBER,Number,75.482,Millions,NUMBER,Number (real number),1956,Australia,206,3825936,71.968,3.513999999999996
NUMBER,Number,75.479,Millions,NUMBER,Number (real number),1957,Australia,207,3829849,75.482,-0.0030000000000001137
NUMBER,Number,77.936,Millions,NUMBER,Number (real number),1958,Australia,208,3833764,75.479,2.457000000000008
NUMBER,Number,83.072,Millions,NUMBER,Number (real number),1959,Australia,209,3837681,77.936,5.135999999999996
NUMBER,Number,87.444,Millions,NUMBER,Number (real number),1960,Australia,210,3841600,83.072,4.372
NUMBER,Number,87.01,Millions,NUMBER,Number (real number),1961,Australia,211,3845521,87.444,-0.4339999999999975
NUMBER,Number,90.909,Millions,NUMBER,Number (real number),1962,Australia,212,3849444,87.01,3.899000000000001
NUMBER,Number,95.996,Millions,NUMBER,Number (real number),1963,Australia,213,3853369,90.909,5.086999999999989
NUMBER,Number,103.545,Millions,NUMBER,Number (real number),1964,Australia,214,3857296,95.996,7.549000000000007
NUMBER,Number,113.605,Millions,NUMBER,Number (real number),1965,Australia,215,3861225,103.545,10.060000000000002
NUMBER,Number,115.736,Millions,NUMBER,Number (real number),1966,Australia,216,3865156,113.605,2.1310000000000002
NUMBER,Number,122.281,Millions,NUMBER,Number (real number),1967,Australia,217,3869089,115.736,6.545000000000002
NUMBER,Number,128.768,Millions,NUMBER,Number (real number),1968,Australia,218,3873024,122.281,6.486999999999995
NUMBER,Number,136.414,Millions,NUMBER,Number (real number),1969,Australia,219,3876961,128.768,7.645999999999987
NUMBER,Number,147.861,Millions,NUMBER,Number (real number),1970,Australia,220,3880900,136.414,11.447000000000003
NUMBER,Number,151.116,Millions,NUMBER,Number (real number),1971,Australia,221,3884841,147.861,3.255000000000024
NUMBER,Number,153.598,Millions,NUMBER,Number (real number),1972,Australia,222,3888784,151.116,2.4819999999999993
NUMBER,Number,170.144,Millions,NUMBER,Number (real number),1973,Australia,223,3892729,153.598,16.545999999999992
NUMBER,Number,166.183,Millions,NUMBER,Number (real number),1974,Australia,224,3896676,170.144,-3.9610000000000127
NUMBER,Number,173.102,Millions,NUMBER,Number (real number),1975,Australia,225,3900625,166.183,6.919000000000011
NUMBER,Number,169.803,Millions,NUMBER,Number (real number),1976,Australia,226,3904576,173.102,-3.2990000000000066
NUMBER,Number,181.915,Millions,NUMBER,Number (real number),1977,Australia,227,3908529,169.803,12.111999999999995
NUMBER,Number,191.052,Millions,NUMBER,Number (real number),1978,Australia,228,3912484,181.915,9.137
NUMBER,Number,192.322,Millions,NUMBER,Number (real number),1979,Australia,229,3916441,191.052,1.2700000000000102
NUMBER,Number,204.37,Millions,NUMBER,Number (real number),1980,Australia,230,3920400,192.322,12.048000000000002
NUMBER,Number,213.81,Millions,NUMBER,Number (real number),1981,Australia,231,3924361,204.37,9.439999999999998
NUMBER,Number,218.001,Millions,NUMBER,Number (real number),1982,Australia,232,3928324,213.81,4.1910000000000025
NUMBER,Number,207.645,Millions,NUMBER,Number (real number),1983,Australia,233,3932289,218.001,-10.355999999999995
NUMBER,Number,217.516,Millions,NUMBER,Number (real number),1984,Australia,234,3936256,207.645,9.870999999999981
NUMBER,Number,224.556,Millions,NUMBER,Number (real number),1985,Australia,235,3940225,217.516,7.0400000000000205
NUMBER,Number,224.04,Millions,NUMBER,Number (real number),1986,Australia,236,3944196,224.556,-0.5160000000000196
NUMBER,Number,234.6,Millions,NUMBER,Number (real number),1987,Australia,237,3948169,224.04,10.560000000000002
NUMBER,Number,240.737,Millions,NUMBER,Number (real number),1988,Australia,238,3952144,234.6,6.1370000000000005
NUMBER,Number,256.837,Millions,NUMBER,Number (real number),1989,Australia,239,3956121,240.737,16.099999999999994
NUMBER,Number,278.16,Millions,NUMBER,Number (real number),1990,Australia,240,3960100,256.837,21.323000000000036
NUMBER,Number,279.534,Millions,NUMBER,Number (real number),1991,Australia,241,3964081,278.16,1.3739999999999668
NUMBER,Number,284.529,Millions,NUMBER,Number (real number),1992,Australia,242,3968064,279.534,4.9950000000000045
NUMBER,Number,288.874,Millions,NUMBER,Number (real number),1993,Australia,243,3972049,284.529,4.345000000000027
NUMBER,Number,293.701,Millions,NUMBER,Number (real number),1994,Australia,244,3976036,288.874,4.826999999999998
NUMBER,Number,305.056,Millions,NUMBER,Number (real number),1995,Australia,245,3980025,293.701,11.354999999999961
NUMBER,Number,311.941,Millions,NUMBER,Number (real number),1996,Australia,246,3984016,305.056,6.884999999999991
NUMBER,Number,320.333,Millions,NUMBER,Number (real number),1997,Australia,247,3988009,311.941,8.392000000000053
NUMBER,Number,334.136,Millions,NUMBER,Number (real number),1998,Australia,248,3992004,320.333,13.802999999999997
NUMBER,Number,343.959,Millions,NUMBER,Number (real number),1999,Australia,249,3996001,334.136,9.822999999999979
NUMBER,Number,350.008,Millions,NUMBER,Number (real number),2000,Australia,250,4000000,343.959,6.048999999999978
NUMBER,Number,357.784,Millions,NUMBER,Number (real number),2001,Australia,251,4004001,350.008,7.7760000000000105
NUMBER,Number,362.537,Millions,NUMBER,Number (real number),2002,Australia,252,4008004,357.784,4.752999999999986
NUMBER,Number,369.63,Millions,NUMBER,Number (real number),2003,Australia,253,4012009,362.537,7.093000000000018
NUMBER,Number,383.159,Millions,NUMBER,Number (real number),2004,Australia,254,4016016,369.63,13.528999999999996
NUMBER,Number,386.176,Millions,NUMBER,Number (real number),2005,Australia,255,4020025,383.159,3.016999999999996
NUMBER,Number,392.36,Millions,NUMBER,Number (real number),2006,Australia,256,4024036,386.176,6.184000000000026
NUMBER,Number,399.475,Millions,NUMBER,Number (real number),2007,Australia,257,4028049,392.36,7.115000000000009
NUMBER,Number,404.84,Millions,NUMBER,Number (real number),2008,Australia,258,4032064,399.475,5.364999999999952
NUMBER,Number,407.094,Millions,NUMBER,Number (real number),2009,Australia,259,4036081,404.84,2.254000000000019
NUMBER,Number,405.131,Millions,NUMBER,Number (real number),2010,Australia,260,4040100,407.094,-1.9630000000000223
NUMBER,Number,403.858,Millions,NUMBER,Number (real number),2011,Australia,261,4044121,405.131,-1.2729999999999677
NUMBER,Number,406.197,Millions,NUMBER,Number (real number),2012,Australia,262,4048144,403.858,2.3389999999999986
NUMBER,Number,399.068,Millions,NUMBER,Number (real number),2013,Australia,263,4052169,406.197,-7.129000000000019
NUMBER,Number,392.729,Millions,NUMBER,Number (real number),2014,Australia,264,4056196,399.068,-6.338999999999999
NUMBER,Number,401.497,Millions,NUMBER,Number (real number),2015,Australia,265,4060225,392.729,8.768000000000029
NUMBER,Number,410.388,Millions,NUMBER,Number (real number),2016,Australia,266,4064256,401.497,8.890999999999963
NUMBER,Number,413.818,Millions,NUMBER,Number (real number),2017,Australia,267,4068289,410.388,3.430000000000007
NUMBER,Number,415.591,Millions,NUMBER,Number (real number),2018,Australia,268,4072324,413.818,1.7730000000000246
NUMBER,Number,415.77,Millions,NUMBER,Number (real number),2019,Australia,269,4076361,415.591,0.17899999999997362
NUMBER,Number,399.184,Millions,NUMBER,Number (real number),2020,Australia,270,4080400,415.77,-16.585999999999956
NUMBER,Number,389.02,Millions,NUMBER,Number (real number),2021,Australia,271,4084441,399.184,-10.164000000000044
NUMBER,Number,384.362,Millions,NUMBER,Number (real number),2022,Australia,272,4088484,389.02,-4.657999999999959
NUMBER,Number,382.972,Millions,NUMBER,Number (real number),2023,Australia,273,4092529,384.362,-1.3900000000000432
NUMBER,Number,0.253,Millions,NUMBER,Number (real number),1819,Austria,69,3308761,0.169,0.08399999999999999
NUMBER,Number,0.333,Millions,NUMBER,Number (real number),1820,Austria,70,3312400,0.253,0.08000000000000002
NUMBER,Number,0.359,Millions,NUMBER,Number (real number),1821,Austria,71,3316041,0.333,0.025999999999999968
NUMBER,Number,0.366,Millions,NUMBER,Number (real number),1822,Austria,72,3319684,0.359,0.007000000000000006
NUMBER,Number,0.348,Millions,NUMBER,Number (real number),1823,Austria,73,3323329,0.366,-0.018000000000000016
NUMBER,Number,0.399,Millions,NUMBER,Number (real number),1824,Austria,74,3326976,0.348,0.051000000000000045
NUMBER,Number,0.403,Millions,NUMBER,Number (real number),1825,Austria,75,3330625,0.399,0.0040000000000000036
NUMBER,Number,0.458,Millions,NUMBER,Number (real number),1826,Austria,76,3334276,0.403,0.05499999999999999
NUMBER,Number,0.476,Millions,NUMBER,Number (real number),1827,Austria,77,3337929,0.458,0.01799999999999996
NUMBER,Number,0.458,Millions,NUMBER,Number (real number),1828,Austria,78,3341584,0.476,-0.01799999999999996
NUMBER,Number,0.476,Millions,NUMBER,Number (real number),1829,Austria,79,3345241,0.458,0.01799999999999996
NUMBER,Number,0.495,Millions,NUMBER,Number (real number),1830,Austria,80,3348900,0.476,0.019000000000000017
NUMBER,Number,0.48,Millions,NUMBER,Number (real number),1831,Austria,81,3352561,0.495,-0.015000000000000013
NUMBER,Number,0.513,Millions,NUMBER,Number (real number),1832,Austria,82,3356224,0.48,0.03300000000000003
NUMBER,Number,0.429,Millions,NUMBER,Number (real number),1833,Austria,83,3359889,0.513,-0.08400000000000002
NUMBER,Number,0.586,Millions,NUMBER,Number (real number),1834,Austria,84,3363556,0.429,0.15699999999999997
NUMBER,Number,0.634,Millions,NUMBER,Number (real number),1835,Austria,85,3367225,0.586,0.04800000000000004
NUMBER,Number,0.674,Millions,NUMBER,Number (real number),1836,Austria,86,3370896,0.634,0.040000000000000036
NUMBER,Number,0.707,Millions,NUMBER,Number (real number),1837,Austria,87,3374569,0.674,0.03299999999999992
NUMBER,Number,0.85,Millions,NUMBER,Number (real number),1838,Austria,88,3378244,0.707,0.14300000000000002
NUMBER,Number,1.059,Millions,NUMBER,Number (real number),1839,Austria,89,3381921,0.85,0.20899999999999996
NUMBER,Number,1.169,Millions,NUMBER,Number (real number),1840,Austria,90,3385600,1.059,0.1100000000000001
NUMBER,Number,1.319,Millions,NUMBER,Number (real number),1841,Austria,91,3389281,1.169,0.1499999999999999
NUMBER,Number,1.458,Millions,NUMBER,Number (real number),1842,Austria,92,3392964,1.319,0.139
NUMBER,Number,1.268,Millions,NUMBER,Number (real number),1843,Austria,93,3396649,1.458,-0.18999999999999995
NUMBER,Number,1.594,Millions,NUMBER,Number (real number),1844,Austria,94,3400336,1.268,0.32600000000000007
NUMBER,Number,1.799,Millions,NUMBER,Number (real number),1845,Austria,95,3404025,1.594,0.20499999999999985
NUMBER,Number,2.114,Millions,NUMBER,Number (real number),1846,Austria,96,3407716,1.799,0.31499999999999995
NUMBER,Number,2.081,Millions,NUMBER,Number (real number),1847,Austria,97,3411409,2.114,-0.03299999999999992
NUMBER,Number,2.334,Millions,NUMBER,Number (real number),1848,Austria,98,3415104,2.081,0.2530000000000001
NUMBER,Number,2.261,Millions,NUMBER,Number (real number),1849,Austria,99,3418801,2.334,-0.07299999999999995
NUMBER,Number,2.327,Millions,NUMBER,Number (real number),1850,Austria,100,3422500,2.261,0.06599999999999984
NUMBER,Number,2.334,Millions,NUMBER,Number (real number),1851,Austria,101,3426201,2.327,0.007000000000000117
NUMBER,Number,2.81,Millions,NUMBER,Number (real number),1852,Austria,102,3429904,2.334,0.476
NUMBER,Number,3.224,Millions,NUMBER,Number (real number),1853,Austria,103,3433609,2.81,0.41400000000000015
NUMBER,Number,3.177,Millions,NUMBER,Number (real number),1854,Austria,104,3437316,3.224,-0.04700000000000015
NUMBER,Number,3.701,Millions,NUMBER,Number (real number),1855,Austria,105,3441025,3.177,0.524
NUMBER,Number,4.232,Millions,NUMBER,Number (real number),1856,Austria,106,3444736,3.701,0.5310000000000001
NUMBER,Number,4.873,Millions,NUMBER,Number (real number),1857,Austria,107,3448449,4.232,0.641
NUMBER,Number,7.244,Millions,NUMBER,Number (real number),1858,Austria,108,3452164,4.873,2.3709999999999996
NUMBER,Number,5.866,Millions,NUMBER,Number (real number),1859,Austria,109,3455881,7.244,-1.3780000000000001
NUMBER,Number,6.148,Millions,NUMBER,Number (real number),1860,Austria,110,3459600,5.866,0.28200000000000003
NUMBER,Number,6.379,Millions,NUMBER,Number (real number),1861,Austria,111,3463321,6.148,0.23099999999999987
NUMBER,Number,6.353,Millions,NUMBER,Number (real number),1862,Austria,112,3467044,6.379,-0.0259999999999998
NUMBER,Number,5.877,Millions,NUMBER,Number (real number),1863,Austria,113,3470769,6.353,-0.476
NUMBER,Number,5.075,Millions,NUMBER,Number (real number),1864,Austria,114,3474496,5.877,-0.8019999999999996
NUMBER,Number,5.353,Millions,NUMBER,Number (real number),1865,Austria,115,3478225,5.075,0.2779999999999996
NUMBER,Number,3.594,Millions,NUMBER,Number (real number),1866,Austria,116,3481956,5.353,-1.759
NUMBER,Number,4.913,Millions,NUMBER,Number (real number),1867,Austria,117,3485689,3.594,1.3190000000000004
NUMBER,Number,6.071,Millions,NUMBER,Number (real number),1868,Austria,118,3489424,4.913,1.1579999999999995
NUMBER,Number,6.485,Millions,NUMBER,Number (real number),1869,Austria,119,3493161,6.071,0.4140000000000006
NUMBER,Number,7.365,Millions,NUMBER,Number (real number),1870,Austria,120,3496900,6.485,0.8799999999999999
NUMBER,Number,10.142,Millions,NUMBER,Number (real number),1871,Austria,121,3500641,7.365,2.7769999999999992
NUMBER,Number,10.006,Millions,NUMBER,Number (real number),1872,Austria,122,3504384,10.142,-0.13599999999999923
NUMBER,Number,10.728,Millions,NUMBER,Number (real number),1873,Austria,123,3508129,10.006,0.7219999999999995
NUMBER,Number,9.153,Millions,NUMBER,Number (real number),1874,Austria,124,3511876,10.728,-1.5749999999999993
NUMBER,Number,7.859,Millions,NUMBER,Number (real number),1875,Austria,125,3515625,9.153,-1.2940000000000005
NUMBER,Number,8.09,Millions,NUMBER,Number (real number),1876,Austria,126,3519376,7.859,0.23099999999999987
NUMBER,Number,7.284,Millions,NUMBER,Number (real number),1877,Austria,127,3523129,8.09,-0.806
NUMBER,Number,7.24,Millions,NUMBER,Number (real number),1878,Austria,128,3526884,7.284,-0.043999999999999595
NUMBER,Number,8.863,Millions,NUMBER,Number (real number),1879,Austria,129,3530641,7.24,1.6229999999999993
NUMBER,Number,23.647,Millions,NUMBER,Number (real number),1880,Austria,130,3534400,8.863,14.783999999999999
NUMBER,Number,10.314,Millions,NUMBER,Number (real number),1881,Austria,131,3538161,23.647,-13.332999999999998
NUMBER,Number,10.6,Millions,NUMBER,Number (real number),1882,Austria,132,3541924,10.314,0.2859999999999996
NUMBER,Number,11.761,Millions,NUMBER,Number (real number),1883,Austria,133,3545689,10.6,1.1609999999999996
NUMBER,Number,11.461,Millions,NUMBER,Number (real number),1884,Austria,134,3549456,11.761,-0.29999999999999893
NUMBER,Number,12.047,Millions,NUMBER,Number (real number),1885,Austria,135,3553225,11.461,0.5860000000000003
NUMBER,Number,11.369,Millions,NUMBER,Number (real number),1886,Austria,136,3556996,12.047,-0.6780000000000008
NUMBER,Number,12.256,Millions,NUMBER,Number (real number),1887,Austria,137,3560769,11.369,0.8870000000000005
NUMBER,Number,11.952,Millions,NUMBER,Number (real number),1888,Austria,138,3564544,12.256,-0.30400000000000027
NUMBER,Number,12.875,Millions,NUMBER,Number (real number),1889,Austria,139,3568321,11.952,0.923
NUMBER,Number,13.037,Millions,NUMBER,Number (real number),1890,Austria,140,3572100,12.875,0.1620000000000008
NUMBER,Number,14.945,Millions,NUMBER,Number (real number),1891,Austria,141,3575881,13.037,1.9079999999999995
NUMBER,Number,14.465,Millions,NUMBER,Number (real number),1892,Austria,142,3579664,14.945,-0.4800000000000004
NUMBER,Number,17.701,Millions,NUMBER,Number (real number),1893,Austria,143,3583449,14.465,3.2360000000000007
NUMBER,Number,18.129,Millions,NUMBER,Number (real number),1894,Austria,144,3587236,17.701,0.4280000000000008
NUMBER,Number,20.372,Millions,NUMBER,Number (real number),1895,Austria,145,3591025,18.129,2.2429999999999986
NUMBER,Number,21.299,Millions,NUMBER,Number (real number),1896,Austria,146,3594816,20.372,0.9269999999999996
NUMBER,Number,23.021,Millions,NUMBER,Number (real number),1897,Austria,147,3598609,21.299,1.7220000000000013
NUMBER,Number,24.454,Millions,NUMBER,Number (real number),1898,Austria,148,3602404,23.021,1.4329999999999998
NUMBER,Number,24.816,Millions,NUMBER,Number (real number),1899,Austria,149,3606201,24.454,0.3619999999999983
NUMBER,Number,27.696,Millions,NUMBER,Number (real number),1900,Austria,150,3610000,24.816,2.8800000000000026
NUMBER,Number,28.352,Millions,NUMBER,Number (real number),1901,Austria,151,3613801,27.696,0.6559999999999988
NUMBER,Number,25.696,Millions,NUMBER,Number (real number),1902,Austria,152,3617604,28.352,-2.655999999999999
NUMBER,Number,25.699,Millions,NUMBER,Number (real number),1903,Austria,153,3621409,25.696,0.0030000000000001137
NUMBER,Number,27.209,Millions,NUMBER,Number (real number),1904,Austria,154,3625216,25.699,1.509999999999998
NUMBER,Number,28.609,Millions,NUMBER,Number (real number),1905,Austria,155,3629025,27.209,1.4000000000000021
NUMBER,Number,34.178,Millions,NUMBER,Number (real number),1906,Austria,156,3632836,28.609,5.5689999999999955
NUMBER,Number,42.697,Millions,NUMBER,Number (real number),1907,Austria,157,3636649,34.178,8.519000000000005
NUMBER,Number,60.031,Millions,NUMBER,Number (real number),1908,Austria,158,3640464,42.697,17.333999999999996
NUMBER,Number,43.642,Millions,NUMBER,Number (real number),1909,Austria,159,3644281,60.031,-16.388999999999996
NUMBER,Number,58.785,Millions,NUMBER,Number (real number),1910,Austria,160,3648100,43.642,15.142999999999994
NUMBER,Number,49.142,Millions,NUMBER,Number (real number),1911,Austria,161,3651921,58.785,-9.642999999999994
NUMBER,Number,51.688,Millions,NUMBER,Number (real number),1912,Austria,162,3655744,49.142,2.5459999999999994
NUMBER,Number,60.984,Millions,NUMBER,Number (real number),1913,Austria,163,3659569,51.688,9.296
NUMBER,Number,49.655,Millions,NUMBER,Number (real number),1914,Austria,164,3663396,60.984,-11.329
NUMBER,Number,35.343,Millions,NUMBER,Number (real number),1915,Austria,165,3667225,49.655,-14.311999999999998
NUMBER,Number,9.087,Millions,NUMBER,Number (real number),1916,Austria,166,3671056,35.343,-26.256000000000004
NUMBER,Number,3.451,Millions,NUMBER,Number (real number),1917,Austria,167,3674889,9.087,-5.635999999999999
NUMBER,Number,3.338,Millions,NUMBER,Number (real number),1918,Austria,168,3678724,3.451,-0.11299999999999999
NUMBER,Number,3.015,Millions,NUMBER,Number (real number),1919,Austria,169,3682561,3.338,-0.32299999999999995
NUMBER,Number,14.528,Millions,NUMBER,Number (real number),1920,Austria,170,3686400,3.015,11.513
NUMBER,Number,19.339,Millions,NUMBER,Number (real number),1921,Austria,171,3690241,14.528,4.810999999999998
NUMBER,Number,18.587,Millions,NUMBER,Number (real number),1922,Austria,172,3694084,19.339,-0.7519999999999989
NUMBER,Number,17.778,Millions,NUMBER,Number (real number),1923,Austria,173,3697929,18.587,-0.809000000000001
NUMBER,Number,20.093,Millions,NUMBER,Number (real number),1924,Austria,174,3701776,17.778,2.3150000000000013
NUMBER,Number,18.991,Millions,NUMBER,Number (real number),1925,Austria,175,3705625,20.093,-1.1020000000000003
NUMBER,Number,18.62,Millions,NUMBER,Number (real number),1926,Austria,176,3709476,18.991,-0.37099999999999866
NUMBER,Number,20.123,Millions,NUMBER,Number (real number),1927,Austria,177,3713329,18.62,1.5030000000000001
NUMBER,Number,21.19,Millions,NUMBER,Number (real number),1928,Austria,178,3717184,20.123,1.0670000000000002
NUMBER,Number,24.173,Millions,NUMBER,Number (real number),1929,Austria,179,3721041,21.19,2.982999999999997
NUMBER,Number,18.863,Millions,NUMBER,Number (real number),1930,Austria,180,3724900,24.173,-5.309999999999999
NUMBER,Number,18.103,Millions,NUMBER,Number (real number),1931,Austria,181,3728761,18.863,-0.759999999999998
NUMBER,Number,15.171,Millions,NUMBER,Number (real number),1932,Austria,182,3732624,18.103,-2.932000000000002
NUMBER,Number,14.23,Millions,NUMBER,Number (real number),1933,Austria,183,3736489,15.171,-0.940999999999999
NUMBER,Number,13.753,Millions,NUMBER,Number (real number),1934,Austria,184,3740356,14.23,-0.4770000000000003
NUMBER,Number,13.922,Millions,NUMBER,Number (real number),1935,Austria,185,3744225,13.753,0.16900000000000048
NUMBER,Number,13.592,Millions,NUMBER,Number (real number),1936,Austria,186,3748096,13.922,-0.33000000000000007
NUMBER,Number,15.259,Millions,NUMBER,Number (real number),1937,Austria,187,3751969,13.592,1.6669999999999998
NUMBER,Number,5.787,Millions,NUMBER,Number (real number),1938,Austria,188,3755844,15.259,-9.472000000000001
NUMBER,Number,6.336,Millions,NUMBER,Number (real number),1939,Austria,189,3759721,5.787,0.5490000000000004
NUMBER,Number,7.343,Millions,NUMBER,Number (real number),1940,Austria,190,3763600,6.336,1.0069999999999997
NUMBER,Number,7.973,Millions,NUMBER,Number (real number),1941,Austria,191,3767481,7.343,0.6299999999999999
NUMBER,Number,8.545,Millions,NUMBER,Number (real number),1942,Austria,192,3771364,7.973,0.5720000000000001
NUMBER,Number,9.611,Millions,NUMBER,Number (real number),1943,Austria,193,3775249,8.545,1.0660000000000007
NUMBER,Number,9.391,Millions,NUMBER,Number (real number),1944,Austria,194,3779136,9.611,-0.22000000000000064
NUMBER,Number,4.562,Millions,NUMBER,Number (real number),1945,Austria,195,3783025,9.391,-4.829
NUMBER,Number,12.76,Millions,NUMBER,Number (real number),1946,Austria,196,3786916,4.562,8.198
NUMBER,Number,17.63,Millions,NUMBER,Number (real number),1947,Austria,197,3790809,12.76,4.869999999999999
NUMBER,Number,24.487,Millions,NUMBER,Number (real number),1948,Austria,198,3794704,17.63,6.856999999999999
NUMBER,Number,26.574,Millions,NUMBER,Number (real number),1949,Austria,199,3798601,24.487,2.0870000000000033
NUMBER,Number,20.894,Millions,NUMBER,Number (real number),1950,Austria,200,3802500,26.574,-5.680000000000003
NUMBER,Number,23.264,Millions,NUMBER,Number (real number),1951,Austria,201,3806401,20.894,2.370000000000001
NUMBER,Number,22.07,Millions,NUMBER,Number (real number),1952,Austria,202,3810304,23.264,-1.193999999999999
NUMBER,Number,21.715,Millions,NUMBER,Number (real number),1953,Austria,203,3814209,22.07,-0.3550000000000004
NUMBER,Number,24.506,Millions,NUMBER,Number (real number),1954,Austria,204,3818116,21.715,2.7910000000000004
NUMBER,Number,29.07,Millions,NUMBER,Number (real number),1955,Austria,205,3822025,24.506,4.564
NUMBER,Number,28.205,Millions,NUMBER,Number (real number),1956,Austria,206,3825936,29.07,-0.865000000000002
NUMBER,Number,29.179,Millions,NUMBER,Number (real number),1957,Austria,207,3829849,28.205,0.9740000000000002
NUMBER,Number,28.087,Millions,NUMBER,Number (real number),1958,Austria,208,3833764,29.179,-1.0919999999999987
NUMBER,Number,27.91,Millions,NUMBER,Number (real number),1959,Austria,209,3837681,28.087,-0.1769999999999996
NUMBER,Number,30.784,Millions,NUMBER,Number (real number),1960,Austria,210,3841600,27.91,2.8739999999999988
NUMBER,Number,31.824,Millions,NUMBER,Number (real number),1961,Austria,211,3845521,30.784,1.0400000000000027
NUMBER,Number,33.865,Millions,NUMBER,Number (real number),1962,Austria,212,3849444,31.824,2.0410000000000004
NUMBER,Number,36.949,Millions,NUMBER,Number (real number),1963,Austria,213,3853369,33.865,3.083999999999996
NUMBER,Number,38.896,Millions,NUMBER,Number (real number),1964,Austria,214,3857296,36.949,1.9470000000000027
NUMBER,Number,38.141,Millions,NUMBER,Number (real number),1965,Austria,215,3861225,38.896,-0.7550000000000026
NUMBER,Number,39.209,Millions,NUMBER,Number (real number),1966,Austria,216,3865156,38.141,1.068000000000005
NUMBER,Number,39.916,Millions,NUMBER,Number (real number),1967,Austria,217,3869089,39.209,0.7069999999999936
NUMBER,Number,42.297,Millions,NUMBER,Number (real number),1968,Austria,218,3873024,39.916,2.3810000000000002
NUMBER,Number,44.638,Millions,NUMBER,Number (real number),1969,Austria,219,3876961,42.297,2.341000000000001
NUMBER,Number,50.632,Millions,NUMBER,Number (real number),1970,Austria,220,3880900,44.638,5.994
NUMBER,Number,52.069,Millions,NUMBER,Number (real number),1971,Austria,221,3884841,50.632,1.4370000000000047
NUMBER,Number,56.071,Millions,NUMBER,Number (real number),1972,Austria,222,3888784,52.069,4.001999999999995
NUMBER,Number,60.016,Millions,NUMBER,Number (real number),1973,Austria,223,3892729,56.071,3.9450000000000003
NUMBER,Number,57.294,Millions,NUMBER,Number (real number),1974,Austria,224,3896676,60.016,-2.7220000000000013
NUMBER,Number,54.214,Millions,NUMBER,Number (real number),1975,Austria,225,3900625,57.294,-3.0799999999999983
NUMBER,Number,58.204,Millions,NUMBER,Number (real number),1976,Austria,226,3904576,54.214,3.990000000000002
NUMBER,Number,55.994,Millions,NUMBER,Number (real number),1977,Austria,227,3908529,58.204,-2.210000000000001
NUMBER,Number,57.226,Millions,NUMBER,Number (real number),1978,Austria,228,3912484,55.994,1.2319999999999993
NUMBER,Number,61.321,Millions,NUMBER,Number (real number),1979,Austria,229,3916441,57.226,4.094999999999999
NUMBER,Number,52.025,Millions,NUMBER,Number (real number),1980,Austria,230,3920400,61.321,-9.296
NUMBER,Number,55.833,Millions,NUMBER,Number (real number),1981,Austria,231,3924361,52.025,3.808
NUMBER,Number,53.565,Millions,NUMBER,Number (real number),1982,Austria,232,3928324,55.833,-2.2680000000000007
NUMBER,Number,51.668,Millions,NUMBER,Number (real number),1983,Austria,233,3932289,53.565,-1.8969999999999985
NUMBER,Number,54.214,Millions,NUMBER,Number (real number),1984,Austria,234,3936256,51.668,2.5459999999999994
NUMBER,Number,54.366,Millions,NUMBER,Number (real number),1985,Austria,235,3940225,54.214,0.15200000000000102
NUMBER,Number,53.729,Millions,NUMBER,Number (real number),1986,Austria,236,3944196,54.366,-0.6370000000000005
NUMBER,Number,57.374,Millions,NUMBER,Number (real number),1987,Austria,237,3948169,53.729,3.645000000000003
NUMBER,Number,52.937,Millions,NUMBER,Number (real number),1988,Austria,238,3952144,57.374,-4.437000000000005
NUMBER,Number,53.696,Millions,NUMBER,Number (real number),1989,Austria,239,3956121,52.937,0.7590000000000003
NUMBER,Number,62.184,Millions,NUMBER,Number (real number),1990,Austria,240,3960100,53.696,8.488
NUMBER,Number,65.782,Millions,NUMBER,Number (real number),1991,Austria,241,3964081,62.184,3.597999999999999
NUMBER,Number,60.283,Millions,NUMBER,Number (real number),1992,Austria,242,3968064,65.782,-5.498999999999995
NUMBER,Number,60.709,Millions,NUMBER,Number (real number),1993,Austria,243,3972049,60.283,0.42600000000000193
NUMBER,Number,61.083,Millions,NUMBER,Number (real number),1994,Austria,244,3976036,60.709,0.3739999999999952
NUMBER,Number,64.061,Millions,NUMBER,Number (real number),1995,Austria,245,3980025,61.083,2.9780000000000086
NUMBER,Number,67.405,Millions,NUMBER,Number (real number),1996,Austria,246,3984016,64.061,3.343999999999994
NUMBER,Number,67.302,Millions,NUMBER,Number (real number),1997,Austria,247,3988009,67.405,-0.10299999999999443
NUMBER,Number,66.937,Millions,NUMBER,Number (real number),1998,Austria,248,3992004,67.302,-0.3650000000000091
NUMBER,Number,65.668,Millions,NUMBER,Number (real number),1999,Austria,249,3996001,66.937,-1.2689999999999912
NUMBER,Number,66.177,Millions,NUMBER,Number (real number),2000,Austria,250,4000000,65.668,0.5090000000000003
NUMBER,Number,70.166,Millions,NUMBER,Number (real number),2001,Austria,251,4004001,66.177,3.98899999999999
NUMBER,Number,71.969,Millions,NUMBER,Number (real number),2002,Austria,252,4008004,70.166,1.8029999999999973
NUMBER,Number,77.396,Millions,NUMBER,Number (real number),2003,Austria,253,4012009,71.969,5.427000000000007
NUMBER,Number,77.694,Millions,NUMBER,Number (real number),2004,Austria,254,4016016,77.396,0.2980000000000018
NUMBER,Number,79.092,Millions,NUMBER,Number (real number),2005,Austria,255,4020025,77.694,1.3979999999999961
NUMBER,Number,76.812,Millions,NUMBER,Number (real number),2006,Austria,256,4024036,79.092,-2.280000000000001
NUMBER,Number,74.112,Millions,NUMBER,Number (real number),2007,Austria,257,4028049,76.812,-2.700000000000003
NUMBER,Number,73.49,Millions,NUMBER,Number (real number),2008,Austria,258,4032064,74.112,-0.6219999999999999
NUMBER,Number,67.307,Millions,NUMBER,Number (real number),2009,Austria,259,4036081,73.49,-6.182999999999993
NUMBER,Number,72.008,Millions,NUMBER,Number (real number),2010,Austria,260,4040100,67.307,4.700999999999993
NUMBER,Number,69.901,Millions,NUMBER,Number (real number),2011,Austria,261,4044121,72.008,-2.1069999999999993
NUMBER,Number,67.274,Millions,NUMBER,Number (real number),2012,Austria,262,4048144,69.901,-2.6269999999999953
NUMBER,Number,67.767,Millions,NUMBER,Number (real number),2013,Austria,263,4052169,67.274,0.492999999999995
NUMBER,Number,64.166,Millions,NUMBER,Number (real number),2014,Austria,264,4056196,67.767,-3.600999999999999
NUMBER,Number,66.357,Millions,NUMBER,Number (real number),2015,Austria,265,4060225,64.166,2.1910000000000025
NUMBER,Number,67.217,Millions,NUMBER,Number (real number),2016,Austria,266,4064256,66.357,0.8599999999999994
NUMBER,Number,69.598,Millions,NUMBER,Number (real number),2017,Austria,267,4068289,67.217,2.3810000000000002
NUMBER,Number,66.562,Millions,NUMBER,Number (real number),2018,Austria,268,4072324,69.598,-3.0360000000000014
NUMBER,Number,67.946,Millions,NUMBER,Number (real number),2019,Austria,269,4076361,66.562,1.3840000000000003
NUMBER,Number,62.176,Millions,NUMBER,Number (real number),2020,Austria,270,4080400,67.946,-5.769999999999996
NUMBER,Number,65.757,Millions,NUMBER,Number (real number),2021,Austria,271,4084441,62.176,3.581000000000003
NUMBER,Number,61.489,Millions,NUMBER,Number (real number),2022,Austria,272,4088484,65.757,-4.268000000000008
NUMBER,Number,58.578,Millions,NUMBER,Number (real number),2023,Austria,273,4092529,61.489,-2.9109999999999943
NUMBER,Number,0.0,Millions,NUMBER,Number (real number),1831,Azerbaijan,81,3352561,0.0,0.0
NUMBER,Number,0.0,Millions,NUMBER,Number (real number),1832,Azerbaijan,82,3356224,0.0,0.0
NUMBER,Number,0.0,Millions,NUMBER,Number (real number),1833,Azerbaijan,83,3359889,0.0,0.0
NUMBER,Number,0.002,Millions,NUMBER,Number (real number),1850,Azerbaijan,100,3422500,0.0,0.002
NUMBER,Number,0.005,Millions,NUMBER,Number (real number),1855,Azerbaijan,105,3441025,0.002,0.003
NUMBER,Number,0.006,Millions,NUMBER,Number (real number),1858,Azerbaijan,108,3452164,0.005,0.001
NUMBER,Number,0.007,Millions,NUMBER,Number (real number),1859,Azerbaijan,109,3455881,0.006,0.001
NUMBER,Number,0.009,Millions,NUMBER,Number (real number),1860,Azerbaijan,110,3459600,0.007,0.001999999999999999
NUMBER,Number,0.011,Millions,NUMBER,Number (real number),1861,Azerbaijan,111,3463321,0.009,0.002
NUMBER,Number,0.01,Millions,NUMBER,Number (real number),1862,Azerbaijan,112,3467044,0.011,-0.0009999999999999992
NUMBER,Number,0.011,Millions,NUMBER,Number (real number),1863,Azerbaijan,113,3470769,0.01,0.0009999999999999992
NUMBER,Number,0.012,Millions,NUMBER,Number (real number),1864,Azerbaijan,114,3474496,0.011,0.0010000000000000009
NUMBER,Number,0.012,Millions,NUMBER,Number (real number),1865,Azerbaijan,115,3478225,0.012,0.0
NUMBER,Number,0.037,Millions,NUMBER,Number (real number),1866,Azerbaijan,116,3481956,0.012,0.024999999999999998
NUMBER,Number,0.042,Millions,NUMBER,Number (real number),1867,Azerbaijan,117,3485689,0.037,0.0050000000000000044
NUMBER,Number,0.035,Millions,NUMBER,Number (real number),1868,Azerbaijan,118,3489424,0.042,-0.006999999999999999
NUMBER,Number,0.048,Millions,NUMBER,Number (real number),1869,Azerbaijan,119,3493161,0.035,0.012999999999999998
NUMBER,Number,0.052,Millions,NUMBER,Number (real number),1870,Azerbaijan,120,3496900,0.048,0.003999999999999997
NUMBER,Number,0.07,Millions,NUMBER,Number (real number),1871,Azerbaijan,121,3500641,0.052,0.01800000000000001
NUMBER,Number,0.071,Millions,NUMBER,Number (real number),1872,Azerbaijan,122,3504384,0.07,0.000999999999999987
NUMBER,Number,0.067,Millions,NUMBER,Number (real number),1873,Azerbaijan,123,3508129,0.071,-0.00399999999999999
NUMBER,Number,0.081,Millions,NUMBER,Number (real number),1874,Azerbaijan,124,3511876,0.067,0.013999999999999999
NUMBER,Number,0.094,Millions,NUMBER,Number (real number),1875,Azerbaijan,125,3515625,0.081,0.012999999999999998
NUMBER,Number,0.116,Millions,NUMBER,Number (real number),1876,Azerbaijan,126,3519376,0.094,0.022000000000000006
NUMBER,Number,0.119,Millions,NUMBER,Number (real number),1877,Azerbaijan,127,3523129,0.116,0.002999999999999989
NUMBER,Number,0.155,Millions,NUMBER,Number (real number),1878,Azerbaijan,128,3526884,0.119,0.036000000000000004
NUMBER,Number,0.159,Millions,NUMBER,Number (real number),1879,Azerbaijan,129,3530641,0.155,0.0040000000000000036
NUMBER,Number,0.187,Millions,NUMBER,Number (real number),1880,Azerbaijan,130,3534400,0.159,0.027999999999999997
NUMBER,Number,0.197,Millions,NUMBER,Number (real number),1881,Azerbaijan,131,3538161,0.187,0.010000000000000009
NUMBER,Number,0.207,Millions,NUMBER,Number (real number),1882,Azerbaijan,132,3541924,0.197,0.009999999999999981
NUMBER,Number,0.236,Millions,NUMBER,Number (real number),1883,Azerbaijan,133,3545689,0.207,0.028999999999999998
NUMBER,Number,0.239,Millions,NUMBER,Number (real number),1884,Azerbaijan,134,3549456,0.236,0.0030000000000000027
NUMBER,Number,0.261,Millions,NUMBER,Number (real number),1885,Azerbaijan,135,3553225,0.239,0.02200000000000002
NUMBER,Number,0.268,Millions,NUMBER,Number (real number),1886,Azerbaijan,136,3556996,0.261,0.007000000000000006
NUMBER,Number,0.283,Millions,NUMBER,Number (real number),1887,Azerbaijan,137,3560769,0.268,0.014999999999999958
NUMBER,Number,0.295,Millions,NUMBER,Number (real number),1888,Azerbaijan,138,3564544,0.283,0.01200000000000001
NUMBER,Number,0.319,Millions,NUMBER,Number (real number),1889,Azerbaijan,139,3568321,0.295,0.02400000000000002
NUMBER,Number,0.361,Millions,NUMBER,Number (real number),1890,Azerbaijan,140,3572100,0.319,0.04199999999999998
NUMBER,Number,0.398,Millions,NUMBER,Number (real number),1891,Azerbaijan,141,3575881,0.361,0.03700000000000003
NUMBER,Number,0.421,Millions,NUMBER,Number (real number),1892,Azerbaijan,142,3579664,0.398,0.022999999999999965
NUMBER,Number,0.493,Millions,NUMBER,Number (real number),1893,Azerbaijan,143,3583449,0.421,0.07200000000000001
NUMBER,Number,0.502,Millions,NUMBER,Number (real number),1894,Azerbaijan,144,3587236,0.493,0.009000000000000008
NUMBER,Number,0.577,Millions,NUMBER,Number (real number),1895,Azerbaijan,145,3591025,0.502,0.07499999999999996
NUMBER,Number,0.588,Millions,NUMBER,Number (real number),1896,Azerbaijan,146,3594816,0.577,0.01100000000000001
NUMBER,Number,0.68,Millions,NUMBER,Number (real number),1897,Azerbaijan,147,3598609,0.588,0.09200000000000008
NUMBER,Number,0.762,Millions,NUMBER,Number (real number),1898,Azerbaijan,148,3602404,0.68,0.08199999999999996
NUMBER,Number,0.884,Millions,NUMBER,Number (real number),1899,Azerbaijan,149,3606201,0.762,0.122
NUMBER,Number,1.002,Millions,NUMBER,Number (real number),1900,Azerbaijan,150,3610000,0.884,0.118
NUMBER,Number,1.028,Millions,NUMBER,Number (real number),1901,Azerbaijan,151,3613801,1.002,0.026000000000000023
NUMBER,Number,0.993,Millions,NUMBER,Number (real number),1902,Azerbaijan,152,3617604,1.028,-0.03500000000000003
NUMBER,Number,0.971,Millions,NUMBER,Number (real number),1903,Azerbaijan,153,3621409,0.993,-0.02200000000000002
NUMBER,Number,1.081,Millions,NUMBER,Number (real number),1904,Azerbaijan,154,3625216,0.971,0.10999999999999999
NUMBER,Number,0.965,Millions,NUMBER,Number (real number),1905,Azerbaijan,155,3629025,1.081,-0.11599999999999999
NUMBER,Number,1.1,Millions,NUMBER,Number (real number),1906,Azerbaijan,156,3632836,0.965,0.13500000000000012
NUMBER,Number,1.233,Millions,NUMBER,Number (real number),1907,Azerbaijan,157,3636649,1.1,0.133
NUMBER,Number,1.24,Millions,NUMBER,Number (real number),1908,Azerbaijan,158,3640464,1.233,0.006999999999999895
NUMBER,Number,1.309,Millions,NUMBER,Number (real number),1909,Azerbaijan,159,3644281,1.24,0.06899999999999995
NUMBER,Number,1.284,Millions,NUMBER,Number (real number),1910,Azerbaijan,160,3648100,1.309,-0.02499999999999991
NUMBER,Number,1.331,Millions,NUMBER,Number (real number),1911,Azerbaijan,161,3651921,1.284,0.04699999999999993
NUMBER,Number,1.508,Millions,NUMBER,Number (real number),1912,Azerbaijan,162,3655744,1.331,0.17700000000000005
NUMBER,Number,1.638,Millions,NUMBER,Number (real number),1913,Azerbaijan,163,3659569,1.508,0.1299999999999999
NUMBER,Number,1.478,Millions,NUMBER,Number (real number),1914,Azerbaijan,164,3663396,1.638,-0.15999999999999992
NUMBER,Number,1.357,Millions,NUMBER,Number (real number),1915,Azerbaijan,165,3667225,1.478,-0.121
NUMBER,Number,1.446,Millions,NUMBER,Number (real number),1916,Azerbaijan,166,3671056,1.357,0.08899999999999997
NUMBER,Number,1.331,Millions,NUMBER,Number (real number),1917,Azerbaijan,167,3674889,1.446,-0.11499999999999999
NUMBER,Number,0.531,Millions,NUMBER,Number (real number),1918,Azerbaijan,168,3678724,1.331,-0.7999999999999999
NUMBER,Number,0.453,Millions,NUMBER,Number (real number),1919,Azerbaijan,169,3682561,0.531,-0.07800000000000001
NUMBER,Number,0.413,Millions,NUMBER,Number (real number),1920,Azerbaijan,170,3686400,0.453,-0.040000000000000036
NUMBER,Number,0.448,Millions,NUMBER,Number (real number),1921,Azerbaijan,171,3690241,0.413,0.03500000000000003
NUMBER,Number,0.547,Millions,NUMBER,Number (real number),1922,Azerbaijan,172,3694084,0.448,0.09900000000000003
NUMBER,Number,0.604,Millions,NUMBER,Number (real number),1923,Azerbaijan,173,3697929,0.547,0.05699999999999994
NUMBER,Number,0.72,Millions,NUMBER,Number (real number),1924,Azerbaijan,174,3701776,0.604,0.11599999999999999
NUMBER,Number,0.71,Millions,NUMBER,Number (real number),1925,Azerbaijan,175,3705625,0.72,-0.010000000000000009
NUMBER,Number,1.029,Millions,NUMBER,Number (real number),1926,Azerbaijan,176,3709476,0.71,0.31899999999999995
NUMBER,Number,1.279,Millions,NUMBER,Number (real number),1927,Azerbaijan,177,3713329,1.029,0.25
NUMBER,Number,1.409,Millions,NUMBER,Number (real number),1928,Azerbaijan,178,3717184,1.279,0.13000000000000012
NUMBER,Number,1.518,Millions,NUMBER,Number (real number),1929,Azerbaijan,179,3721041,1.409,0.10899999999999999
NUMBER,Number,2.071,Millions,NUMBER,Number (real number),1930,Azerbaijan,180,3724900,1.518,0.5530000000000002
NUMBER,Number,2.49,Millions,NUMBER,Number (real number),1931,Azerbaijan,181,3728761,2.071,0.41900000000000004
NUMBER,Number,2.802,Millions,NUMBER,Number (real number),1932,Azerbaijan,182,3732624,2.49,0.31199999999999983
NUMBER,Number,3.135,Millions,NUMBER,Number (real number),1933,Azerbaijan,183,3736489,2.802,0.33299999999999974
NUMBER,Number,3.789,Millions,NUMBER,Number (real number),1934,Azerbaijan,184,3740356,3.135,0.6540000000000004
NUMBER,Number,4.283,Millions,NUMBER,Number (real number),1935,Azerbaijan,185,3744225,3.789,0.4940000000000002
NUMBER,Number,4.905,Millions,NUMBER,Number (real number),1936,Azerbaijan,186,3748096,4.283,0.6219999999999999
NUMBER,Number,5.02,Millions,NUMBER,Number (real number),1937,Azerbaijan,187,3751969,4.905,0.11499999999999932
NUMBER,Number,5.299,Millions,NUMBER,Number (real number),1938,Azerbaijan,188,3755844,5.02,0.2790000000000008
NUMBER,Number,5.364,Millions,NUMBER,Number (real number),1939,Azerbaijan,189,3759721,5.299,0.0649999999999995
NUMBER,Number,6.429,Millions,NUMBER,Number (real number),1940,Azerbaijan,190,3763600,5.364,1.0650000000000004
NUMBER,Number,5.648,Millions,NUMBER,Number (real number),1941,Azerbaijan,191,3767481,6.429,-0.7810000000000006
NUMBER,Number,3.092,Millions,NUMBER,Number (real number),1942,Azerbaijan,192,3771364,5.648,-2.5559999999999996
NUMBER,Number,3.227,Millions,NUMBER,Number (real number),1943,Azerbaijan,193,3775249,3.092,0.1349999999999998
NUMBER,Number,4.679,Millions,NUMBER,Number (real number),1944,Azerbaijan,194,3779136,3.227,1.4520000000000004
NUMBER,Number,4.937,Millions,NUMBER,Number (real number),1945,Azerbaijan,195,3783025,4.679,0.258
NUMBER,Number,5.536,Millions,NUMBER,Number (real number),1946,Azerbaijan,196,3786916,4.937,0.5989999999999993
NUMBER,Number,6.66,Millions,NUMBER,Number (real number),1947,Azerbaijan,197,3790809,5.536,1.1240000000000006
NUMBER,Number,7.077,Millions,NUMBER,Number (real number),1948,Azerbaijan,198,3794704,6.66,0.4169999999999998
NUMBER,Number,8.042,Millions,NUMBER,Number (real number),1949,Azerbaijan,199,3798601,7.077,0.9649999999999999
NUMBER,Number,8.953,Millions,NUMBER,Number (real number),1950,Azerbaijan,200,3802500,8.042,0.9109999999999996
NUMBER,Number,9.694,Millions,NUMBER,Number (real number),1951,Azerbaijan,201,3806401,8.953,0.7410000000000014
NUMBER,Number,10.381,Millions,NUMBER,Number (real number),1952,Azerbaijan,202,3810304,9.694,0.6869999999999994
NUMBER,Number,10.982,Millions,NUMBER,Number (real number),1953,Azerbaijan,203,3814209,10.381,0.6009999999999991
NUMBER,Number,11.985,Millions,NUMBER,Number (real number),1954,Azerbaijan,204,3818116,10.982,1.0030000000000001
NUMBER,Number,13.591,Millions,NUMBER,Number (real number),1955,Azerbaijan,205,3822025,11.985,1.6059999999999999
NUMBER,Number,14.918,Millions,NUMBER,Number (real number),1956,Azerbaijan,206,3825936,13.591,1.327
NUMBER,Number,16.334,Millions,NUMBER,Number (real number),1957,Azerbaijan,207,3829849,14.918,1.4160000000000004
NUMBER,Number,17.448,Millions,NUMBER,Number (real number),1958,Azerbaijan,208,3833764,16.334,1.1140000000000008
NUMBER,Number,18.349,Millions,NUMBER,Number (real number),1959,Azerbaijan,209,3837681,17.448,0.9009999999999998
NUMBER,Number,19.111,Millions,NUMBER,Number (real number),1960,Azerbaijan,210,3841600,18.349,0.7620000000000005
NUMBER,Number,19.729,Millions,NUMBER,Number (real number),1961,Azerbaijan,211,3845521,19.111,0.6179999999999986
NUMBER,Number,20.729,Millions,NUMBER,Number (real number),1962,Azerbaijan,212,3849444,19.729,1.0
NUMBER,Number,22.251,Millions,NUMBER,Number (real number),1963,Azerbaijan,213,3853369,20.729,1.522000000000002
NUMBER,Number,23.682,Millions,NUMBER,Number (real number),1964,Azerbaijan,214,3857296,22.251,1.4309999999999974
NUMBER,Number,25.131,Millions,NUMBER,Number (real number),1965,Azerbaijan,215,3861225,23.682,1.4490000000000016
NUMBER,Number,26.546,Millions,NUMBER,Number (real number),1966,Azerbaijan,216,3865156,25.131,1.4149999999999991
NUMBER,Number,27.775,Millions,NUMBER,Number (real number),1967,Azerbaijan,217,3869089,26.546,1.2289999999999992
NUMBER,Number,28.573,Millions,NUMBER,Number (real number),1968,Azerbaijan,218,3873024,27.775,0.7980000000000018
NUMBER,Number,29.771,Millions,NUMBER,Number (real number),1969,Azerbaijan,219,3876961,28.573,1.1980000000000004
NUMBER,Number,31.303,Millions,NUMBER,Number (real number),1970,Azerbaijan,220,3880900,29.771,1.532
NUMBER,Number,33.239,Millions,NUMBER,Number (real number),1971,Azerbaijan,221,3884841,31.303,1.9359999999999964
NUMBER,Number,34.988,Millions,NUMBER,Number (real number),1972,Azerbaijan,222,3888784,33.239,1.7490000000000023
NUMBER,Number,36.484,Millions,NUMBER,Number (real number),1973,Azerbaijan,223,3892729,34.988,1.4960000000000022
NUMBER,Number,37.893,Millions,NUMBER,Number (real number),1974,Azerbaijan,224,3896676,36.484,1.408999999999999
NUMBER,Number,39.847,Millions,NUMBER,Number (real number),1975,Azerbaijan,225,3900625,37.893,1.9540000000000006
NUMBER,Number,41.384,Millions,NUMBER,Number (real number),1976,Azerbaijan,226,3904576,39.847,1.536999999999999
NUMBER,Number,42.797,Millions,NUMBER,Number (real number),1977,Azerbaijan,227,3908529,41.384,1.4129999999999967
NUMBER,Number,44.278,Millions,NUMBER,Number (real number),1978,Azerbaijan,228,3912484,42.797,1.4810000000000016
NUMBER,Number,44.649,Millions,NUMBER,Number (real number),1979,Azerbaijan,229,3916441,44.278,0.3710000000000022
NUMBER,Number,46.399,Millions,NUMBER,Number (real number),1980,Azerbaijan,230,3920400,44.649,1.75
NUMBER,Number,45.545,Millions,NUMBER,Number (real number),1981,Azerbaijan,231,3924361,46.399,-0.8539999999999992
NUMBER,Number,46.407,Millions,NUMBER,Number (real number),1982,Azerbaijan,232,3928324,45.545,0.8619999999999948
NUMBER,Number,47.077,Millions,NUMBER,Number (real number),1983,Azerbaijan,233,3932289,46.407,0.6700000000000017
NUMBER,Number,47.504,Millions,NUMBER,Number (real number),1984,Azerbaijan,234,3936256,47.077,0.4269999999999996
NUMBER,Number,51.216,Millions,NUMBER,Number (real number),1985,Azerbaijan,235,3940225,47.504,3.7120000000000033
NUMBER,Number,53.339,Millions,NUMBER,Number (real number),1986,Azerbaijan,236,3944196,51.216,2.1229999999999976
NUMBER,Number,50.559,Millions,NUMBER,Number (real number),1987,Azerbaijan,237,3948169,53.339,-2.780000000000001
NUMBER,Number,51.568,Millions,NUMBER,Number (real number),1988,Azerbaijan,238,3952144,50.559,1.0090000000000003
NUMBER,Number,51.56,Millions,NUMBER,Number (real number),1989,Azerbaijan,239,3956121,51.568,-0.007999999999995566
NUMBER,Number,51.318,Millions,NUMBER,Number (real number),1990,Azerbaijan,240,3960100,51.56,-0.24200000000000443
NUMBER,Number,50.047,Millions,NUMBER,Number (real number),1991,Azerbaijan,241,3964081,51.318,-1.2710000000000008
NUMBER,Number,56.174,Millions,NUMBER,Number (real number),1992,Azerbaijan,242,3968064,50.047,6.1270000000000024
NUMBER,Number,48.406,Millions,NUMBER,Number (real number),1993,Azerbaijan,243,3972049,56.174,-7.768000000000001
NUMBER,Number,41.945,Millions,NUMBER,Number (real number),1994,Azerbaijan,244,3976036,48.406,-6.4609999999999985
NUMBER,Number,33.309,Millions,NUMBER,Number (real number),1995,Azerbaijan,245,3980025,41.945,-8.636000000000003
NUMBER,Number,31.242,Millions,NUMBER,Number (real number),1996,Azerbaijan,246,3984016,33.309,-2.0669999999999966
NUMBER,Number,29.843,Millions,NUMBER,Number (real number),1997,Azerbaijan,247,3988009,31.242,-1.399000000000001
NUMBER,Number,31.785,Millions,NUMBER,Number (real number),1998,Azerbaijan,248,3992004,29.843,1.9420000000000002
NUMBER,Number,28.822,Millions,NUMBER,Number (real number),1999,Azerbaijan,249,3996001,31.785,-2.963000000000001
NUMBER,Number,29.765,Millions,NUMBER,Number (real number),2000,Azerbaijan,250,4000000,28.822,0.9430000000000014
NUMBER,Number,28.415,Millions,NUMBER,Number (real number),2001,Azerbaijan,251,4004001,29.765,-1.3500000000000014
NUMBER,Number,28.57,Millions,NUMBER,Number (real number),2002,Azerbaijan,252,4008004,28.415,0.15500000000000114
NUMBER,Number,30.488,Millions,NUMBER,Number (real number),2003,Azerbaijan,253,4012009,28.57,1.9179999999999993
NUMBER,Number,32.253,Millions,NUMBER,Number (real number),2004,Azerbaijan,254,4016016,30.488,1.7650000000000006
NUMBER,Number,34.194,Millions,NUMBER,Number (real number),2005,Azerbaijan,255,4020025,32.253,1.9410000000000025
NUMBER,Number,34.522,Millions,NUMBER,Number (real number),2006,Azerbaijan,256,4024036,34.194,0.32799999999999585
NUMBER,Number,30.037,Millions,NUMBER,Number (real number),2007,Azerbaijan,257,4028049,34.522,-4.484999999999999
NUMBER,Number,33.037,Millions,NUMBER,Number (real number),2008,Azerbaijan,258,4032064,30.037,3.0
NUMBER,Number,29.103,Millions,NUMBER,Number (real number),2009,Azerbaijan,259,4036081,33.037,-3.9339999999999975
NUMBER,Number,27.549,Millions,NUMBER,Number (real number),2010,Azerbaijan,260,4040100,29.103,-1.554000000000002
NUMBER,Number,30.21,Millions,NUMBER,Number (real number),2011,Azerbaijan,261,4044121,27.549,2.6610000000000014
NUMBER,Number,32.773,Millions,NUMBER,Number (real number),2012,Azerbaijan,262,4048144,30.21,2.5630000000000024
NUMBER,Number,33.555,Millions,NUMBER,Number (real number),2013,Azerbaijan,263,4052169,32.773,0.7819999999999965
NUMBER,Number,34.348,Millions,NUMBER,Number (real number),2014,Azerbaijan,264,4056196,33.555,0.7929999999999993
NUMBER,Number,34.683,Millions,NUMBER,Number (real number),2015,Azerbaijan,265,4060225,34.348,0.33500000000000085
NUMBER,Number,34.727,Millions,NUMBER,Number (real number),2016,Azerbaijan,266,4064256,34.683,0.04399999999999693
NUMBER,Number,34.699,Millions,NUMBER,Number (real number),2017,Azerbaijan,267,4068289,34.727,-0.027999999999998693
NUMBER,Number,34.569,Millions,NUMBER,Number (real number),2018,Azerbaijan,268,4072324,34.699,-0.12999999999999545
NUMBER,Number,37.746,Millions,NUMBER,Number (real number),2019,Azerbaijan,269,4076361,34.569,3.1769999999999996
NUMBER,Number,36.233,Millions,NUMBER,Number (real number),2020,Azerbaijan,270,4080400,37.746,-1.5130000000000052
NUMBER,Number,38.293,Millions,NUMBER,Number (real number),2021,Azerbaijan,271,4084441,36.233,2.0600000000000023
NUMBER,Number,40.391,Millions,NUMBER,Number (real number),2022,Azerbaijan,272,4088484,38.293,2.097999999999999
NUMBER,Number,43.937,Millions,NUMBER,Number (real number),2023,Azerbaijan,273,4092529,40.391,3.5459999999999994
NUMBER,Number,0.066,Millions,NUMBER,Number (real number),1951,"Bahamas, The",201,3806401,0.055,0.011000000000000003
NUMBER,Number,0.077,Millions,NUMBER,Number (real number),1952,"Bahamas, The",202,3810304,0.066,0.010999999999999996
NUMBER,Number,0.081,Millions,NUMBER,Number (real number),1953,"Bahamas, The",203,3814209,0.077,0.0040000000000000036
NUMBER,Number,0.084,Millions,NUMBER,Number (real number),1954,"Bahamas, The",204,3818116,0.081,0.0030000000000000027
NUMBER,Number,0.128,Millions,NUMBER,Number (real number),1955,"Bahamas, The",205,3822025,0.084,0.044
NUMBER,Number,0.139,Millions,NUMBER,Number (real number),1956,"Bahamas, The",206,3825936,0.128,0.01100000000000001
NUMBER,Number,0.176,Millions,NUMBER,Number (real number),1957,"Bahamas, The",207,3829849,0.139,0.03699999999999998
NUMBER,Number,0.18,Millions,NUMBER,Number (real number),1958,"Bahamas, The",208,3833764,0.176,0.0040000000000000036
NUMBER,Number,0.26,Millions,NUMBER,Number (real number),1959,"Bahamas, The",209,3837681,0.18,0.08000000000000002
NUMBER,Number,0.41,Millions,NUMBER,Number (real number),1960,"Bahamas, The",210,3841600,0.26,0.14999999999999997
NUMBER,Number,0.546,Millions,NUMBER,Number (real number),1961,"Bahamas, The",211,3845521,0.41,0.13600000000000007
NUMBER,Number,0.725,Millions,NUMBER,Number (real number),1962,"Bahamas, The",212,3849444,0.546,0.17899999999999994
NUMBER,Number,0.707,Millions,NUMBER,Number (real number),1963,"Bahamas, The",213,3853369,0.725,-0.018000000000000016
NUMBER,Number,1.085,Millions,NUMBER,Number (real number),1964,"Bahamas, The",214,3857296,0.707,0.378
NUMBER,Number,1.315,Millions,NUMBER,Number (real number),1965,"Bahamas, The",215,3861225,1.085,0.22999999999999998
NUMBER,Number,1.092,Millions,NUMBER,Number (real number),1966,"Bahamas, The",216,3865156,1.315,-0.22299999999999986
NUMBER,Number,1.701,Millions,NUMBER,Number (real number),1967,"Bahamas, The",217,3869089,1.092,0.609
NUMBER,Number,1.628,Millions,NUMBER,Number (real number),1968,"Bahamas, The",218,3873024,1.701,-0.07300000000000018
NUMBER,Number,1.741,Millions,NUMBER,Number (real number),1969,"Bahamas, The",219,3876961,1.628,0.11300000000000021
NUMBER,Number,2.569,Millions,NUMBER,Number (real number),1970,"Bahamas, The",220,3880900,1.741,0.8279999999999998
NUMBER,Number,6.724,Millions,NUMBER,Number (real number),1971,"Bahamas, The",221,3884841,2.569,4.155
NUMBER,Number,6.481,Millions,NUMBER,Number (real number),1972,"Bahamas, The",222,3888784,6.724,-0.24300000000000033
NUMBER,Number,7.863,Millions,NUMBER,Number (real number),1973,"Bahamas, The",223,3892729,6.481,1.3820000000000006
NUMBER,Number,7.38,Millions,NUMBER,Number (real number),1974,"Bahamas, The",224,3896676,7.863,-0.48300000000000054
NUMBER,Number,8.246,Millions,NUMBER,Number (real number),1975,"Bahamas, The",225,3900625,7.38,0.8660000000000005
NUMBER,Number,6.457,Millions,NUMBER,Number (real number),1976,"Bahamas, The",226,3904576,8.246,-1.7890000000000006
NUMBER,Number,9.709,Millions,NUMBER,Number (real number),1977,"Bahamas, The",227,3908529,6.457,3.252
NUMBER,Number,6.597,Millions,NUMBER,Number (real number),1978,"Bahamas, The",228,3912484,9.709,-3.111999999999999
NUMBER,Number,6.916,Millions,NUMBER,Number (real number),1979,"Bahamas, The",229,3916441,6.597,0.31899999999999995
NUMBER,Number,7.972,Millions,NUMBER,Number (real number),1980,"Bahamas, The",230,3920400,6.916,1.056
NUMBER,Number,2.798,Millions,NUMBER,Number (real number),1981,"Bahamas, The",231,3924361,7.972,-5.174
NUMBER,Number,2.258,Millions,NUMBER,Number (real number),1982,"Bahamas, The",232,3928324,2.798,-0.54
NUMBER,Number,2.014,Millions,NUMBER,Number (real number),1983,"Bahamas, The",233,3932289,2.258,-0.24400000000000022
NUMBER,Number,1.854,Millions,NUMBER,Number (real number),1984,"Bahamas, The",234,3936256,2.014,-0.1599999999999997
NUMBER,Number,1.51,Millions,NUMBER,Number (real number),1985,"Bahamas, The",235,3940225,1.854,-0.3440000000000001
NUMBER,Number,1.411,Millions,NUMBER,Number (real number),1986,"Bahamas, The",236,3944196,1.51,-0.09899999999999998
NUMBER,Number,1.422,Millions,NUMBER,Number (real number),1987,"Bahamas, The",237,3948169,1.411,0.010999999999999899
NUMBER,Number,1.539,Millions,NUMBER,Number (real number),1988,"Bahamas, The",238,3952144,1.422,0.11699999999999999
NUMBER,Number,1.946,Millions,NUMBER,Number (real number),1989,"Bahamas, The",239,3956121,1.539,0.40700000000000003
NUMBER,Number,2.023,Millions,NUMBER,Number (real number),1990,"Bahamas, The",240,3960100,1.946,0.07700000000000018
NUMBER,Number,1.997,Millions,NUMBER,Number (real number),1991,"Bahamas, The",241,3964081,2.023,-0.026000000000000023
NUMBER,Number,1.869,Millions,NUMBER,Number (real number),1992,"Bahamas, The",242,3968064,1.997,-0.1280000000000001
NUMBER,Number,1.744,Millions,NUMBER,Number (real number),1993,"Bahamas, The",243,3972049,1.869,-0.125
NUMBER,Number,1.77,Millions,NUMBER,Number (real number),1994,"Bahamas, The",244,3976036,1.744,0.026000000000000023
NUMBER,Number,1.839,Millions,NUMBER,Number (real number),1995,"Bahamas, The",245,3980025,1.77,0.06899999999999995
NUMBER,Number,1.814,Millions,NUMBER,Number (real number),1996,"Bahamas, The",246,3984016,1.839,-0.02499999999999991
NUMBER,Number,1.608,Millions,NUMBER,Number (real number),1997,"Bahamas, The",247,3988009,1.814,-0.20599999999999996
NUMBER,Number,1.99,Millions,NUMBER,Number (real number),1998,"Bahamas, The",248,3992004,1.608,0.3819999999999999
NUMBER,Number,2.034,Millions,NUMBER,Number (real number),1999,"Bahamas, The",249,3996001,1.99,0.04399999999999982
NUMBER,Number,2.026,Millions,NUMBER,Number (real number),2000,"Bahamas, The",250,4000000,2.034,-0.008000000000000007
NUMBER,Number,1.946,Millions,NUMBER,Number (real number),2001,"Bahamas, The",251,4004001,2.026,-0.07999999999999985
NUMBER,Number,2.037,Millions,NUMBER,Number (real number),2002,"Bahamas, The",252,4008004,1.946,0.09099999999999997
NUMBER,Number,2.07,Millions,NUMBER,Number (real number),2003,"Bahamas, The",253,4012009,2.037,0.03299999999999992
NUMBER,Number,2.048,Millions,NUMBER,Number (real number),2004,"Bahamas, The",254,4016016,2.07,-0.021999999999999797
NUMBER,Number,1.905,Millions,NUMBER,Number (real number),2005,"Bahamas, The",255,4020025,2.048,-0.14300000000000002
NUMBER,Number,1.854,Millions,NUMBER,Number (real number),2006,"Bahamas, The",256,4024036,1.905,-0.050999999999999934
NUMBER,Number,1.872,Millions,NUMBER,Number (real number),2007,"Bahamas, The",257,4028049,1.854,0.018000000000000016
NUMBER,Number,1.916,Millions,NUMBER,Number (real number),2008,"Bahamas, The",258,4032064,1.872,0.04399999999999982
NUMBER,Number,2.154,Millions,NUMBER,Number (real number),2009,"Bahamas, The",259,4036081,1.916,0.238
NUMBER,Number,2.228,Millions,NUMBER,Number (real number),2010,"Bahamas, The",260,4040100,2.154,0.07400000000000029
NUMBER,Number,2.114,Millions,NUMBER,Number (real number),2011,"Bahamas, The",261,4044121,2.228,-0.11400000000000032
NUMBER,Number,2.052,Millions,NUMBER,Number (real number),2012,"Bahamas, The",262,4048144,2.114,-0.06199999999999983
NUMBER,Number,1.99,Millions,NUMBER,Number (real number),2013,"Bahamas, The",263,4052169,2.052,-0.062000000000000055
NUMBER,Number,2.066,Millions,NUMBER,Number (real number),2014,"Bahamas, The",264,4056196,1.99,0.07599999999999985
NUMBER,Number,2.228,Millions,NUMBER,Number (real number),2015,"Bahamas, The",265,4060225,2.066,0.16200000000000037
NUMBER,Number,2.235,Millions,NUMBER,Number (real number),2016,"Bahamas, The",266,4064256,2.228,0.006999999999999673
NUMBER,Number,2.477,Millions,NUMBER,Number (real number),2017,"Bahamas, The",267,4068289,2.235,0.242
NUMBER,Number,2.437,Millions,NUMBER,Number (real number),2018,"Bahamas, The",268,4072324,2.477,-0.040000000000000036
NUMBER,Number,2.506,Millions,NUMBER,Number (real number),2019,"Bahamas, The",269,4076361,2.437,0.06899999999999995
NUMBER,Number,2.034,Millions,NUMBER,Number (real number),2020,"Bahamas, The",270,4080400,2.506,-0.472
NUMBER,Number,2.477,Millions,NUMBER,Number (real number),2021,"Bahamas, The",271,4084441,2.034,0.44300000000000006
NUMBER,Number,2.402,Millions,NUMBER,Number (real number),2022,"Bahamas, The",272,4088484,2.477,-0.07499999999999973
NUMBER,Number,2.505,Millions,NUMBER,Number (real number),2023,"Bahamas, The",273,4092529,2.402,0.10299999999999976
NUMBER,Number,0.121,Millions,NUMBER,Number (real number),1934,Bahrain,184,3740356,0.011,0.11
NUMBER,Number,0.531,Millions,NUMBER,Number (real number),1935,Bahrain,185,3744225,0.121,0.41000000000000003
NUMBER,Number,1.949,Millions,NUMBER,Number (real number),1936,Bahrain,186,3748096,0.531,1.4180000000000001
NUMBER,Number,3.254,Millions,NUMBER,Number (real number),1937,Bahrain,187,3751969,1.949,1.305
NUMBER,Number,3.477,Millions,NUMBER,Number (real number),1938,Bahrain,188,3755844,3.254,0.22299999999999986
NUMBER,Number,3.184,Millions,NUMBER,Number (real number),1939,Bahrain,189,3759721,3.477,-0.2929999999999997
NUMBER,Number,2.968,Millions,NUMBER,Number (real number),1940,Bahrain,190,3763600,3.184,-0.2160000000000002
NUMBER,Number,2.851,Millions,NUMBER,Number (real number),1941,Bahrain,191,3767481,2.968,-0.11699999999999999
NUMBER,Number,2.616,Millions,NUMBER,Number (real number),1942,Bahrain,192,3771364,2.851,-0.23499999999999988
NUMBER,Number,2.759,Millions,NUMBER,Number (real number),1943,Bahrain,193,3775249,2.616,0.1429999999999998
NUMBER,Number,2.818,Millions,NUMBER,Number (real number),1944,Bahrain,194,3779136,2.759,0.05900000000000016
NUMBER,Number,3.063,Millions,NUMBER,Number (real number),1945,Bahrain,195,3783025,2.818,0.2450000000000001
NUMBER,Number,3.36,Millions,NUMBER,Number (real number),1946,Bahrain,196,3786916,3.063,0.2969999999999997
NUMBER,Number,3.95,Millions,NUMBER,Number (real number),1947,Bahrain,197,3790809,3.36,0.5900000000000003
NUMBER,Number,4.576,Millions,NUMBER,Number (real number),1948,Bahrain,198,3794704,3.95,0.6259999999999994
NUMBER,Number,4.609,Millions,NUMBER,Number (real number),1949,Bahrain,199,3798601,4.576,0.03300000000000036
NUMBER,Number,1.381,Millions,NUMBER,Number (real number),1950,Bahrain,200,3802500,4.609,-3.2279999999999998
NUMBER,Number,1.176,Millions,NUMBER,Number (real number),1951,Bahrain,201,3806401,1.381,-0.20500000000000007
NUMBER,Number,1.286,Millions,NUMBER,Number (real number),1952,Bahrain,202,3810304,1.176,0.1100000000000001
NUMBER,Number,0.997,Millions,NUMBER,Number (real number),1953,Bahrain,203,3814209,1.286,-0.28900000000000003
NUMBER,Number,1.044,Millions,NUMBER,Number (real number),1954,Bahrain,204,3818116,0.997,0.04700000000000004
NUMBER,Number,1.403,Millions,NUMBER,Number (real number),1955,Bahrain,205,3822025,1.044,0.359
NUMBER,Number,1.055,Millions,NUMBER,Number (real number),1956,Bahrain,206,3825936,1.403,-0.3480000000000001
NUMBER,Number,0.755,Millions,NUMBER,Number (real number),1957,Bahrain,207,3829849,1.055,-0.29999999999999993
NUMBER,Number,1.29,Millions,NUMBER,Number (real number),1958,Bahrain,208,3833764,0.755,0.535
NUMBER,Number,1.312,Millions,NUMBER,Number (real number),1959,Bahrain,209,3837681,1.29,0.02200000000000002
NUMBER,Number,0.575,Millions,NUMBER,Number (real number),1960,Bahrain,210,3841600,1.312,-0.7370000000000001
NUMBER,Number,1.77,Millions,NUMBER,Number (real number),1961,Bahrain,211,3845521,0.575,1.195
NUMBER,Number,1.59,Millions,NUMBER,Number (real number),1962,Bahrain,212,3849444,1.77,-0.17999999999999994
NUMBER,Number,1.194,Millions,NUMBER,Number (real number),1963,Bahrain,213,3853369,1.59,-0.39600000000000013
NUMBER,Number,1.598,Millions,NUMBER,Number (real number),1964,Bahrain,214,3857296,1.194,0.40400000000000014
NUMBER,Number,1.227,Millions,NUMBER,Number (real number),1965,Bahrain,215,3861225,1.598,-0.371
NUMBER,Number,0.649,Millions,NUMBER,Number (real number),1966,Bahrain,216,3865156,1.227,-0.5780000000000001
NUMBER,Number,1.004,Millions,NUMBER,Number (real number),1967,Bahrain,217,3869089,0.649,0.355
NUMBER,Number,1.103,Millions,NUMBER,Number (real number),1968,Bahrain,218,3873024,1.004,0.09899999999999998
NUMBER,Number,1.271,Millions,NUMBER,Number (real number),1969,Bahrain,219,3876961,1.103,0.16799999999999993
NUMBER,Number,2.59,Millions,NUMBER,Number (real number),1970,Bahrain,220,3880900,1.271,1.319
NUMBER,Number,3.037,Millions,NUMBER,Number (real number),1971,Bahrain,221,3884841,2.59,0.44700000000000006
NUMBER,Number,3.679,Millions,NUMBER,Number (real number),1972,Bahrain,222,3888784,3.037,0.6419999999999999
NUMBER,Number,5.518,Millions,NUMBER,Number (real number),1973,Bahrain,223,3892729,3.679,1.839
NUMBER,Number,5.401,Millions,NUMBER,Number (real number),1974,Bahrain,224,3896676,5.518,-0.11699999999999999
NUMBER,Number,5.749,Millions,NUMBER,Number (real number),1975,Bahrain,225,3900625,5.401,0.34799999999999986
NUMBER,Number,6.57,Millions,NUMBER,Number (real number),1976,Bahrain,226,3904576,5.749,0.8210000000000006
NUMBER,Number,7.464,Millions,NUMBER,Number (real number),1977,Bahrain,227,3908529,6.57,0.8940000000000001
NUMBER,Number,7.76,Millions,NUMBER,Number (real number),1978,Bahrain,228,3912484,7.464,0.2959999999999994
NUMBER,Number,8.127,Millions,NUMBER,Number (real number),1979,Bahrain,229,3916441,7.76,0.3670000000000009
NUMBER,Number,7.881,Millions,NUMBER,Number (real number),1980,Bahrain,230,3920400,8.127,-0.24600000000000044
NUMBER,Number,8.519,Millions,NUMBER,Number (real number),1981,Bahrain,231,3924361,7.881,0.6379999999999999
NUMBER,Number,9.831,Millions,NUMBER,Number (real number),1982,Bahrain,232,3928324,8.519,1.3119999999999994
NUMBER,Number,8.222,Millions,NUMBER,Number (real number),1983,Bahrain,233,3932289,9.831,-1.609
NUMBER,Number,9.2,Millions,NUMBER,Number (real number),1984,Bahrain,234,3936256,8.222,0.9779999999999998
NUMBER,Number,10.186,Millions,NUMBER,Number (real number),1985,Bahrain,235,3940225,9.2,0.9860000000000007
NUMBER,Number,11.003,Millions,NUMBER,Number (real number),1986,Bahrain,236,3944196,10.186,0.8170000000000002
NUMBER,Number,11.421,Millions,NUMBER,Number (real number),1987,Bahrain,237,3948169,11.003,0.41799999999999926
NUMBER,Number,12.077,Millions,NUMBER,Number (real number),1988,Bahrain,238,3952144,11.421,0.6560000000000006
NUMBER,Number,11.652,Millions,NUMBER,Number (real number),1989,Bahrain,239,3956121,12.077,-0.4250000000000007
NUMBER,Number,11.494,Millions,NUMBER,Number (real number),1990,Bahrain,240,3960100,11.652,-0.15799999999999947
NUMBER,Number,11.329,Millions,NUMBER,Number (real number),1991,Bahrain,241,3964081,11.494,-0.16499999999999915
NUMBER,Number,10.402,Millions,NUMBER,Number (real number),1992,Bahrain,242,3968064,11.329,-0.9270000000000014
NUMBER,Number,16.748,Millions,NUMBER,Number (real number),1993,Bahrain,243,3972049,10.402,6.346000000000002
NUMBER,Number,14.352,Millions,NUMBER,Number (real number),1994,Bahrain,244,3976036,16.748,-2.396000000000001
NUMBER,Number,14.744,Millions,NUMBER,Number (real number),1995,Bahrain,245,3980025,14.352,0.39199999999999946
NUMBER,Number,15.942,Millions,NUMBER,Number (real number),1996,Bahrain,246,3984016,14.744,1.1980000000000004
NUMBER,Number,17.221,Millions,NUMBER,Number (real number),1997,Bahrain,247,3988009,15.942,1.279
NUMBER,Number,18.276,Millions,NUMBER,Number (real number),1998,Bahrain,248,3992004,17.221,1.0549999999999997
NUMBER,Number,18.254,Millions,NUMBER,Number (real number),1999,Bahrain,249,3996001,18.276,-0.021999999999998465
NUMBER,Number,19.199,Millions,NUMBER,Number (real number),2000,Bahrain,250,4000000,18.254,0.9450000000000003
NUMBER,Number,19.679,Millions,NUMBER,Number (real number),2001,Bahrain,251,4004001,19.199,0.4799999999999969
NUMBER,Number,20.112,Millions,NUMBER,Number (real number),2002,Bahrain,252,4008004,19.679,0.43299999999999983
NUMBER,Number,20.976,Millions,NUMBER,Number (real number),2003,Bahrain,253,4012009,20.112,0.8640000000000008
NUMBER,Number,21.204,Millions,NUMBER,Number (real number),2004,Bahrain,254,4016016,20.976,0.22800000000000153
NUMBER,Number,24.487,Millions,NUMBER,Number (real number),2005,Bahrain,255,4020025,21.204,3.2829999999999977
NUMBER,Number,24.036,Millions,NUMBER,Number (real number),2006,Bahrain,256,4024036,24.487,-0.45099999999999696
NUMBER,Number,26.626,Millions,NUMBER,Number (real number),2007,Bahrain,257,4028049,24.036,2.59
NUMBER,Number,29.525,Millions,NUMBER,Number (real number),2008,Bahrain,258,4032064,26.626,2.8989999999999974
NUMBER,Number,28.098,Millions,NUMBER,Number (real number),2009,Bahrain,259,4036081,29.525,-1.4269999999999996
NUMBER,Number,29.075,Millions,NUMBER,Number (real number),2010,Bahrain,260,4040100,28.098,0.9770000000000003
NUMBER,Number,28.468,Millions,NUMBER,Number (real number),2011,Bahrain,261,4044121,29.075,-0.6069999999999993
NUMBER,Number,27.119,Millions,NUMBER,Number (real number),2012,Bahrain,262,4048144,28.468,-1.3490000000000002
NUMBER,Number,31.158,Millions,NUMBER,Number (real number),2013,Bahrain,263,4052169,27.119,4.0390000000000015
NUMBER,Number,30.9,Millions,NUMBER,Number (real number),2014,Bahrain,264,4056196,31.158,-0.25800000000000267
NUMBER,Number,32.46,Millions,NUMBER,Number (real number),2015,Bahrain,265,4060225,30.9,1.5600000000000023
NUMBER,Number,31.56,Millions,NUMBER,Number (real number),2016,Bahrain,266,4064256,32.46,-0.9000000000000021
NUMBER,Number,32.835,Millions,NUMBER,Number (real number),2017,Bahrain,267,4068289,31.56,1.2750000000000021
NUMBER,Number,32.633,Millions,NUMBER,Number (real number),2018,Bahrain,268,4072324,32.835,-0.20199999999999818
NUMBER,Number,37.58,Millions,NUMBER,Number (real number),2019,Bahrain,269,4076361,32.633,4.946999999999996
NUMBER,Number,37.396,Millions,NUMBER,Number (real number),2020,Bahrain,270,4080400,37.58,-0.1839999999999975
NUMBER,Number,36.196,Millions,NUMBER,Number (real number),2021,Bahrain,271,4084441,37.396,-1.2000000000000028
NUMBER,Number,35.652,Millions,NUMBER,Number (real number),2022,Bahrain,272,4088484,36.196,-0.5439999999999969
NUMBER,Number,36.527,Millions,NUMBER,Number (real number),2023,Bahrain,273,4092529,35.652,0.875
NUMBER,Number,0.121,Millions,NUMBER,Number (real number),1947,Bangladesh,197,3790809,0.117,0.00399999999999999
NUMBER,Number,0.134,Millions,NUMBER,Number (real number),1948,Bangladesh,198,3794704,0.121,0.013000000000000012
NUMBER,Number,0.19,Millions,NUMBER,Number (real number),1949,Bangladesh,199,3798601,0.134,0.055999999999999994
NUMBER,Number,0.993,Millions,NUMBER,Number (real number),1950,Bangladesh,200,3802500,0.19,0.8029999999999999
NUMBER,Number,1.226,Millions,NUMBER,Number (real number),1951,Bangladesh,201,3806401,0.993,0.23299999999999998
NUMBER,Number,1.295,Millions,NUMBER,Number (real number),1952,Bangladesh,202,3810304,1.226,0.06899999999999995
NUMBER,Number,1.318,Millions,NUMBER,Number (real number),1953,Bangladesh,203,3814209,1.295,0.02300000000000013
NUMBER,Number,1.339,Millions,NUMBER,Number (real number),1954,Bangladesh,204,3818116,1.318,0.020999999999999908
NUMBER,Number,1.379,Millions,NUMBER,Number (real number),1955,Bangladesh,205,3822025,1.339,0.040000000000000036
NUMBER,Number,1.634,Millions,NUMBER,Number (real number),1956,Bangladesh,206,3825936,1.379,0.2549999999999999
NUMBER,Number,1.689,Millions,NUMBER,Number (real number),1957,Bangladesh,207,3829849,1.634,0.05500000000000016
NUMBER,Number,1.896,Millions,NUMBER,Number (real number),1958,Bangladesh,208,3833764,1.689,0.20699999999999985
NUMBER,Number,1.84,Millions,NUMBER,Number (real number),1959,Bangladesh,209,3837681,1.896,-0.05599999999999983
NUMBER,Number,2.212,Millions,NUMBER,Number (real number),1960,Bangladesh,210,3841600,1.84,0.3720000000000001
NUMBER,Number,2.29,Millions,NUMBER,Number (real number),1961,Bangladesh,211,3845521,2.212,0.07799999999999985
NUMBER,Number,2.517,Millions,NUMBER,Number (real number),1962,Bangladesh,212,3849444,2.29,0.22699999999999987
NUMBER,Number,2.893,Millions,NUMBER,Number (real number),1963,Bangladesh,213,3853369,2.517,0.3759999999999999
NUMBER,Number,2.975,Millions,NUMBER,Number (real number),1964,Bangladesh,214,3857296,2.893,0.0820000000000003
NUMBER,Number,3.121,Millions,NUMBER,Number (real number),1965,Bangladesh,215,3861225,2.975,0.1459999999999999
NUMBER,Number,3.176,Millions,NUMBER,Number (real number),1966,Bangladesh,216,3865156,3.121,0.05500000000000016
NUMBER,Number,3.371,Millions,NUMBER,Number (real number),1967,Bangladesh,217,3869089,3.176,0.19499999999999984
NUMBER,Number,3.866,Millions,NUMBER,Number (real number),1968,Bangladesh,218,3873024,3.371,0.4950000000000001
NUMBER,Number,3.749,Millions,NUMBER,Number (real number),1969,Bangladesh,219,3876961,3.866,-0.11699999999999999
NUMBER,Number,3.803,Millions,NUMBER,Number (real number),1970,Bangladesh,220,3880900,3.749,0.053999999999999826
NUMBER,Number,3.606,Millions,NUMBER,Number (real number),1971,Bangladesh,221,3884841,3.803,-0.19700000000000006
NUMBER,Number,3.506,Millions,NUMBER,Number (real number),1972,Bangladesh,222,3888784,3.606,-0.10000000000000009
NUMBER,Number,4.55,Millions,NUMBER,Number (real number),1973,Bangladesh,223,3892729,3.506,1.044
NUMBER,Number,4.653,Millions,NUMBER,Number (real number),1974,Bangladesh,224,3896676,4.55,0.10299999999999976
NUMBER,Number,4.857,Millions,NUMBER,Number (real number),1975,Bangladesh,225,3900625,4.653,0.20400000000000063
NUMBER,Number,5.556,Millions,NUMBER,Number (real number),1976,Bangladesh,226,3904576,4.857,0.6989999999999998
NUMBER,Number,5.785,Millions,NUMBER,Number (real number),1977,Bangladesh,227,3908529,5.556,0.2290000000000001
NUMBER,Number,5.984,Millions,NUMBER,Number (real number),1978,Bangladesh,228,3912484,5.785,0.19899999999999984
NUMBER,Number,6.613,Millions,NUMBER,Number (real number),1979,Bangladesh,229,3916441,5.984,0.6290000000000004
NUMBER,Number,7.597,Millions,NUMBER,Number (real number),1980,Bangladesh,230,3920400,6.613,0.984
NUMBER,Number,7.886,Millions,NUMBER,Number (real number),1981,Bangladesh,231,3924361,7.597,0.2889999999999997
NUMBER,Number,8.552,Millions,NUMBER,Number (real number),1982,Bangladesh,232,3928324,7.886,0.6659999999999995
NUMBER,Number,8.188,Millions,NUMBER,Number (real number),1983,Bangladesh,233,3932289,8.552,-0.363999999999999
NUMBER,Number,9.077,Millions,NUMBER,Number (real number),1984,Bangladesh,234,3936256,8.188,0.8889999999999993
NUMBER,Number,10.189,Millions,NUMBER,Number (real number),1985,Bangladesh,235,3940225,9.077,1.112
NUMBER,Number,11.406,Millions,NUMBER,Number (real number),1986,Bangladesh,236,3944196,10.189,1.2170000000000005
NUMBER,Number,11.8,Millions,NUMBER,Number (real number),1987,Bangladesh,237,3948169,11.406,0.39400000000000013
NUMBER,Number,13.478,Millions,NUMBER,Number (real number),1988,Bangladesh,238,3952144,11.8,1.677999999999999
NUMBER,Number,13.382,Millions,NUMBER,Number (real number),1989,Bangladesh,239,3956121,13.478,-0.09600000000000009
NUMBER,Number,14.082,Millions,NUMBER,Number (real number),1990,Bangladesh,240,3960100,13.382,0.7000000000000011
NUMBER,Number,14.753,Millions,NUMBER,Number (real number),1991,Bangladesh,241,3964081,14.082,0.6709999999999994
NUMBER,Number,15.391,Millions,NUMBER,Number (real number),1992,Bangladesh,242,3968064,14.753,0.6379999999999999
NUMBER,Number,16.074,Millions,NUMBER,Number (real number),1993,Bangladesh,243,3972049,15.391,0.6830000000000016
NUMBER,Number,17.553,Millions,NUMBER,Number (real number),1994,Bangladesh,244,3976036,16.074,1.4789999999999992
NUMBER,Number,21.056,Millions,NUMBER,Number (real number),1995,Bangladesh,245,3980025,17.553,3.503
NUMBER,Number,21.507,Millions,NUMBER,Number (real number),1996,Bangladesh,246,3984016,21.056,0.4510000000000005
NUMBER,Number,23.144,Millions,NUMBER,Number (real number),1997,Bangladesh,247,3988009,21.507,1.636999999999997
NUMBER,Number,23.216,Millions,NUMBER,Number (real number),1998,Bangladesh,248,3992004,23.144,0.07200000000000273
NUMBER,Number,25.093,Millions,NUMBER,Number (real number),1999,Bangladesh,249,3996001,23.216,1.876999999999999
NUMBER,Number,26.539,Millions,NUMBER,Number (real number),2000,Bangladesh,250,4000000,25.093,1.4460000000000015
NUMBER,Number,31.064,Millions,NUMBER,Number (real number),2001,Bangladesh,251,4004001,26.539,4.524999999999999
NUMBER,Number,32.007,Millions,NUMBER,Number (real number),2002,Bangladesh,252,4008004,31.064,0.9429999999999978
NUMBER,Number,33.496,Millions,NUMBER,Number (real number),2003,Bangladesh,253,4012009,32.007,1.4890000000000043
NUMBER,Number,35.982,Millions,NUMBER,Number (real number),2004,Bangladesh,254,4016016,33.496,2.485999999999997
NUMBER,Number,37.717,Millions,NUMBER,Number (real number),2005,Bangladesh,255,4020025,35.982,1.7349999999999994
NUMBER,Number,41.726,Millions,NUMBER,Number (real number),2006,Bangladesh,256,4024036,37.717,4.009
NUMBER,Number,42.675,Millions,NUMBER,Number (real number),2007,Bangladesh,257,4028049,41.726,0.9489999999999981
NUMBER,Number,45.341,Millions,NUMBER,Number (real number),2008,Bangladesh,258,4032064,42.675,2.666000000000004
NUMBER,Number,49.188,Millions,NUMBER,Number (real number),2009,Bangladesh,259,4036081,45.341,3.8470000000000013
NUMBER,Number,54.036,Millions,NUMBER,Number (real number),2010,Bangladesh,260,4040100,49.188,4.847999999999999
NUMBER,Number,55.593,Millions,NUMBER,Number (real number),2011,Bangladesh,261,4044121,54.036,1.5570000000000022
NUMBER,Number,59.704,Millions,NUMBER,Number (real number),2012,Bangladesh,262,4048144,55.593,4.110999999999997
NUMBER,Number,64.763,Millions,NUMBER,Number (real number),2013,Bangladesh,263,4052169,59.704,5.059000000000005
NUMBER,Number,67.552,Millions,NUMBER,Number (real number),2014,Bangladesh,264,4056196,64.763,2.7890000000000015
NUMBER,Number,76.949,Millions,NUMBER,Number (real number),2015,Bangladesh,265,4060225,67.552,9.396999999999991
NUMBER,Number,81.762,Millions,NUMBER,Number (real number),2016,Bangladesh,266,4064256,76.949,4.813000000000002
NUMBER,Number,86.53,Millions,NUMBER,Number (real number),2017,Bangladesh,267,4068289,81.762,4.768000000000001
NUMBER,Number,86.611,Millions,NUMBER,Number (real number),2018,Bangladesh,268,4072324,86.53,0.08100000000000307
NUMBER,Number,94.808,Millions,NUMBER,Number (real number),2019,Bangladesh,269,4076361,86.611,8.197000000000003
NUMBER,Number,95.454,Millions,NUMBER,Number (real number),2020,Bangladesh,270,4080400,94.808,0.6459999999999866
NUMBER,Number,107.621,Millions,NUMBER,Number (real number),2021,Bangladesh,271,4084441,95.454,12.167000000000002
NUMBER,Number,113.863,Millions,NUMBER,Number (real number),2022,Bangladesh,272,4088484,107.621,6.242000000000004
NUMBER,Number,113.427,Millions,NUMBER,Number (real number),2023,Bangladesh,273,4092529,113.863,-0.43599999999999284
NUMBER,Number,0.004,Millions,NUMBER,Number (real number),1929,Barbados,179,3721041,0.004,0.0
NUMBER,Number,0.007,Millions,NUMBER,Number (real number),1930,Barbados,180,3724900,0.004,0.003
NUMBER,Number,0.004,Millions,NUMBER,Number (real number),1931,Barbados,181,3728761,0.007,-0.003
NUMBER,Number,0.004,Millions,NUMBER,Number (real number),1932,Barbados,182,3732624,0.004,0.0
NUMBER,Number,0.004,Millions,NUMBER,Number (real number),1933,Barbados,183,3736489,0.004,0.0
NUMBER,Number,0.004,Millions,NUMBER,Number (real number),1934,Barbados,184,3740356,0.004,0.0
NUMBER,Number,0.004,Millions,NUMBER,Number (real number),1939,Barbados,189,3759721,0.004,0.0
NUMBER,Number,0.004,Millions,NUMBER,Number (real number),1947,Barbados,197,3790809,0.004,0.0
NUMBER,Number,0.004,Millions,NUMBER,Number (real number),1948,Barbados,198,3794704,0.004,0.0
NUMBER,Number,0.004,Millions,NUMBER,Number (real number),1949,Barbados,199,3798601,0.004,0.0
NUMBER,Number,0.073,Millions,NUMBER,Number (real number),1950,Barbados,200,3802500,0.004,0.06899999999999999
NUMBER,Number,0.11,Millions,NUMBER,Number (real number),1951,Barbados,201,3806401,0.073,0.037000000000000005
NUMBER,Number,0.088,Millions,NUMBER,Number (real number),1952,Barbados,202,3810304,0.11,-0.022000000000000006
NUMBER,Number,0.11,Millions,NUMBER,Number (real number),1953,Barbados,203,3814209,0.088,0.022000000000000006
NUMBER,Number,0.114,Millions,NUMBER,Number (real number),1954,Barbados,204,3818116,0.11,0.0040000000000000036
NUMBER,Number,0.128,Millions,NUMBER,Number (real number),1955,Barbados,205,3822025,0.114,0.013999999999999999
NUMBER,Number,0.128,Millions,NUMBER,Number (real number),1956,Barbados,206,3825936,0.128,0.0
NUMBER,Number,0.136,Millions,NUMBER,Number (real number),1957,Barbados,207,3829849,0.128,0.008000000000000007
NUMBER,Number,0.15,Millions,NUMBER,Number (real number),1958,Barbados,208,3833764,0.136,0.013999999999999985
NUMBER,Number,0.15,Millions,NUMBER,Number (real number),1959,Barbados,209,3837681,0.15,0.0
NUMBER,Number,0.172,Millions,NUMBER,Number (real number),1960,Barbados,210,3841600,0.15,0.021999999999999992
NUMBER,Number,0.194,Millions,NUMBER,Number (real number),1961,Barbados,211,3845521,0.172,0.02200000000000002
NUMBER,Number,0.26,Millions,NUMBER,Number (real number),1962,Barbados,212,3849444,0.194,0.066
NUMBER,Number,0.191,Millions,NUMBER,Number (real number),1963,Barbados,213,3853369,0.26,-0.069
NUMBER,Number,0.18,Millions,NUMBER,Number (real number),1964,Barbados,214,3857296,0.191,-0.01100000000000001
NUMBER,Number,0.205,Millions,NUMBER,Number (real number),1965,Barbados,215,3861225,0.18,0.024999999999999994
NUMBER,Number,0.267,Millions,NUMBER,Number (real number),1966,Barbados,216,3865156,0.205,0.06200000000000003
NUMBER,Number,0.337,Millions,NUMBER,Number (real number),1967,Barbados,217,3869089,0.267,0.07
NUMBER,Number,0.44,Millions,NUMBER,Number (real number),1968,Barbados,218,3873024,0.337,0.10299999999999998
NUMBER,Number,0.48,Millions,NUMBER,Number (real number),1969,Barbados,219,3876961,0.44,0.03999999999999998
NUMBER,Number,0.429,Millions,NUMBER,Number (real number),1970,Barbados,220,3880900,0.48,-0.05099999999999999
NUMBER,Number,0.484,Millions,NUMBER,Number (real number),1971,Barbados,221,3884841,0.429,0.05499999999999999
NUMBER,Number,0.502,Millions,NUMBER,Number (real number),1972,Barbados,222,3888784,0.484,0.018000000000000016
NUMBER,Number,0.48,Millions,NUMBER,Number (real number),1973,Barbados,223,3892729,0.502,-0.02200000000000002
NUMBER,Number,0.491,Millions,NUMBER,Number (real number),1974,Barbados,224,3896676,0.48,0.01100000000000001
NUMBER,Number,0.568,Millions,NUMBER,Number (real number),1975,Barbados,225,3900625,0.491,0.07699999999999996
NUMBER,Number,0.531,Millions,NUMBER,Number (real number),1976,Barbados,226,3904576,0.568,-0.03699999999999992
NUMBER,Number,0.59,Millions,NUMBER,Number (real number),1977,Barbados,227,3908529,0.531,0.05899999999999994
NUMBER,Number,0.63,Millions,NUMBER,Number (real number),1978,Barbados,228,3912484,0.59,0.040000000000000036
NUMBER,Number,0.601,Millions,NUMBER,Number (real number),1979,Barbados,229,3916441,0.63,-0.029000000000000026
NUMBER,Number,0.674,Millions,NUMBER,Number (real number),1980,Barbados,230,3920400,0.601,0.07300000000000006
NUMBER,Number,0.685,Millions,NUMBER,Number (real number),1981,Barbados,231,3924361,0.674,0.01100000000000001
NUMBER,Number,0.645,Millions,NUMBER,Number (real number),1982,Barbados,232,3928324,0.685,-0.040000000000000036
NUMBER,Number,0.685,Millions,NUMBER,Number (real number),1983,Barbados,233,3932289,0.645,0.040000000000000036
NUMBER,Number,0.747,Millions,NUMBER,Number (real number),1984,Barbados,234,3936256,0.685,0.061999999999999944
NUMBER,Number,0.846,Millions,NUMBER,Number (real number),1985,Barbados,235,3940225,0.747,0.09899999999999998
NUMBER,Number,0.915,Millions,NUMBER,Number (real number),1986,Barbados,236,3944196,0.846,0.06900000000000006
NUMBER,Number,0.941,Millions,NUMBER,Number (real number),1987,Barbados,237,3948169,0.915,0.025999999999999912
NUMBER,Number,0.945,Millions,NUMBER,Number (real number),1988,Barbados,238,3952144,0.941,0.0040000000000000036
NUMBER,Number,0.989,Millions,NUMBER,Number (real number),1989,Barbados,239,3956121,0.945,0.04400000000000004
NUMBER,Number,1.026,Millions,NUMBER,Number (real number),1990,Barbados,240,3960100,0.989,0.03700000000000003
NUMBER,Number,1.184,Millions,NUMBER,Number (real number),1991,Barbados,241,3964081,1.026,0.15799999999999992
NUMBER,Number,1.164,Millions,NUMBER,Number (real number),1992,Barbados,242,3968064,1.184,-0.020000000000000018
NUMBER,Number,0.932,Millions,NUMBER,Number (real number),1993,Barbados,243,3972049,1.164,-0.23199999999999987
NUMBER,Number,0.933,Millions,NUMBER,Number (real number),1994,Barbados,244,3976036,0.932,0.0010000000000000009
NUMBER,Number,1.019,Millions,NUMBER,Number (real number),1995,Barbados,245,3980025,0.933,0.08599999999999985
NUMBER,Number,1.042,Millions,NUMBER,Number (real number),1996,Barbados,246,3984016,1.019,0.02300000000000013
NUMBER,Number,1.152,Millions,NUMBER,Number (real number),1997,Barbados,247,3988009,1.042,0.10999999999999988
NUMBER,Number,1.224,Millions,NUMBER,Number (real number),1998,Barbados,248,3992004,1.152,0.07200000000000006
NUMBER,Number,1.294,Millions,NUMBER,Number (real number),1999,Barbados,249,3996001,1.224,0.07000000000000006
NUMBER,Number,1.305,Millions,NUMBER,Number (real number),2000,Barbados,250,4000000,1.294,0.010999999999999899
NUMBER,Number,1.304,Millions,NUMBER,Number (real number),2001,Barbados,251,4004001,1.305,-0.0009999999999998899
NUMBER,Number,1.317,Millions,NUMBER,Number (real number),2002,Barbados,252,4008004,1.304,0.0129999999999999
NUMBER,Number,1.359,Millions,NUMBER,Number (real number),2003,Barbados,253,4012009,1.317,0.04200000000000004
NUMBER,Number,1.383,Millions,NUMBER,Number (real number),2004,Barbados,254,4016016,1.359,0.02400000000000002
NUMBER,Number,1.429,Millions,NUMBER,Number (real number),2005,Barbados,255,4020025,1.383,0.04600000000000004
NUMBER,Number,1.467,Millions,NUMBER,Number (real number),2006,Barbados,256,4024036,1.429,0.038000000000000034
NUMBER,Number,1.473,Millions,NUMBER,Number (real number),2007,Barbados,257,4028049,1.467,0.006000000000000005
NUMBER,Number,1.733,Millions,NUMBER,Number (real number),2008,Barbados,258,4032064,1.473,0.26
NUMBER,Number,1.7,Millions,NUMBER,Number (real number),2009,Barbados,259,4036081,1.733,-0.03300000000000014
NUMBER,Number,1.563,Millions,NUMBER,Number (real number),2010,Barbados,260,4040100,1.7,-0.137
NUMBER,Number,1.626,Millions,NUMBER,Number (real number),2011,Barbados,261,4044121,1.563,0.06299999999999994
NUMBER,Number,1.551,Millions,NUMBER,Number (real number),2012,Barbados,262,4048144,1.626,-0.07499999999999996
NUMBER,Number,1.533,Millions,NUMBER,Number (real number),2013,Barbados,263,4052169,1.551,-0.018000000000000016
NUMBER,Number,1.382,Millions,NUMBER,Number (real number),2014,Barbados,264,4056196,1.533,-0.15100000000000002
NUMBER,Number,1.368,Millions,NUMBER,Number (real number),2015,Barbados,265,4060225,1.382,-0.01399999999999979
NUMBER,Number,1.408,Millions,NUMBER,Number (real number),2016,Barbados,266,4064256,1.368,0.039999999999999813
NUMBER,Number,1.388,Millions,NUMBER,Number (real number),2017,Barbados,267,4068289,1.408,-0.020000000000000018
NUMBER,Number,1.476,Millions,NUMBER,Number (real number),2018,Barbados,268,4072324,1.388,0.08800000000000008
NUMBER,Number,1.429,Millions,NUMBER,Number (real number),2019,Barbados,269,4076361,1.476,-0.04699999999999993
NUMBER,Number,1.237,Millions,NUMBER,Number (real number),2020,Barbados,270,4080400,1.429,-0.19199999999999995
NUMBER,Number,1.176,Millions,NUMBER,Number (real number),2021,Barbados,271,4084441,1.237,-0.061000000000000165
NUMBER,Number,1.143,Millions,NUMBER,Number (real number),2022,Barbados,272,4088484,1.176,-0.03299999999999992
NUMBER,Number,1.192,Millions,NUMBER,Number (real number),2023,Barbados,273,4092529,1.143,0.04899999999999993
NUMBER,Number,0.001,Millions,NUMBER,Number (real number),1831,Belarus,81,3352561,0.001,0.0
NUMBER,Number,0.0,Millions,NUMBER,Number (real number),1832,Belarus,82,3356224,0.001,-0.001
NUMBER,Number,0.001,Millions,NUMBER,Number (real number),1833,Belarus,83,3359889,0.0,0.001
NUMBER,Number,0.003,Millions,NUMBER,Number (real number),1850,Belarus,100,3422500,0.001,0.002
NUMBER,Number,0.01,Millions,NUMBER,Number (real number),1855,Belarus,105,3441025,0.003,0.007
NUMBER,Number,0.013,Millions,NUMBER,Number (real number),1858,Belarus,108,3452164,0.01,0.002999999999999999
NUMBER,Number,0.014,Millions,NUMBER,Number (real number),1859,Belarus,109,3455881,0.013,0.0010000000000000009
NUMBER,Number,0.019,Millions,NUMBER,Number (real number),1860,Belarus,110,3459600,0.014,0.004999999999999999
NUMBER,Number,0.024,Millions,NUMBER,Number (real number),1861,Belarus,111,3463321,0.019,0.005000000000000001
NUMBER,Number,0.022,Millions,NUMBER,Number (real number),1862,Belarus,112,3467044,0.024,-0.0020000000000000018
NUMBER,Number,0.023,Millions,NUMBER,Number (real number),1863,Belarus,113,3470769,0.022,0.0010000000000000009
NUMBER,Number,0.025,Millions,NUMBER,Number (real number),1864,Belarus,114,3474496,0.023,0.0020000000000000018
NUMBER,Number,0.024,Millions,NUMBER,Number (real number),1865,Belarus,115,3478225,0.025,-0.0010000000000000009
NUMBER,Number,0.077,Millions,NUMBER,Number (real number),1866,Belarus,116,3481956,0.024,0.053
NUMBER,Number,0.088,Millions,NUMBER,Number (real number),1867,Belarus,117,3485689,0.077,0.010999999999999996
NUMBER,Number,0.073,Millions,NUMBER,Number (real number),1868,Belarus,118,3489424,0.088,-0.015
NUMBER,Number,0.099,Millions,NUMBER,Number (real number),1869,Belarus,119,3493161,0.073,0.02600000000000001
NUMBER,Number,0.108,Millions,NUMBER,Number (real number),1870,Belarus,120,3496900,0.099,0.008999999999999994
NUMBER,Number,0.146,Millions,NUMBER,Number (real number),1871,Belarus,121,3500641,0.108,0.03799999999999999
NUMBER,Number,0.15,Millions,NUMBER,Number (real number),1872,Belarus,122,3504384,0.146,0.0040000000000000036
NUMBER,Number,0.14,Millions,NUMBER,Number (real number),1873,Belarus,123,3508129,0.15,-0.009999999999999981
NUMBER,Number,0.17,Millions,NUMBER,Number (real number),1874,Belarus,124,3511876,0.14,0.03
NUMBER,Number,0.196,Millions,NUMBER,Number (real number),1875,Belarus,125,3515625,0.17,0.025999999999999995
NUMBER,Number,0.244,Millions,NUMBER,Number (real number),1876,Belarus,126,3519376,0.196,0.04799999999999999
NUMBER,Number,0.249,Millions,NUMBER,Number (real number),1877,Belarus,127,3523129,0.244,0.0050000000000000044
NUMBER,Number,0.325,Millions,NUMBER,Number (real number),1878,Belarus,128,3526884,0.249,0.07600000000000001
NUMBER,Number,0.333,Millions,NUMBER,Number (real number),1879,Belarus,129,3530641,0.325,0.008000000000000007
NUMBER,Number,0.391,Millions,NUMBER,Number (real number),1880,Belarus,130,3534400,0.333,0.057999999999999996
NUMBER,Number,0.412,Millions,NUMBER,Number (real number),1881,Belarus,131,3538161,0.391,0.020999999999999963
NUMBER,Number,0.434,Millions,NUMBER,Number (real number),1882,Belarus,132,3541924,0.412,0.02200000000000002
NUMBER,Number,0.494,Millions,NUMBER,Number (real number),1883,Belarus,133,3545689,0.434,0.06
NUMBER,Number,0.501,Millions,NUMBER,Number (real number),1884,Belarus,134,3549456,0.494,0.007000000000000006
NUMBER,Number,0.546,Millions,NUMBER,Number (real number),1885,Belarus,135,3553225,0.501,0.04500000000000004
NUMBER,Number,0.56,Millions,NUMBER,Number (real number),1886,Belarus,136,3556996,0.546,0.014000000000000012
NUMBER,Number,0.592,Millions,NUMBER,Number (real number),1887,Belarus,137,3560769,0.56,0.03199999999999992
NUMBER,Number,0.618,Millions,NUMBER,Number (real number),1888,Belarus,138,3564544,0.592,0.026000000000000023
NUMBER,Number,0.667,Millions,NUMBER,Number (real number),1889,Belarus,139,3568321,0.618,0.049000000000000044
NUMBER,Number,0.756,Millions,NUMBER,Number (real number),1890,Belarus,140,3572100,0.667,0.08899999999999997
NUMBER,Number,0.832,Millions,NUMBER,Number (real number),1891,Belarus,141,3575881,0.756,0.07599999999999996
NUMBER,Number,0.881,Millions,NUMBER,Number (real number),1892,Belarus,142,3579664,0.832,0.049000000000000044
NUMBER,Number,1.033,Millions,NUMBER,Number (real number),1893,Belarus,143,3583449,0.881,0.1519999999999999
NUMBER,Number,1.052,Millions,NUMBER,Number (real number),1894,Belarus,144,3587236,1.033,0.019000000000000128
NUMBER,Number,1.208,Millions,NUMBER,Number (real number),1895,Belarus,145,3591025,1.052,0.15599999999999992
NUMBER,Number,1.23,Millions,NUMBER,Number (real number),1896,Belarus,146,3594816,1.208,0.02200000000000002
NUMBER,Number,1.422,Millions,NUMBER,Number (real number),1897,Belarus,147,3598609,1.23,0.19199999999999995
NUMBER,Number,1.595,Millions,NUMBER,Number (real number),1898,Belarus,148,3602404,1.422,0.17300000000000004
NUMBER,Number,1.85,Millions,NUMBER,Number (real number),1899,Belarus,149,3606201,1.595,0.2550000000000001
NUMBER,Number,2.096,Millions,NUMBER,Number (real number),1900,Belarus,150,3610000,1.85,0.246
NUMBER,Number,2.152,Millions,NUMBER,Number (real number),1901,Belarus,151,3613801,2.096,0.05600000000000005
NUMBER,Number,2.079,Millions,NUMBER,Number (real number),1902,Belarus,152,3617604,2.152,-0.07299999999999995
NUMBER,Number,2.033,Millions,NUMBER,Number (real number),1903,Belarus,153,3621409,2.079,-0.04600000000000026
NUMBER,Number,2.262,Millions,NUMBER,Number (real number),1904,Belarus,154,3625216,2.033,0.2290000000000001
NUMBER,Number,2.019,Millions,NUMBER,Number (real number),1905,Belarus,155,3629025,2.262,-0.24299999999999988
NUMBER,Number,2.303,Millions,NUMBER,Number (real number),1906,Belarus,156,3632836,2.019,0.2839999999999998
NUMBER,Number,2.58,Millions,NUMBER,Number (real number),1907,Belarus,157,3636649,2.303,0.27700000000000014
NUMBER,Number,2.596,Millions,NUMBER,Number (real number),1908,Belarus,158,3640464,2.58,0.016000000000000014
NUMBER,Number,2.74,Millions,NUMBER,Number (real number),1909,Belarus,159,3644281,2.596,0.14400000000000013
NUMBER,Number,2.687,Millions,NUMBER,Number (real number),1910,Belarus,160,3648100,2.74,-0.05300000000000038
NUMBER,Number,2.786,Millions,NUMBER,Number (real number),1911,Belarus,161,3651921,2.687,0.0990000000000002
NUMBER,Number,3.156,Millions,NUMBER,Number (real number),1912,Belarus,162,3655744,2.786,0.3700000000000001
NUMBER,Number,3.428,Millions,NUMBER,Number (real number),1913,Belarus,163,3659569,3.156,0.2719999999999998
NUMBER,Number,3.094,Millions,NUMBER,Number (real number),1914,Belarus,164,3663396,3.428,-0.3340000000000001
NUMBER,Number,2.84,Millions,NUMBER,Number (real number),1915,Belarus,165,3667225,3.094,-0.254
NUMBER,Number,3.027,Millions,NUMBER,Number (real number),1916,Belarus,166,3671056,2.84,0.18700000000000028
NUMBER,Number,2.786,Millions,NUMBER,Number (real number),1917,Belarus,167,3674889,3.027,-0.2410000000000001
NUMBER,Number,1.111,Millions,NUMBER,Number (real number),1918,Belarus,168,3678724,2.786,-1.675
NUMBER,Number,0.949,Millions,NUMBER,Number (real number),1919,Belarus,169,3682561,1.111,-0.16200000000000003
NUMBER,Number,0.865,Millions,NUMBER,Number (real number),1920,Belarus,170,3686400,0.949,-0.08399999999999996
NUMBER,Number,0.938,Millions,NUMBER,Number (real number),1921,Belarus,171,3690241,0.865,0.07299999999999995
NUMBER,Number,1.144,Millions,NUMBER,Number (real number),1922,Belarus,172,3694084,0.938,0.20599999999999996
NUMBER,Number,1.264,Millions,NUMBER,Number (real number),1923,Belarus,173,3697929,1.144,0.1200000000000001
NUMBER,Number,1.506,Millions,NUMBER,Number (real number),1924,Belarus,174,3701776,1.264,0.242
NUMBER,Number,1.487,Millions,NUMBER,Number (real number),1925,Belarus,175,3705625,1.506,-0.018999999999999906
NUMBER,Number,2.154,Millions,NUMBER,Number (real number),1926,Belarus,176,3709476,1.487,0.6669999999999998
NUMBER,Number,2.678,Millions,NUMBER,Number (real number),1927,Belarus,177,3713329,2.154,0.524
NUMBER,Number,2.967,Millions,NUMBER,Number (real number),1928,Belarus,178,3717184,2.678,0.28900000000000015
NUMBER,Number,3.197,Millions,NUMBER,Number (real number),1929,Belarus,179,3721041,2.967,0.22999999999999998
NUMBER,Number,4.355,Millions,NUMBER,Number (real number),1930,Belarus,180,3724900,3.197,1.1580000000000004
NUMBER,Number,5.232,Millions,NUMBER,Number (real number),1931,Belarus,181,3728761,4.355,0.8769999999999998
NUMBER,Number,5.89,Millions,NUMBER,Number (real number),1932,Belarus,182,3732624,5.232,0.6579999999999995
NUMBER,Number,6.582,Millions,NUMBER,Number (real number),1933,Belarus,183,3736489,5.89,0.6920000000000002
NUMBER,Number,7.959,Millions,NUMBER,Number (real number),1934,Belarus,184,3740356,6.582,1.3769999999999998
NUMBER,Number,9.005,Millions,NUMBER,Number (real number),1935,Belarus,185,3744225,7.959,1.0460000000000012
NUMBER,Number,10.32,Millions,NUMBER,Number (real number),1936,Belarus,186,3748096,9.005,1.3149999999999995
NUMBER,Number,10.556,Millions,NUMBER,Number (real number),1937,Belarus,187,3751969,10.32,0.23599999999999888
NUMBER,Number,11.142,Millions,NUMBER,Number (real number),1938,Belarus,188,3755844,10.556,0.5860000000000003
NUMBER,Number,11.279,Millions,NUMBER,Number (real number),1939,Belarus,189,3759721,11.142,0.13700000000000045
NUMBER,Number,13.517,Millions,NUMBER,Number (real number),1940,Belarus,190,3763600,11.279,2.2379999999999995
NUMBER,Number,11.88,Millions,NUMBER,Number (real number),1941,Belarus,191,3767481,13.517,-1.6369999999999987
NUMBER,Number,6.471,Millions,NUMBER,Number (real number),1942,Belarus,192,3771364,11.88,-5.409000000000001
NUMBER,Number,6.754,Millions,NUMBER,Number (real number),1943,Belarus,193,3775249,6.471,0.2829999999999995
NUMBER,Number,9.794,Millions,NUMBER,Number (real number),1944,Belarus,194,3779136,6.754,3.040000000000001
NUMBER,Number,10.355,Millions,NUMBER,Number (real number),1945,Belarus,195,3783025,9.794,0.5609999999999999
NUMBER,Number,11.628,Millions,NUMBER,Number (real number),1946,Belarus,196,3786916,10.355,1.2729999999999997
NUMBER,Number,13.997,Millions,NUMBER,Number (real number),1947,Belarus,197,3790809,11.628,2.3689999999999998
NUMBER,Number,14.887,Millions,NUMBER,Number (real number),1948,Belarus,198,3794704,13.997,0.8900000000000006
NUMBER,Number,16.922,Millions,NUMBER,Number (real number),1949,Belarus,199,3798601,14.887,2.035
NUMBER,Number,18.853,Millions,NUMBER,Number (real number),1950,Belarus,200,3802500,16.922,1.931000000000001
NUMBER,Number,20.426,Millions,NUMBER,Number (real number),1951,Belarus,201,3806401,18.853,1.5729999999999968
NUMBER,Number,21.876,Millions,NUMBER,Number (real number),1952,Belarus,202,3810304,20.426,1.4500000000000028
NUMBER,Number,23.145,Millions,NUMBER,Number (real number),1953,Belarus,203,3814209,21.876,1.2689999999999984
NUMBER,Number,25.273,Millions,NUMBER,Number (real number),1954,Belarus,204,3818116,23.145,2.128
NUMBER,Number,28.66,Millions,NUMBER,Number (real number),1955,Belarus,205,3822025,25.273,3.3870000000000005
NUMBER,Number,31.437,Millions,NUMBER,Number (real number),1956,Belarus,206,3825936,28.66,2.777000000000001
NUMBER,Number,34.407,Millions,NUMBER,Number (real number),1957,Belarus,207,3829849,31.437,2.9699999999999953
NUMBER,Number,36.735,Millions,NUMBER,Number (real number),1958,Belarus,208,3833764,34.407,2.328000000000003
NUMBER,Number,38.627,Millions,NUMBER,Number (real number),1959,Belarus,209,3837681,36.735,1.892000000000003
NUMBER,Number,40.227,Millions,NUMBER,Number (real number),1960,Belarus,210,3841600,38.627,1.5999999999999943
NUMBER,Number,41.504,Millions,NUMBER,Number (real number),1961,Belarus,211,3845521,40.227,1.277000000000001
NUMBER,Number,43.591,Millions,NUMBER,Number (real number),1962,Belarus,212,3849444,41.504,2.0870000000000033
NUMBER,Number,46.765,Millions,NUMBER,Number (real number),1963,Belarus,213,3853369,43.591,3.1739999999999995
NUMBER,Number,49.745,Millions,NUMBER,Number (real number),1964,Belarus,214,3857296,46.765,2.979999999999997
NUMBER,Number,52.777,Millions,NUMBER,Number (real number),1965,Belarus,215,3861225,49.745,3.0320000000000036
NUMBER,Number,55.746,Millions,NUMBER,Number (real number),1966,Belarus,216,3865156,52.777,2.969000000000001
NUMBER,Number,58.322,Millions,NUMBER,Number (real number),1967,Belarus,217,3869089,55.746,2.5760000000000005
NUMBER,Number,59.989,Millions,NUMBER,Number (real number),1968,Belarus,218,3873024,58.322,1.6669999999999945
NUMBER,Number,62.497,Millions,NUMBER,Number (real number),1969,Belarus,219,3876961,59.989,2.5080000000000027
NUMBER,Number,65.755,Millions,NUMBER,Number (real number),1970,Belarus,220,3880900,62.497,3.2579999999999956
NUMBER,Number,69.786,Millions,NUMBER,Number (real number),1971,Belarus,221,3884841,65.755,4.031000000000006
NUMBER,Number,73.444,Millions,NUMBER,Number (real number),1972,Belarus,222,3888784,69.786,3.6580000000000013
NUMBER,Number,76.569,Millions,NUMBER,Number (real number),1973,Belarus,223,3892729,73.444,3.125
NUMBER,Number,79.511,Millions,NUMBER,Number (real number),1974,Belarus,224,3896676,76.569,2.941999999999993
NUMBER,Number,83.582,Millions,NUMBER,Number (real number),1975,Belarus,225,3900625,79.511,4.070999999999998
NUMBER,Number,86.76,Millions,NUMBER,Number (real number),1976,Belarus,226,3904576,83.582,3.1780000000000115
NUMBER,Number,89.686,Millions,NUMBER,Number (real number),1977,Belarus,227,3908529,86.76,2.926000000000002
NUMBER,Number,92.766,Millions,NUMBER,Number (real number),1978,Belarus,228,3912484,89.686,3.0799999999999983
NUMBER,Number,93.5,Millions,NUMBER,Number (real number),1979,Belarus,229,3916441,92.766,0.7339999999999947
NUMBER,Number,97.138,Millions,NUMBER,Number (real number),1980,Belarus,230,3920400,93.5,3.6380000000000052
NUMBER,Number,95.309,Millions,NUMBER,Number (real number),1981,Belarus,231,3924361,97.138,-1.8290000000000077
NUMBER,Number,97.079,Millions,NUMBER,Number (real number),1982,Belarus,232,3928324,95.309,1.769999999999996
NUMBER,Number,98.436,Millions,NUMBER,Number (real number),1983,Belarus,233,3932289,97.079,1.3570000000000135
NUMBER,Number,99.274,Millions,NUMBER,Number (real number),1984,Belarus,234,3936256,98.436,0.8379999999999939
NUMBER,Number,106.993,Millions,NUMBER,Number (real number),1985,Belarus,235,3940225,99.274,7.718999999999994
NUMBER,Number,121.419,Millions,NUMBER,Number (real number),1986,Belarus,236,3944196,106.993,14.426000000000002
NUMBER,Number,111.763,Millions,NUMBER,Number (real number),1987,Belarus,237,3948169,121.419,-9.655999999999992
NUMBER,Number,114.796,Millions,NUMBER,Number (real number),1988,Belarus,238,3952144,111.763,3.0330000000000013
NUMBER,Number,109.11,Millions,NUMBER,Number (real number),1989,Belarus,239,3956121,114.796,-5.686000000000007
NUMBER,Number,108.345,Millions,NUMBER,Number (real number),1990,Belarus,240,3960100,109.11,-0.7650000000000006
NUMBER,Number,104.072,Millions,NUMBER,Number (real number),1991,Belarus,241,3964081,108.345,-4.272999999999996
NUMBER,Number,93.483,Millions,NUMBER,Number (real number),1992,Belarus,242,3968064,104.072,-10.588999999999999
NUMBER,Number,80.562,Millions,NUMBER,Number (real number),1993,Belarus,243,3972049,93.483,-12.921000000000006
NUMBER,Number,67.879,Millions,NUMBER,Number (real number),1994,Belarus,244,3976036,80.562,-12.682999999999993
NUMBER,Number,60.906,Millions,NUMBER,Number (real number),1995,Belarus,245,3980025,67.879,-6.973000000000006
NUMBER,Number,61.735,Millions,NUMBER,Number (real number),1996,Belarus,246,3984016,60.906,0.8290000000000006
NUMBER,Number,61.588,Millions,NUMBER,Number (real number),1997,Belarus,247,3988009,61.735,-0.14699999999999847
NUMBER,Number,60.073,Millions,NUMBER,Number (real number),1998,Belarus,248,3992004,61.588,-1.5150000000000006
NUMBER,Number,57.966,Millions,NUMBER,Number (real number),1999,Belarus,249,3996001,60.073,-2.1069999999999993
NUMBER,Number,54.906,Millions,NUMBER,Number (real number),2000,Belarus,250,4000000,57.966,-3.0600000000000023
NUMBER,Number,54.003,Millions,NUMBER,Number (real number),2001,Belarus,251,4004001,54.906,-0.9029999999999987
NUMBER,Number,53.844,Millions,NUMBER,Number (real number),2002,Belarus,252,4008004,54.003,-0.15899999999999892
NUMBER,Number,55.088,Millions,NUMBER,Number (real number),2003,Belarus,253,4012009,53.844,1.2439999999999998
NUMBER,Number,58.254,Millions,NUMBER,Number (real number),2004,Belarus,254,4016016,55.088,3.165999999999997
NUMBER,Number,59.31,Millions,NUMBER,Number (real number),2005,Belarus,255,4020025,58.254,1.0560000000000045
NUMBER,Number,61.744,Millions,NUMBER,Number (real number),2006,Belarus,256,4024036,59.31,2.4339999999999975
NUMBER,Number,60.218,Millions,NUMBER,Number (real number),2007,Belarus,257,4028049,61.744,-1.5259999999999962
NUMBER,Number,62.836,Millions,NUMBER,Number (real number),2008,Belarus,258,4032064,60.218,2.617999999999995
NUMBER,Number,60.578,Millions,NUMBER,Number (real number),2009,Belarus,259,4036081,62.836,-2.2579999999999956
NUMBER,Number,62.445,Millions,NUMBER,Number (real number),2010,Belarus,260,4040100,60.578,1.8669999999999973
NUMBER,Number,61.308,Millions,NUMBER,Number (real number),2011,Belarus,261,4044121,62.445,-1.1370000000000005
NUMBER,Number,62.545,Millions,NUMBER,Number (real number),2012,Belarus,262,4048144,61.308,1.2370000000000019
NUMBER,Number,64.126,Millions,NUMBER,Number (real number),2013,Belarus,263,4052169,62.545,1.581000000000003
NUMBER,Number,63.649,Millions,NUMBER,Number (real number),2014,Belarus,264,4056196,64.126,-0.47700000000000387
NUMBER,Number,58.799,Millions,NUMBER,Number (real number),2015,Belarus,265,4060225,63.649,-4.850000000000001
NUMBER,Number,58.134,Millions,NUMBER,Number (real number),2016,Belarus,266,4064256,58.799,-0.6649999999999991
NUMBER,Number,59.382,Millions,NUMBER,Number (real number),2017,Belarus,267,4068289,58.134,1.2479999999999976
NUMBER,Number,62.157,Millions,NUMBER,Number (real number),2018,Belarus,268,4072324,59.382,2.7749999999999986
NUMBER,Number,62.096,Millions,NUMBER,Number (real number),2019,Belarus,269,4076361,62.157,-0.06099999999999994
NUMBER,Number,59.056,Millions,NUMBER,Number (real number),2020,Belarus,270,4080400,62.096,-3.039999999999999
NUMBER,Number,60.938,Millions,NUMBER,Number (real number),2021,Belarus,271,4084441,59.056,1.882000000000005
NUMBER,Number,59.384,Millions,NUMBER,Number (real number),2022,Belarus,272,4088484,60.938,-1.554000000000002
NUMBER,Number,56.491,Millions,NUMBER,Number (real number),2023,Belarus,273,4092529,59.384,-2.8930000000000007
NUMBER,Number,6.196,Millions,NUMBER,Number (real number),1830,Belgium,80,3348900,6.397,-0.2010000000000005
NUMBER,Number,4.463,Millions,NUMBER,Number (real number),1831,Belgium,81,3352561,6.196,-1.7329999999999997
NUMBER,Number,4.716,Millions,NUMBER,Number (real number),1832,Belgium,82,3356224,4.463,0.2530000000000001
NUMBER,Number,4.565,Millions,NUMBER,Number (real number),1833,Belgium,83,3359889,4.716,-0.1509999999999998
NUMBER,Number,4.408,Millions,NUMBER,Number (real number),1834,Belgium,84,3363556,4.565,-0.15700000000000003
NUMBER,Number,4.76,Millions,NUMBER,Number (real number),1835,Belgium,85,3367225,4.408,0.3519999999999994
NUMBER,Number,5.599,Millions,NUMBER,Number (real number),1836,Belgium,86,3370896,4.76,0.8390000000000004
NUMBER,Number,5.998,Millions,NUMBER,Number (real number),1837,Belgium,87,3374569,5.599,0.399
NUMBER,Number,6.123,Millions,NUMBER,Number (real number),1838,Belgium,88,3378244,5.998,0.125
NUMBER,Number,6.709,Millions,NUMBER,Number (real number),1839,Belgium,89,3381921,6.123,0.5859999999999994
NUMBER,Number,7.727,Millions,NUMBER,Number (real number),1840,Belgium,90,3385600,6.709,1.0180000000000007
NUMBER,Number,7.39,Millions,NUMBER,Number (real number),1841,Belgium,91,3389281,7.727,-0.33700000000000063
NUMBER,Number,7.68,Millions,NUMBER,Number (real number),1842,Belgium,92,3392964,7.39,0.29000000000000004
NUMBER,Number,7.112,Millions,NUMBER,Number (real number),1843,Belgium,93,3396649,7.68,-0.5679999999999996
NUMBER,Number,7.801,Millions,NUMBER,Number (real number),1844,Belgium,94,3400336,7.112,0.6890000000000001
NUMBER,Number,8.218,Millions,NUMBER,Number (real number),1845,Belgium,95,3404025,7.801,0.4169999999999998
NUMBER,Number,8.966,Millions,NUMBER,Number (real number),1846,Belgium,96,3407716,8.218,0.7479999999999993
NUMBER,Number,9.318,Millions,NUMBER,Number (real number),1847,Belgium,97,3411409,8.966,0.3520000000000003
NUMBER,Number,8.284,Millions,NUMBER,Number (real number),1848,Belgium,98,3415104,9.318,-1.033999999999999
NUMBER,Number,8.735,Millions,NUMBER,Number (real number),1849,Belgium,99,3418801,8.284,0.45099999999999874
NUMBER,Number,9.332,Millions,NUMBER,Number (real number),1850,Belgium,100,3422500,8.735,0.5970000000000013
NUMBER,Number,10.168,Millions,NUMBER,Number (real number),1851,Belgium,101,3426201,9.332,0.8359999999999985
NUMBER,Number,11.41,Millions,NUMBER,Number (real number),1852,Belgium,102,3429904,10.168,1.2420000000000009
NUMBER,Number,11.787,Millions,NUMBER,Number (real number),1853,Belgium,103,3433609,11.41,0.37700000000000067
NUMBER,Number,13.058,Millions,NUMBER,Number (real number),1854,Belgium,104,3437316,11.787,1.270999999999999
NUMBER,Number,13.377,Millions,NUMBER,Number (real number),1855,Belgium,105,3441025,13.058,0.31900000000000084
NUMBER,Number,13.212,Millions,NUMBER,Number (real number),1856,Belgium,106,3444736,13.377,-0.16500000000000092
NUMBER,Number,13.755,Millions,NUMBER,Number (real number),1857,Belgium,107,3448449,13.212,0.543000000000001
NUMBER,Number,14.451,Millions,NUMBER,Number (real number),1858,Belgium,108,3452164,13.755,0.6959999999999997
NUMBER,Number,14.898,Millions,NUMBER,Number (real number),1859,Belgium,109,3455881,14.451,0.4469999999999992
NUMBER,Number,15.213,Millions,NUMBER,Number (real number),1860,Belgium,110,3459600,14.898,0.3149999999999995
NUMBER,Number,16.459,Millions,NUMBER,Number (real number),1861,Belgium,111,3463321,15.213,1.2460000000000004
NUMBER,Number,16.345,Millions,NUMBER,Number (real number),1862,Belgium,112,3467044,16.459,-0.11400000000000077
NUMBER,Number,17.228,Millions,NUMBER,Number (real number),1863,Belgium,113,3470769,16.345,0.8830000000000027
NUMBER,Number,18.082,Millions,NUMBER,Number (real number),1864,Belgium,114,3474496,17.228,0.8539999999999992
NUMBER,Number,19.06,Millions,NUMBER,Number (real number),1865,Belgium,115,3478225,18.082,0.977999999999998
NUMBER,Number,20.529,Millions,NUMBER,Number (real number),1866,Belgium,116,3481956,19.06,1.4690000000000012
NUMBER,Number,22.233,Millions,NUMBER,Number (real number),1867,Belgium,117,3485689,20.529,1.7040000000000006
NUMBER,Number,20.101,Millions,NUMBER,Number (real number),1868,Belgium,118,3489424,22.233,-2.1320000000000014
NUMBER,Number,21.651,Millions,NUMBER,Number (real number),1869,Belgium,119,3493161,20.101,1.5500000000000007
NUMBER,Number,24.747,Millions,NUMBER,Number (real number),1870,Belgium,120,3496900,21.651,3.096
NUMBER,Number,23.717,Millions,NUMBER,Number (real number),1871,Belgium,121,3500641,24.747,-1.0300000000000011
NUMBER,Number,25.589,Millions,NUMBER,Number (real number),1872,Belgium,122,3504384,23.717,1.8719999999999999
NUMBER,Number,28.107,Millions,NUMBER,Number (real number),1873,Belgium,123,3508129,25.589,2.5180000000000007
NUMBER,Number,25.915,Millions,NUMBER,Number (real number),1874,Belgium,124,3511876,28.107,-2.192
NUMBER,Number,26.93,Millions,NUMBER,Number (real number),1875,Belgium,125,3515625,25.915,1.0150000000000006
NUMBER,Number,26.319,Millions,NUMBER,Number (real number),1876,Belgium,126,3519376,26.93,-0.6110000000000007
NUMBER,Number,25.051,Millions,NUMBER,Number (real number),1877,Belgium,127,3523129,26.319,-1.2680000000000007
NUMBER,Number,27.238,Millions,NUMBER,Number (real number),1878,Belgium,128,3526884,25.051,2.187000000000001
NUMBER,Number,27.733,Millions,NUMBER,Number (real number),1879,Belgium,129,3530641,27.238,0.495000000000001
NUMBER,Number,30.426,Millions,NUMBER,Number (real number),1880,Belgium,130,3534400,27.733,2.692999999999998
NUMBER,Number,30.631,Millions,NUMBER,Number (real number),1881,Belgium,131,3538161,30.426,0.20500000000000185
NUMBER,Number,32.437,Millions,NUMBER,Number (real number),1882,Belgium,132,3541924,30.631,1.8059999999999974
NUMBER,Number,34.383,Millions,NUMBER,Number (real number),1883,Belgium,133,3545689,32.437,1.946000000000005
NUMBER,Number,33.87,Millions,NUMBER,Number (real number),1884,Belgium,134,3549456,34.383,-0.5130000000000052
NUMBER,Number,33.082,Millions,NUMBER,Number (real number),1885,Belgium,135,3553225,33.87,-0.7879999999999967
NUMBER,Number,32.104,Millions,NUMBER,Number (real number),1886,Belgium,136,3556996,33.082,-0.9780000000000015
NUMBER,Number,33.969,Millions,NUMBER,Number (real number),1887,Belgium,137,3560769,32.104,1.865000000000002
NUMBER,Number,36.054,Millions,NUMBER,Number (real number),1888,Belgium,138,3564544,33.969,2.085000000000001
NUMBER,Number,36.834,Millions,NUMBER,Number (real number),1889,Belgium,139,3568321,36.054,0.7800000000000011
NUMBER,Number,39.824,Millions,NUMBER,Number (real number),1890,Belgium,140,3572100,36.834,2.989999999999995
NUMBER,Number,37.78,Millions,NUMBER,Number (real number),1891,Belgium,141,3575881,39.824,-2.043999999999997
NUMBER,Number,37.728,Millions,NUMBER,Number (real number),1892,Belgium,142,3579664,37.78,-0.0519999999999996
NUMBER,Number,36.076,Millions,NUMBER,Number (real number),1893,Belgium,143,3583449,37.728,-1.652000000000001
NUMBER,Number,39.831,Millions,NUMBER,Number (real number),1894,Belgium,144,3587236,36.076,3.7550000000000026
NUMBER,Number,40.132,Millions,NUMBER,Number (real number),1895,Belgium,145,3591025,39.831,0.3009999999999948
NUMBER,Number,42.279,Millions,NUMBER,Number (real number),1896,Belgium,146,3594816,40.132,2.1470000000000056
NUMBER,Number,43.744,Millions,NUMBER,Number (real number),1897,Belgium,147,3598609,42.279,1.4649999999999963
NUMBER,Number,45.086,Millions,NUMBER,Number (real number),1898,Belgium,148,3602404,43.744,1.3419999999999987
NUMBER,Number,47.126,Millions,NUMBER,Number (real number),1899,Belgium,149,3606201,45.086,2.039999999999999
NUMBER,Number,49.666,Millions,NUMBER,Number (real number),1900,Belgium,150,3610000,47.126,2.539999999999999
NUMBER,Number,46.709,Millions,NUMBER,Number (real number),1901,Belgium,151,3613801,49.666,-2.9569999999999936
NUMBER,Number,48.856,Millions,NUMBER,Number (real number),1902,Belgium,152,3617604,46.709,2.1469999999999985
NUMBER,Number,52.63,Millions,NUMBER,Number (real number),1903,Belgium,153,3621409,48.856,3.774000000000001
NUMBER,Number,50.351,Millions,NUMBER,Number (real number),1904,Belgium,154,3625216,52.63,-2.2790000000000035
NUMBER,Number,50.266,Millions,NUMBER,Number (real number),1905,Belgium,155,3629025,50.351,-0.08500000000000085
NUMBER,Number,57.495,Millions,NUMBER,Number (real number),1906,Belgium,156,3632836,50.266,7.228999999999999
NUMBER,Number,58.324,Millions,NUMBER,Number (real number),1907,Belgium,157,3636649,57.495,0.8290000000000006
NUMBER,Number,57.847,Millions,NUMBER,Number (real number),1908,Belgium,158,3640464,58.324,-0.47699999999999676
NUMBER,Number,57.763,Millions,NUMBER,Number (real number),1909,Belgium,159,3644281,57.847,-0.08400000000000318
NUMBER,Number,61.288,Millions,NUMBER,Number (real number),1910,Belgium,160,3648100,57.763,3.5249999999999986
NUMBER,Number,61.687,Millions,NUMBER,Number (real number),1911,Belgium,161,3651921,61.288,0.3990000000000009
NUMBER,Number,64.776,Millions,NUMBER,Number (real number),1912,Belgium,162,3655744,61.687,3.0889999999999986
NUMBER,Number,68.015,Millions,NUMBER,Number (real number),1913,Belgium,163,3659569,64.776,3.2390000000000043
NUMBER,Number,40.575,Millions,NUMBER,Number (real number),1914,Belgium,164,3663396,68.015,-27.439999999999998
NUMBER,Number,34.42,Millions,NUMBER,Number (real number),1915,Belgium,165,3667225,40.575,-6.155000000000001
NUMBER,Number,45.793,Millions,NUMBER,Number (real number),1916,Belgium,166,3671056,34.42,11.372999999999998
NUMBER,Number,36.248,Millions,NUMBER,Number (real number),1917,Belgium,167,3674889,45.793,-9.545000000000002
NUMBER,Number,33.723,Millions,NUMBER,Number (real number),1918,Belgium,168,3678724,36.248,-2.5249999999999986
NUMBER,Number,44.869,Millions,NUMBER,Number (real number),1919,Belgium,169,3682561,33.723,11.146
NUMBER,Number,55.154,Millions,NUMBER,Number (real number),1920,Belgium,170,3686400,44.869,10.285000000000004
NUMBER,Number,50.534,Millions,NUMBER,Number (real number),1921,Belgium,171,3690241,55.154,-4.6200000000000045
NUMBER,Number,55.909,Millions,NUMBER,Number (real number),1922,Belgium,172,3694084,50.534,5.375
NUMBER,Number,71.884,Millions,NUMBER,Number (real number),1923,Belgium,173,3697929,55.909,15.975000000000001
NUMBER,Number,76.255,Millions,NUMBER,Number (real number),1924,Belgium,174,3701776,71.884,4.370999999999995
NUMBER,Number,78.04,Millions,NUMBER,Number (real number),1925,Belgium,175,3705625,76.255,1.7850000000000108
NUMBER,Number,77.684,Millions,NUMBER,Number (real number),1926,Belgium,176,3709476,78.04,-0.35600000000000875
NUMBER,Number,90.475,Millions,NUMBER,Number (real number),1927,Belgium,177,3713329,77.684,12.790999999999997
NUMBER,Number,88.246,Millions,NUMBER,Number (real number),1928,Belgium,178,3717184,90.475,-2.228999999999999
NUMBER,Number,96.955,Millions,NUMBER,Number (real number),1929,Belgium,179,3721041,88.246,8.709000000000003
NUMBER,Number,93.672,Millions,NUMBER,Number (real number),1930,Belgium,180,3724900,96.955,-3.2830000000000013
NUMBER,Number,84.123,Millions,NUMBER,Number (real number),1931,Belgium,181,3728761,93.672,-9.548999999999992
NUMBER,Number,67.713,Millions,NUMBER,Number (real number),1932,Belgium,182,3732624,84.123,-16.41000000000001
NUMBER,Number,72.657,Millions,NUMBER,Number (real number),1933,Belgium,183,3736489,67.713,4.944000000000003
NUMBER,Number,74.958,Millions,NUMBER,Number (real number),1934,Belgium,184,3740356,72.657,2.301000000000002
NUMBER,Number,71.641,Millions,NUMBER,Number (real number),1935,Belgium,185,3744225,74.958,-3.316999999999993
NUMBER,Number,75.004,Millions,NUMBER,Number (real number),1936,Belgium,186,3748096,71.641,3.3629999999999995
NUMBER,Number,90.298,Millions,NUMBER,Number (real number),1937,Belgium,187,3751969,75.004,15.293999999999997
NUMBER,Number,79.119,Millions,NUMBER,Number (real number),1938,Belgium,188,3755844,90.298,-11.179000000000002
NUMBER,Number,73.709,Millions,NUMBER,Number (real number),1939,Belgium,189,3759721,79.119,-5.409999999999997
NUMBER,Number,62.104,Millions,NUMBER,Number (real number),1940,Belgium,190,3763600,73.709,-11.605000000000004
NUMBER,Number,65.184,Millions,NUMBER,Number (real number),1941,Belgium,191,3767481,62.104,3.0799999999999983
NUMBER,Number,61.077,Millions,NUMBER,Number (real number),1942,Belgium,192,3771364,65.184,-4.106999999999999
NUMBER,Number,57.853,Millions,NUMBER,Number (real number),1943,Belgium,193,3775249,61.077,-3.2239999999999966
NUMBER,Number,33.138,Millions,NUMBER,Number (real number),1944,Belgium,194,3779136,57.853,-24.715000000000003
NUMBER,Number,38.755,Millions,NUMBER,Number (real number),1945,Belgium,195,3783025,33.138,5.617000000000004
NUMBER,Number,56.411,Millions,NUMBER,Number (real number),1946,Belgium,196,3786916,38.755,17.656
NUMBER,Number,82.03,Millions,NUMBER,Number (real number),1947,Belgium,197,3790809,56.411,25.619
NUMBER,Number,85.057,Millions,NUMBER,Number (real number),1948,Belgium,198,3794704,82.03,3.027000000000001
NUMBER,Number,80.772,Millions,NUMBER,Number (real number),1949,Belgium,199,3798601,85.057,-4.284999999999997
NUMBER,Number,76.2,Millions,NUMBER,Number (real number),1950,Belgium,200,3802500,80.772,-4.572000000000003
NUMBER,Number,89.45,Millions,NUMBER,Number (real number),1951,Belgium,201,3806401,76.2,13.25
NUMBER,Number,83.464,Millions,NUMBER,Number (real number),1952,Belgium,202,3810304,89.45,-5.986000000000004
NUMBER,Number,82.374,Millions,NUMBER,Number (real number),1953,Belgium,203,3814209,83.464,-1.0900000000000034
NUMBER,Number,85.735,Millions,NUMBER,Number (real number),1954,Belgium,204,3818116,82.374,3.361000000000004
NUMBER,Number,92.017,Millions,NUMBER,Number (real number),1955,Belgium,205,3822025,85.735,6.2819999999999965
NUMBER,Number,96.78,Millions,NUMBER,Number (real number),1956,Belgium,206,3825936,92.017,4.763000000000005
NUMBER,Number,96.487,Millions,NUMBER,Number (real number),1957,Belgium,207,3829849,96.78,-0.29300000000000637
NUMBER,Number,87.685,Millions,NUMBER,Number (real number),1958,Belgium,208,3833764,96.487,-8.801999999999992
NUMBER,Number,88.31,Millions,NUMBER,Number (real number),1959,Belgium,209,3837681,87.685,0.625
NUMBER,Number,90.908,Millions,NUMBER,Number (real number),1960,Belgium,210,3841600,88.31,2.597999999999999
NUMBER,Number,92.698,Millions,NUMBER,Number (real number),1961,Belgium,211,3845521,90.908,1.789999999999992
NUMBER,Number,98.018,Millions,NUMBER,Number (real number),1962,Belgium,212,3849444,92.698,5.320000000000007
NUMBER,Number,105.676,Millions,NUMBER,Number (real number),1963,Belgium,213,3853369,98.018,7.658000000000001
NUMBER,Number,103.554,Millions,NUMBER,Number (real number),1964,Belgium,214,3857296,105.676,-2.122
NUMBER,Number,105.331,Millions,NUMBER,Number (real number),1965,Belgium,215,3861225,103.554,1.777000000000001
NUMBER,Number,105.097,Millions,NUMBER,Number (real number),1966,Belgium,216,3865156,105.331,-0.23400000000000887
NUMBER,Number,107.361,Millions,NUMBER,Number (real number),1967,Belgium,217,3869089,105.097,2.26400000000001
NUMBER,Number,118.438,Millions,NUMBER,Number (real number),1968,Belgium,218,3873024,107.361,11.076999999999998
NUMBER,Number,123.492,Millions,NUMBER,Number (real number),1969,Belgium,219,3876961,118.438,5.054000000000002
NUMBER,Number,125.49,Millions,NUMBER,Number (real number),1970,Belgium,220,3880900,123.492,1.9979999999999905
NUMBER,Number,121.371,Millions,NUMBER,Number (real number),1971,Belgium,221,3884841,125.49,-4.119
NUMBER,Number,130.638,Millions,NUMBER,Number (real number),1972,Belgium,222,3888784,121.371,9.26700000000001
NUMBER,Number,138.639,Millions,NUMBER,Number (real number),1973,Belgium,223,3892729,130.638,8.001000000000005
NUMBER,Number,134.95,Millions,NUMBER,Number (real number),1974,Belgium,224,3896676,138.639,-3.6890000000000214
NUMBER,Number,121.823,Millions,NUMBER,Number (real number),1975,Belgium,225,3900625,134.95,-13.126999999999995
NUMBER,Number,129.678,Millions,NUMBER,Number (real number),1976,Belgium,226,3904576,121.823,7.855000000000004
NUMBER,Number,126.199,Millions,NUMBER,Number (real number),1977,Belgium,227,3908529,129.678,-3.478999999999999
NUMBER,Number,135.45,Millions,NUMBER,Number (real number),1978,Belgium,228,3912484,126.199,9.25099999999999
NUMBER,Number,139.787,Millions,NUMBER,Number (real number),1979,Belgium,229,3916441,135.45,4.3370000000000175
NUMBER,Number,134.836,Millions,NUMBER,Number (real number),1980,Belgium,230,3920400,139.787,-4.950999999999993
NUMBER,Number,123.574,Millions,NUMBER,Number (real number),1981,Belgium,231,3924361,134.836,-11.262000000000015
NUMBER,Number,117.102,Millions,NUMBER,Number (real number),1982,Belgium,232,3928324,123.574,-6.471999999999994
NUMBER,Number,101.202,Millions,NUMBER,Number (real number),1983,Belgium,233,3932289,117.102,-15.900000000000006
NUMBER,Number,104.967,Millions,NUMBER,Number (real number),1984,Belgium,234,3936256,101.202,3.7650000000000006
NUMBER,Number,104.004,Millions,NUMBER,Number (real number),1985,Belgium,235,3940225,104.967,-0.9629999999999939
NUMBER,Number,102.367,Millions,NUMBER,Number (real number),1986,Belgium,236,3944196,104.004,-1.6370000000000005
NUMBER,Number,102.589,Millions,NUMBER,Number (real number),1987,Belgium,237,3948169,102.367,0.2219999999999942
NUMBER,Number,99.743,Millions,NUMBER,Number (real number),1988,Belgium,238,3952144,102.589,-2.8460000000000036
NUMBER,Number,106.792,Millions,NUMBER,Number (real number),1989,Belgium,239,3956121,99.743,7.049000000000007
NUMBER,Number,120.297,Millions,NUMBER,Number (real number),1990,Belgium,240,3960100,106.792,13.504999999999995
NUMBER,Number,123.367,Millions,NUMBER,Number (real number),1991,Belgium,241,3964081,120.297,3.0700000000000074
NUMBER,Number,122.492,Millions,NUMBER,Number (real number),1992,Belgium,242,3968064,123.367,-0.875
NUMBER,Number,121.427,Millions,NUMBER,Number (real number),1993,Belgium,243,3972049,122.492,-1.0649999999999977
NUMBER,Number,124.8,Millions,NUMBER,Number (real number),1994,Belgium,244,3976036,121.427,3.3729999999999905
NUMBER,Number,125.939,Millions,NUMBER,Number (real number),1995,Belgium,245,3980025,124.8,1.1389999999999958
NUMBER,Number,129.481,Millions,NUMBER,Number (real number),1996,Belgium,246,3984016,125.939,3.5420000000000016
NUMBER,Number,123.993,Millions,NUMBER,Number (real number),1997,Belgium,247,3988009,129.481,-5.4879999999999995
NUMBER,Number,130.225,Millions,NUMBER,Number (real number),1998,Belgium,248,3992004,123.993,6.231999999999999
NUMBER,Number,124.683,Millions,NUMBER,Number (real number),1999,Belgium,249,3996001,130.225,-5.541999999999987
NUMBER,Number,126.723,Millions,NUMBER,Number (real number),2000,Belgium,250,4000000,124.683,2.039999999999992
NUMBER,Number,126.067,Millions,NUMBER,Number (real number),2001,Belgium,251,4004001,126.723,-0.6560000000000059
NUMBER,Number,126.864,Millions,NUMBER,Number (real number),2002,Belgium,252,4008004,126.067,0.7970000000000113
NUMBER,Number,128.249,Millions,NUMBER,Number (real number),2003,Belgium,253,4012009,126.864,1.384999999999991
NUMBER,Number,128.782,Millions,NUMBER,Number (real number),2004,Belgium,254,4016016,128.249,0.5330000000000155
NUMBER,Number,125.64,Millions,NUMBER,Number (real number),2005,Belgium,255,4020025,128.782,-3.14200000000001
NUMBER,Number,123.884,Millions,NUMBER,Number (real number),2006,Belgium,256,4024036,125.64,-1.7560000000000002
NUMBER,Number,120.481,Millions,NUMBER,Number (real number),2007,Belgium,257,4028049,123.884,-3.403000000000006
NUMBER,Number,120.18,Millions,NUMBER,Number (real number),2008,Belgium,258,4032064,120.481,-0.3009999999999877
NUMBER,Number,107.78,Millions,NUMBER,Number (real number),2009,Belgium,259,4036081,120.18,-12.400000000000006
NUMBER,Number,114.49,Millions,NUMBER,Number (real number),2010,Belgium,260,4040100,107.78,6.709999999999994
NUMBER,Number,105.098,Millions,NUMBER,Number (real number),2011,Belgium,261,4044121,114.49,-9.391999999999996
NUMBER,Number,102.435,Millions,NUMBER,Number (real number),2012,Belgium,262,4048144,105.098,-2.6629999999999967
NUMBER,Number,102.762,Millions,NUMBER,Number (real number),2013,Belgium,263,4052169,102.435,0.3269999999999982
NUMBER,Number,97.034,Millions,NUMBER,Number (real number),2014,Belgium,264,4056196,102.762,-5.727999999999994
NUMBER,Number,101.275,Millions,NUMBER,Number (real number),2015,Belgium,265,4060225,97.034,4.241
NUMBER,Number,99.742,Millions,NUMBER,Number (real number),2016,Belgium,266,4064256,101.275,-1.5330000000000013
NUMBER,Number,99.192,Millions,NUMBER,Number (real number),2017,Belgium,267,4068289,99.742,-0.5500000000000114
NUMBER,Number,100.159,Millions,NUMBER,Number (real number),2018,Belgium,268,4072324,99.192,0.967000000000013
NUMBER,Number,99.684,Millions,NUMBER,Number (real number),2019,Belgium,269,4076361,100.159,-0.4750000000000085
NUMBER,Number,91.228,Millions,NUMBER,Number (real number),2020,Belgium,270,4080400,99.684,-8.456000000000003
NUMBER,Number,94.886,Millions,NUMBER,Number (real number),2021,Belgium,271,4084441,91.228,3.6580000000000013
NUMBER,Number,89.002,Millions,NUMBER,Number (real number),2022,Belgium,272,4088484,94.886,-5.884
NUMBER,Number,83.368,Millions,NUMBER,Number (real number),2023,Belgium,273,4092529,89.002,-5.634
NUMBER,Number,0.026,Millions,NUMBER,Number (real number),1951,Belize,201,3806401,0.018,0.008
NUMBER,Number,0.026,Millions,NUMBER,Number (real number),1952,Belize,202,3810304,0.026,0.0
NUMBER,Number,0.029,Millions,NUMBER,Number (real number),1953,Belize,203,3814209,0.026,0.0030000000000000027
NUMBER,Number,0.029,Millions,NUMBER,Number (real number),1954,Belize,204,3818116,0.029,0.0
NUMBER,Number,0.029,Millions,NUMBER,Number (real number),1955,Belize,205,3822025,0.029,0.0
NUMBER,Number,0.029,Millions,NUMBER,Number (real number),1956,Belize,206,3825936,0.029,0.0
NUMBER,Number,0.029,Millions,NUMBER,Number (real number),1957,Belize,207,3829849,0.029,0.0
NUMBER,Number,0.04,Millions,NUMBER,Number (real number),1958,Belize,208,3833764,0.029,0.011
NUMBER,Number,0.04,Millions,NUMBER,Number (real number),1959,Belize,209,3837681,0.04,0.0
NUMBER,Number,0.044,Millions,NUMBER,Number (real number),1960,Belize,210,3841600,0.04,0.003999999999999997
NUMBER,Number,0.037,Millions,NUMBER,Number (real number),1961,Belize,211,3845521,0.044,-0.006999999999999999
NUMBER,Number,0.07,Millions,NUMBER,Number (real number),1962,Belize,212,3849444,0.037,0.03300000000000001
NUMBER,Number,0.062,Millions,NUMBER,Number (real number),1963,Belize,213,3853369,0.07,-0.008000000000000007
NUMBER,Number,0.084,Millions,NUMBER,Number (real number),1964,Belize,214,3857296,0.062,0.022000000000000006
NUMBER,Number,0.084,Millions,NUMBER,Number (real number),1965,Belize,215,3861225,0.084,0.0
NUMBER,Number,0.081,Millions,NUMBER,Number (real number),1966,Belize,216,3865156,0.084,-0.0030000000000000027
NUMBER,Number,0.121,Millions,NUMBER,Number (real number),1967,Belize,217,3869089,0.081,0.039999999999999994
NUMBER,Number,0.103,Millions,NUMBER,Number (real number),1968,Belize,218,3873024,0.121,-0.018000000000000002
NUMBER,Number,0.136,Millions,NUMBER,Number (real number),1969,Belize,219,3876961,0.103,0.033000000000000015
NUMBER,Number,0.121,Millions,NUMBER,Number (real number),1970,Belize,220,3880900,0.136,-0.015000000000000013
NUMBER,Number,0.143,Millions,NUMBER,Number (real number),1971,Belize,221,3884841,0.121,0.021999999999999992
NUMBER,Number,0.158,Millions,NUMBER,Number (real number),1972,Belize,222,3888784,0.143,0.015000000000000013
NUMBER,Number,0.147,Millions,NUMBER,Number (real number),1973,Belize,223,3892729,0.158,-0.01100000000000001
NUMBER,Number,0.154,Millions,NUMBER,Number (real number),1974,Belize,224,3896676,0.147,0.007000000000000006
NUMBER,Number,0.176,Millions,NUMBER,Number (real number),1975,Belize,225,3900625,0.154,0.021999999999999992
NUMBER,Number,0.176,Millions,NUMBER,Number (real number),1976,Belize,226,3904576,0.176,0.0
NUMBER,Number,0.198,Millions,NUMBER,Number (real number),1977,Belize,227,3908529,0.176,0.02200000000000002
NUMBER,Number,0.216,Millions,NUMBER,Number (real number),1978,Belize,228,3912484,0.198,0.017999999999999988
NUMBER,Number,0.209,Millions,NUMBER,Number (real number),1979,Belize,229,3916441,0.216,-0.007000000000000006
NUMBER,Number,0.191,Millions,NUMBER,Number (real number),1980,Belize,230,3920400,0.209,-0.017999999999999988
NUMBER,Number,0.183,Millions,NUMBER,Number (real number),1981,Belize,231,3924361,0.191,-0.008000000000000007
NUMBER,Number,0.172,Millions,NUMBER,Number (real number),1982,Belize,232,3928324,0.183,-0.01100000000000001
NUMBER,Number,0.172,Millions,NUMBER,Number (real number),1983,Belize,233,3932289,0.172,0.0
NUMBER,Number,0.172,Millions,NUMBER,Number (real number),1984,Belize,234,3936256,0.172,0.0
NUMBER,Number,0.191,Millions,NUMBER,Number (real number),1985,Belize,235,3940225,0.172,0.019000000000000017
NUMBER,Number,0.205,Millions,NUMBER,Number (real number),1986,Belize,236,3944196,0.191,0.013999999999999985
NUMBER,Number,0.227,Millions,NUMBER,Number (real number),1987,Belize,237,3948169,0.205,0.02200000000000002
NUMBER,Number,0.249,Millions,NUMBER,Number (real number),1988,Belize,238,3952144,0.227,0.021999999999999992
NUMBER,Number,0.3,Millions,NUMBER,Number (real number),1989,Belize,239,3956121,0.249,0.05099999999999999
NUMBER,Number,0.311,Millions,NUMBER,Number (real number),1990,Belize,240,3960100,0.3,0.01100000000000001
NUMBER,Number,0.407,Millions,NUMBER,Number (real number),1991,Belize,241,3964081,0.311,0.09599999999999997
NUMBER,Number,0.355,Millions,NUMBER,Number (real number),1992,Belize,242,3968064,0.407,-0.05199999999999999
NUMBER,Number,0.377,Millions,NUMBER,Number (real number),1993,Belize,243,3972049,0.355,0.02200000000000002
NUMBER,Number,0.374,Millions,NUMBER,Number (real number),1994,Belize,244,3976036,0.377,-0.0030000000000000027
NUMBER,Number,0.377,Millions,NUMBER,Number (real number),1995,Belize,245,3980025,0.374,0.0030000000000000027
NUMBER,Number,0.308,Millions,NUMBER,Number (real number),1996,Belize,246,3984016,0.377,-0.069
NUMBER,Number,0.388,Millions,NUMBER,Number (real number),1997,Belize,247,3988009,0.308,0.08000000000000002
NUMBER,Number,0.37,Millions,NUMBER,Number (real number),1998,Belize,248,3992004,0.388,-0.018000000000000016
NUMBER,Number,0.348,Millions,NUMBER,Number (real number),1999,Belize,249,3996001,0.37,-0.02200000000000002
NUMBER,Number,0.396,Millions,NUMBER,Number (real number),2000,Belize,250,4000000,0.348,0.04800000000000004
NUMBER,Number,0.447,Millions,NUMBER,Number (real number),2001,Belize,251,4004001,0.396,0.05099999999999999
NUMBER,Number,0.432,Millions,NUMBER,Number (real number),2002,Belize,252,4008004,0.447,-0.015000000000000013
NUMBER,Number,0.432,Millions,NUMBER,Number (real number),2003,Belize,253,4012009,0.432,0.0
NUMBER,Number,0.392,Millions,NUMBER,Number (real number),2004,Belize,254,4016016,0.432,-0.03999999999999998
NUMBER,Number,0.421,Millions,NUMBER,Number (real number),2005,Belize,255,4020025,0.392,0.02899999999999997
NUMBER,Number,0.443,Millions,NUMBER,Number (real number),2006,Belize,256,4024036,0.421,0.02200000000000002
NUMBER,Number,0.476,Millions,NUMBER,Number (real number),2007,Belize,257,4028049,0.443,0.032999999999999974
NUMBER,Number,0.436,Millions,NUMBER,Number (real number),2008,Belize,258,4032064,0.476,-0.03999999999999998
NUMBER,Number,0.517,Millions,NUMBER,Number (real number),2009,Belize,259,4036081,0.436,0.08100000000000002
NUMBER,Number,0.539,Millions,NUMBER,Number (real number),2010,Belize,260,4040100,0.517,0.02200000000000002
NUMBER,Number,0.553,Millions,NUMBER,Number (real number),2011,Belize,261,4044121,0.539,0.014000000000000012
NUMBER,Number,0.451,Millions,NUMBER,Number (real number),2012,Belize,262,4048144,0.553,-0.10200000000000004
NUMBER,Number,0.44,Millions,NUMBER,Number (real number),2013,Belize,263,4052169,0.451,-0.01100000000000001
NUMBER,Number,0.469,Millions,NUMBER,Number (real number),2014,Belize,264,4056196,0.44,0.02899999999999997
NUMBER,Number,0.641,Millions,NUMBER,Number (real number),2015,Belize,265,4060225,0.469,0.17200000000000004
NUMBER,Number,0.627,Millions,NUMBER,Number (real number),2016,Belize,266,4064256,0.641,-0.014000000000000012
NUMBER,Number,0.616,Millions,NUMBER,Number (real number),2017,Belize,267,4068289,0.627,-0.01100000000000001
NUMBER,Number,0.605,Millions,NUMBER,Number (real number),2018,Belize,268,4072324,0.616,-0.01100000000000001
NUMBER,Number,0.707,Millions,NUMBER,Number (real number),2019,Belize,269,4076361,0.605,0.10199999999999998
NUMBER,Number,0.584,Millions,NUMBER,Number (real number),2020,Belize,270,4080400,0.707,-0.123
NUMBER,Number,0.613,Millions,NUMBER,Number (real number),2021,Belize,271,4084441,0.584,0.029000000000000026
NUMBER,Number,0.632,Millions,NUMBER,Number (real number),2022,Belize,272,4088484,0.613,0.019000000000000017
NUMBER,Number,0.668,Millions,NUMBER,Number (real number),2023,Belize,273,4092529,0.632,0.03600000000000003
NUMBER,Number,0.115,Millions,NUMBER,Number (real number),1951,Benin,201,3806401,0.138,-0.023000000000000007
NUMBER,Number,0.129,Millions,NUMBER,Number (real number),1952,Benin,202,3810304,0.115,0.013999999999999999
NUMBER,Number,0.107,Millions,NUMBER,Number (real number),1953,Benin,203,3814209,0.129,-0.022000000000000006
NUMBER,Number,0.126,Millions,NUMBER,Number (real number),1954,Benin,204,3818116,0.107,0.019000000000000003
NUMBER,Number,0.126,Millions,NUMBER,Number (real number),1955,Benin,205,3822025,0.126,0.0
NUMBER,Number,0.146,Millions,NUMBER,Number (real number),1956,Benin,206,3825936,0.126,0.01999999999999999
NUMBER,Number,0.149,Millions,NUMBER,Number (real number),1957,Benin,207,3829849,0.146,0.0030000000000000027
NUMBER,Number,0.125,Millions,NUMBER,Number (real number),1958,Benin,208,3833764,0.149,-0.023999999999999994
NUMBER,Number,0.103,Millions,NUMBER,Number (real number),1959,Benin,209,3837681,0.125,-0.022000000000000006
NUMBER,Number,0.161,Millions,NUMBER,Number (real number),1960,Benin,210,3841600,0.103,0.05800000000000001
NUMBER,Number,0.128,Millions,NUMBER,Number (real number),1961,Benin,211,3845521,0.161,-0.033
NUMBER,Number,0.136,Millions,NUMBER,Number (real number),1962,Benin,212,3849444,0.128,0.008000000000000007
NUMBER,Number,0.121,Millions,NUMBER,Number (real number),1963,Benin,213,3853369,0.136,-0.015000000000000013
NUMBER,Number,0.143,Millions,NUMBER,Number (real number),1964,Benin,214,3857296,0.121,0.021999999999999992
NUMBER,Number,0.15,Millions,NUMBER,Number (real number),1965,Benin,215,3861225,0.143,0.007000000000000006
NUMBER,Number,0.114,Millions,NUMBER,Number (real number),1966,Benin,216,3865156,0.15,-0.03599999999999999
NUMBER,Number,0.143,Millions,NUMBER,Number (real number),1967,Benin,217,3869089,0.114,0.028999999999999984
NUMBER,Number,0.154,Millions,NUMBER,Number (real number),1968,Benin,218,3873024,0.143,0.01100000000000001
NUMBER,Number,0.202,Millions,NUMBER,Number (real number),1969,Benin,219,3876961,0.154,0.048000000000000015
NUMBER,Number,0.282,Millions,NUMBER,Number (real number),1970,Benin,220,3880900,0.202,0.07999999999999996
NUMBER,Number,0.293,Millions,NUMBER,Number (real number),1971,Benin,221,3884841,0.282,0.01100000000000001
NUMBER,Number,0.388,Millions,NUMBER,Number (real number),1972,Benin,222,3888784,0.293,0.09500000000000003
NUMBER,Number,0.381,Millions,NUMBER,Number (real number),1973,Benin,223,3892729,0.388,-0.007000000000000006
NUMBER,Number,0.407,Millions,NUMBER,Number (real number),1974,Benin,224,3896676,0.381,0.025999999999999968
NUMBER,Number,0.443,Millions,NUMBER,Number (real number),1975,Benin,225,3900625,0.407,0.03600000000000003
NUMBER,Number,0.26,Millions,NUMBER,Number (real number),1976,Benin,226,3904576,0.443,-0.183
NUMBER,Number,0.297,Millions,NUMBER,Number (real number),1977,Benin,227,3908529,0.26,0.03699999999999998
NUMBER,Number,0.363,Millions,NUMBER,Number (real number),1978,Benin,228,3912484,0.297,0.066
NUMBER,Number,0.366,Millions,NUMBER,Number (real number),1979,Benin,229,3916441,0.363,0.0030000000000000027
NUMBER,Number,0.48,Millions,NUMBER,Number (real number),1980,Benin,230,3920400,0.366,0.11399999999999999
NUMBER,Number,0.387,Millions,NUMBER,Number (real number),1981,Benin,231,3924361,0.48,-0.09299999999999997
NUMBER,Number,0.443,Millions,NUMBER,Number (real number),1982,Benin,232,3928324,0.387,0.055999999999999994
NUMBER,Number,0.404,Millions,NUMBER,Number (real number),1983,Benin,233,3932289,0.443,-0.03899999999999998
NUMBER,Number,0.448,Millions,NUMBER,Number (real number),1984,Benin,234,3936256,0.404,0.043999999999999984
NUMBER,Number,0.686,Millions,NUMBER,Number (real number),1985,Benin,235,3940225,0.448,0.23800000000000004
NUMBER,Number,0.624,Millions,NUMBER,Number (real number),1986,Benin,236,3944196,0.686,-0.062000000000000055
NUMBER,Number,0.474,Millions,NUMBER,Number (real number),1987,Benin,237,3948169,0.624,-0.15000000000000002
NUMBER,Number,0.508,Millions,NUMBER,Number (real number),1988,Benin,238,3952144,0.474,0.03400000000000003
NUMBER,Number,0.57,Millions,NUMBER,Number (real number),1989,Benin,239,3956121,0.508,0.061999999999999944
NUMBER,Number,0.579,Millions,NUMBER,Number (real number),1990,Benin,240,3960100,0.57,0.009000000000000008
NUMBER,Number,0.62,Millions,NUMBER,Number (real number),1991,Benin,241,3964081,0.579,0.041000000000000036
NUMBER,Number,0.671,Millions,NUMBER,Number (real number),1992,Benin,242,3968064,0.62,0.051000000000000045
NUMBER,Number,0.807,Millions,NUMBER,Number (real number),1993,Benin,243,3972049,0.671,0.136
NUMBER,Number,0.912,Millions,NUMBER,Number (real number),1994,Benin,244,3976036,0.807,0.10499999999999998
NUMBER,Number,0.956,Millions,NUMBER,Number (real number),1995,Benin,245,3980025,0.912,0.04399999999999993
NUMBER,Number,1.184,Millions,NUMBER,Number (real number),1996,Benin,246,3984016,0.956,0.22799999999999998
NUMBER,Number,1.224,Millions,NUMBER,Number (real number),1997,Benin,247,3988009,1.184,0.040000000000000036
NUMBER,Number,1.114,Millions,NUMBER,Number (real number),1998,Benin,248,3992004,1.224,-0.10999999999999988
NUMBER,Number,1.462,Millions,NUMBER,Number (real number),1999,Benin,249,3996001,1.114,0.34799999999999986
NUMBER,Number,1.473,Millions,NUMBER,Number (real number),2000,Benin,250,4000000,1.462,0.01100000000000012
NUMBER,Number,1.689,Millions,NUMBER,Number (real number),2001,Benin,251,4004001,1.473,0.21599999999999997
NUMBER,Number,2.11,Millions,NUMBER,Number (real number),2002,Benin,252,4008004,1.689,0.4209999999999998
NUMBER,Number,2.394,Millions,NUMBER,Number (real number),2003,Benin,253,4012009,2.11,0.28400000000000025
NUMBER,Number,2.594,Millions,NUMBER,Number (real number),2004,Benin,254,4016016,2.394,0.19999999999999973
NUMBER,Number,2.49,Millions,NUMBER,Number (real number),2005,Benin,255,4020025,2.594,-0.10399999999999965
NUMBER,Number,3.351,Millions,NUMBER,Number (real number),2006,Benin,256,4024036,2.49,0.8609999999999998
NUMBER,Number,3.931,Millions,NUMBER,Number (real number),2007,Benin,257,4028049,3.351,0.5800000000000001
NUMBER,Number,3.919,Millions,NUMBER,Number (real number),2008,Benin,258,4032064,3.931,-0.01200000000000001
NUMBER,Number,4.225,Millions,NUMBER,Number (real number),2009,Benin,259,4036081,3.919,0.3059999999999996
NUMBER,Number,4.679,Millions,NUMBER,Number (real number),2010,Benin,260,4040100,4.225,0.4540000000000006
NUMBER,Number,4.48,Millions,NUMBER,Number (real number),2011,Benin,261,4044121,4.679,-0.19899999999999984
NUMBER,Number,4.403,Millions,NUMBER,Number (real number),2012,Benin,262,4048144,4.48,-0.07700000000000085
NUMBER,Number,4.566,Millions,NUMBER,Number (real number),2013,Benin,263,4052169,4.403,0.16300000000000026
NUMBER,Number,4.796,Millions,NUMBER,Number (real number),2014,Benin,264,4056196,4.566,0.23000000000000043
NUMBER,Number,5.333,Millions,NUMBER,Number (real number),2015,Benin,265,4060225,4.796,0.5369999999999999
NUMBER,Number,5.336,Millions,NUMBER,Number (real number),2016,Benin,266,4064256,5.333,0.0030000000000001137
NUMBER,Number,5.581,Millions,NUMBER,Number (real number),2017,Benin,267,4068289,5.336,0.2450000000000001
NUMBER,Number,5.669,Millions,NUMBER,Number (real number),2018,Benin,268,4072324,5.581,0.08799999999999919
NUMBER,Number,5.262,Millions,NUMBER,Number (real number),2019,Benin,269,4076361,5.669,-0.40700000000000003
NUMBER,Number,5.518,Millions,NUMBER,Number (real number),2020,Benin,270,4080400,5.262,0.2560000000000002
NUMBER,Number,5.759,Millions,NUMBER,Number (real number),2021,Benin,271,4084441,5.518,0.24100000000000055
NUMBER,Number,5.792,Millions,NUMBER,Number (real number),2022,Benin,272,4088484,5.759,0.032999999999999474
NUMBER,Number,5.592,Millions,NUMBER,Number (real number),2023,Benin,273,4092529,5.792,-0.20000000000000018
NUMBER,Number,0.059,Millions,NUMBER,Number (real number),1951,Bermuda,201,3806401,0.044,0.015
NUMBER,Number,0.106,Millions,NUMBER,Number (real number),1952,Bermuda,202,3810304,0.059,0.047
NUMBER,Number,0.092,Millions,NUMBER,Number (real number),1953,Bermuda,203,3814209,0.106,-0.013999999999999999
NUMBER,Number,0.084,Millions,NUMBER,Number (real number),1954,Bermuda,204,3818116,0.092,-0.007999999999999993
NUMBER,Number,0.11,Millions,NUMBER,Number (real number),1955,Bermuda,205,3822025,0.084,0.025999999999999995
NUMBER,Number,0.136,Millions,NUMBER,Number (real number),1956,Bermuda,206,3825936,0.11,0.02600000000000001
NUMBER,Number,0.139,Millions,NUMBER,Number (real number),1957,Bermuda,207,3829849,0.136,0.0030000000000000027
NUMBER,Number,0.147,Millions,NUMBER,Number (real number),1958,Bermuda,208,3833764,0.139,0.00799999999999998
NUMBER,Number,0.136,Millions,NUMBER,Number (real number),1959,Bermuda,209,3837681,0.147,-0.010999999999999982
NUMBER,Number,0.158,Millions,NUMBER,Number (real number),1960,Bermuda,210,3841600,0.136,0.021999999999999992
NUMBER,Number,0.176,Millions,NUMBER,Number (real number),1961,Bermuda,211,3845521,0.158,0.017999999999999988
NUMBER,Number,0.158,Millions,NUMBER,Number (real number),1962,Bermuda,212,3849444,0.176,-0.017999999999999988
NUMBER,Number,0.15,Millions,NUMBER,Number (real number),1963,Bermuda,213,3853369,0.158,-0.008000000000000007
NUMBER,Number,0.202,Millions,NUMBER,Number (real number),1964,Bermuda,214,3857296,0.15,0.05200000000000002
NUMBER,Number,0.18,Millions,NUMBER,Number (real number),1965,Bermuda,215,3861225,0.202,-0.02200000000000002
NUMBER,Number,0.202,Millions,NUMBER,Number (real number),1966,Bermuda,216,3865156,0.18,0.02200000000000002
NUMBER,Number,0.213,Millions,NUMBER,Number (real number),1967,Bermuda,217,3869089,0.202,0.010999999999999982
NUMBER,Number,0.224,Millions,NUMBER,Number (real number),1968,Bermuda,218,3873024,0.213,0.01100000000000001
NUMBER,Number,0.198,Millions,NUMBER,Number (real number),1969,Bermuda,219,3876961,0.224,-0.025999999999999995
NUMBER,Number,0.227,Millions,NUMBER,Number (real number),1970,Bermuda,220,3880900,0.198,0.028999999999999998
NUMBER,Number,0.231,Millions,NUMBER,Number (real number),1971,Bermuda,221,3884841,0.227,0.0040000000000000036
NUMBER,Number,0.253,Millions,NUMBER,Number (real number),1972,Bermuda,222,3888784,0.231,0.021999999999999992
NUMBER,Number,0.425,Millions,NUMBER,Number (real number),1973,Bermuda,223,3892729,0.253,0.172
NUMBER,Number,0.443,Millions,NUMBER,Number (real number),1974,Bermuda,224,3896676,0.425,0.018000000000000016
NUMBER,Number,0.458,Millions,NUMBER,Number (real number),1975,Bermuda,225,3900625,0.443,0.015000000000000013
NUMBER,Number,0.469,Millions,NUMBER,Number (real number),1976,Bermuda,226,3904576,0.458,0.010999999999999954
NUMBER,Number,0.454,Millions,NUMBER,Number (real number),1977,Bermuda,227,3908529,0.469,-0.014999999999999958
NUMBER,Number,0.425,Millions,NUMBER,Number (real number),1978,Bermuda,228,3912484,0.454,-0.029000000000000026
NUMBER,Number,0.462,Millions,NUMBER,Number (real number),1979,Bermuda,229,3916441,0.425,0.03700000000000003
NUMBER,Number,0.436,Millions,NUMBER,Number (real number),1980,Bermuda,230,3920400,0.462,-0.026000000000000023
NUMBER,Number,0.388,Millions,NUMBER,Number (real number),1981,Bermuda,231,3924361,0.436,-0.04799999999999999
NUMBER,Number,0.396,Millions,NUMBER,Number (real number),1982,Bermuda,232,3928324,0.388,0.008000000000000007
NUMBER,Number,0.451,Millions,NUMBER,Number (real number),1983,Bermuda,233,3932289,0.396,0.05499999999999999
NUMBER,Number,0.443,Millions,NUMBER,Number (real number),1984,Bermuda,234,3936256,0.451,-0.008000000000000007
NUMBER,Number,0.451,Millions,NUMBER,Number (real number),1985,Bermuda,235,3940225,0.443,0.008000000000000007
NUMBER,Number,0.421,Millions,NUMBER,Number (real number),1986,Bermuda,236,3944196,0.451,-0.030000000000000027
NUMBER,Number,0.572,Millions,NUMBER,Number (real number),1987,Bermuda,237,3948169,0.421,0.15099999999999997
NUMBER,Number,0.645,Millions,NUMBER,Number (real number),1988,Bermuda,238,3952144,0.572,0.07300000000000006
NUMBER,Number,0.78,Millions,NUMBER,Number (real number),1989,Bermuda,239,3956121,0.645,0.135
NUMBER,Number,0.502,Millions,NUMBER,Number (real number),1990,Bermuda,240,3960100,0.78,-0.278
NUMBER,Number,0.539,Millions,NUMBER,Number (real number),1991,Bermuda,241,3964081,0.502,0.03700000000000003
NUMBER,Number,0.462,Millions,NUMBER,Number (real number),1992,Bermuda,242,3968064,0.539,-0.07700000000000001
NUMBER,Number,0.539,Millions,NUMBER,Number (real number),1993,Bermuda,243,3972049,0.462,0.07700000000000001
NUMBER,Number,0.531,Millions,NUMBER,Number (real number),1994,Bermuda,244,3976036,0.539,-0.008000000000000007
NUMBER,Number,0.531,Millions,NUMBER,Number (real number),1995,Bermuda,245,3980025,0.531,0.0
NUMBER,Number,0.528,Millions,NUMBER,Number (real number),1996,Bermuda,246,3984016,0.531,-0.0030000000000000027
NUMBER,Number,0.524,Millions,NUMBER,Number (real number),1997,Bermuda,247,3988009,0.528,-0.0040000000000000036
NUMBER,Number,0.52,Millions,NUMBER,Number (real number),1998,Bermuda,248,3992004,0.524,-0.0040000000000000036
NUMBER,Number,0.513,Millions,NUMBER,Number (real number),1999,Bermuda,249,3996001,0.52,-0.007000000000000006
NUMBER,Number,0.517,Millions,NUMBER,Number (real number),2000,Bermuda,250,4000000,0.513,0.0040000000000000036
NUMBER,Number,0.528,Millions,NUMBER,Number (real number),2001,Bermuda,251,4004001,0.517,0.01100000000000001
NUMBER,Number,0.557,Millions,NUMBER,Number (real number),2002,Bermuda,252,4008004,0.528,0.029000000000000026
NUMBER,Number,0.561,Millions,NUMBER,Number (real number),2003,Bermuda,253,4012009,0.557,0.0040000000000000036
NUMBER,Number,0.583,Millions,NUMBER,Number (real number),2004,Bermuda,254,4016016,0.561,0.02199999999999991
NUMBER,Number,0.583,Millions,NUMBER,Number (real number),2005,Bermuda,255,4020025,0.583,0.0
NUMBER,Number,0.652,Millions,NUMBER,Number (real number),2006,Bermuda,256,4024036,0.583,0.06900000000000006
NUMBER,Number,0.729,Millions,NUMBER,Number (real number),2007,Bermuda,257,4028049,0.652,0.07699999999999996
NUMBER,Number,0.649,Millions,NUMBER,Number (real number),2008,Bermuda,258,4032064,0.729,-0.07999999999999996
NUMBER,Number,0.476,Millions,NUMBER,Number (real number),2009,Bermuda,259,4036081,0.649,-0.17300000000000004
NUMBER,Number,0.608,Millions,NUMBER,Number (real number),2010,Bermuda,260,4040100,0.476,0.132
NUMBER,Number,0.443,Millions,NUMBER,Number (real number),2011,Bermuda,261,4044121,0.608,-0.16499999999999998
NUMBER,Number,0.366,Millions,NUMBER,Number (real number),2012,Bermuda,262,4048144,0.443,-0.07700000000000001
NUMBER,Number,0.535,Millions,NUMBER,Number (real number),2013,Bermuda,263,4052169,0.366,0.16900000000000004
NUMBER,Number,0.671,Millions,NUMBER,Number (real number),2014,Bermuda,264,4056196,0.535,0.136
NUMBER,Number,0.539,Millions,NUMBER,Number (real number),2015,Bermuda,265,4060225,0.671,-0.132
NUMBER,Number,0.619,Millions,NUMBER,Number (real number),2016,Bermuda,266,4064256,0.539,0.07999999999999996
NUMBER,Number,0.634,Millions,NUMBER,Number (real number),2017,Bermuda,267,4068289,0.619,0.015000000000000013
NUMBER,Number,0.696,Millions,NUMBER,Number (real number),2018,Bermuda,268,4072324,0.634,0.061999999999999944
NUMBER,Number,0.594,Millions,NUMBER,Number (real number),2019,Bermuda,269,4076361,0.696,-0.10199999999999998
NUMBER,Number,0.436,Millions,NUMBER,Number (real number),2020,Bermuda,270,4080400,0.594,-0.15799999999999997
NUMBER,Number,0.517,Millions,NUMBER,Number (real number),2021,Bermuda,271,4084441,0.436,0.08100000000000002
NUMBER,Number,0.501,Millions,NUMBER,Number (real number),2022,Bermuda,272,4088484,0.517,-0.016000000000000014
NUMBER,Number,0.523,Millions,NUMBER,Number (real number),2023,Bermuda,273,4092529,0.501,0.02200000000000002
NUMBER,Number,0.004,Millions,NUMBER,Number (real number),1971,Bhutan,221,3884841,0.004,0.0
NUMBER,Number,0.004,Millions,NUMBER,Number (real number),1972,Bhutan,222,3888784,0.004,0.0
NUMBER,Number,0.004,Millions,NUMBER,Number (real number),1973,Bhutan,223,3892729,0.004,0.0
NUMBER,Number,0.004,Millions,NUMBER,Number (real number),1974,Bhutan,224,3896676,0.004,0.0
NUMBER,Number,0.004,Millions,NUMBER,Number (real number),1975,Bhutan,225,3900625,0.004,0.0
NUMBER,Number,0.004,Millions,NUMBER,Number (real number),1976,Bhutan,226,3904576,0.004,0.0
NUMBER,Number,0.007,Millions,NUMBER,Number (real number),1977,Bhutan,227,3908529,0.004,0.003
NUMBER,Number,0.011,Millions,NUMBER,Number (real number),1978,Bhutan,228,3912484,0.007,0.003999999999999999
NUMBER,Number,0.022,Millions,NUMBER,Number (real number),1979,Bhutan,229,3916441,0.011,0.011
NUMBER,Number,0.022,Millions,NUMBER,Number (real number),1980,Bhutan,230,3920400,0.022,0.0
NUMBER,Number,0.055,Millions,NUMBER,Number (real number),1981,Bhutan,231,3924361,0.022,0.033
NUMBER,Number,0.063,Millions,NUMBER,Number (real number),1982,Bhutan,232,3928324,0.055,0.008
NUMBER,Number,0.087,Millions,NUMBER,Number (real number),1983,Bhutan,233,3932289,0.063,0.023999999999999994
NUMBER,Number,0.109,Millions,NUMBER,Number (real number),1984,Bhutan,234,3936256,0.087,0.022000000000000006
NUMBER,Number,0.12,Millions,NUMBER,Number (real number),1985,Bhutan,235,3940225,0.109,0.010999999999999996
NUMBER,Number,0.112,Millions,NUMBER,Number (real number),1986,Bhutan,236,3944196,0.12,-0.007999999999999993
NUMBER,Number,0.16,Millions,NUMBER,Number (real number),1987,Bhutan,237,3948169,0.112,0.048
NUMBER,Number,0.167,Millions,NUMBER,Number (real number),1988,Bhutan,238,3952144,0.16,0.007000000000000006
NUMBER,Number,0.12,Millions,NUMBER,Number (real number),1989,Bhutan,239,3956121,0.167,-0.047000000000000014
NUMBER,Number,0.186,Millions,NUMBER,Number (real number),1990,Bhutan,240,3960100,0.12,0.066
NUMBER,Number,0.186,Millions,NUMBER,Number (real number),1991,Bhutan,241,3964081,0.186,0.0
NUMBER,Number,0.215,Millions,NUMBER,Number (real number),1992,Bhutan,242,3968064,0.186,0.028999999999999998
NUMBER,Number,0.182,Millions,NUMBER,Number (real number),1993,Bhutan,243,3972049,0.215,-0.033
NUMBER,Number,0.212,Millions,NUMBER,Number (real number),1994,Bhutan,244,3976036,0.182,0.03
NUMBER,Number,0.249,Millions,NUMBER,Number (real number),1995,Bhutan,245,3980025,0.212,0.037000000000000005
NUMBER,Number,0.298,Millions,NUMBER,Number (real number),1996,Bhutan,246,3984016,0.249,0.04899999999999999
NUMBER,Number,0.39,Millions,NUMBER,Number (real number),1997,Bhutan,247,3988009,0.298,0.09200000000000003
NUMBER,Number,0.382,Millions,NUMBER,Number (real number),1998,Bhutan,248,3992004,0.39,-0.008000000000000007
NUMBER,Number,0.386,Millions,NUMBER,Number (real number),1999,Bhutan,249,3996001,0.382,0.0040000000000000036
NUMBER,Number,0.397,Millions,NUMBER,Number (real number),2000,Bhutan,250,4000000,0.386,0.01100000000000001
NUMBER,Number,0.465,Millions,NUMBER,Number (real number),2001,Bhutan,251,4004001,0.397,0.068
NUMBER,Number,0.497,Millions,NUMBER,Number (real number),2002,Bhutan,252,4008004,0.465,0.03199999999999997
NUMBER,Number,0.493,Millions,NUMBER,Number (real number),2003,Bhutan,253,4012009,0.497,-0.0040000000000000036
NUMBER,Number,0.44,Millions,NUMBER,Number (real number),2004,Bhutan,254,4016016,0.493,-0.05299999999999999
NUMBER,Number,0.546,Millions,NUMBER,Number (real number),2005,Bhutan,255,4020025,0.44,0.10600000000000004
NUMBER,Number,0.415,Millions,NUMBER,Number (real number),2006,Bhutan,256,4024036,0.546,-0.13100000000000006
NUMBER,Number,0.397,Millions,NUMBER,Number (real number),2007,Bhutan,257,4028049,0.415,-0.01799999999999996
NUMBER,Number,0.646,Millions,NUMBER,Number (real number),2008,Bhutan,258,4032064,0.397,0.249
NUMBER,Number,0.679,Millions,NUMBER,Number (real number),2009,Bhutan,259,4036081,0.646,0.03300000000000003
NUMBER,Number,0.905,Millions,NUMBER,Number (real number),2010,Bhutan,260,4040100,0.679,0.22599999999999998
NUMBER,Number,1.037,Millions,NUMBER,Number (real number),2011,Bhutan,261,4044121,0.905,0.1319999999999999
NUMBER,Number,1.187,Millions,NUMBER,Number (real number),2012,Bhutan,262,4048144,1.037,0.15000000000000013
NUMBER,Number,1.324,Millions,NUMBER,Number (real number),2013,Bhutan,263,4052169,1.187,0.137
NUMBER,Number,1.387,Millions,NUMBER,Number (real number),2014,Bhutan,264,4056196,1.324,0.06299999999999994
NUMBER,Number,1.485,Millions,NUMBER,Number (real number),2015,Bhutan,265,4060225,1.387,0.09800000000000009
NUMBER,Number,1.624,Millions,NUMBER,Number (real number),2016,Bhutan,266,4064256,1.485,0.139
NUMBER,Number,1.712,Millions,NUMBER,Number (real number),2017,Bhutan,267,4068289,1.624,0.08799999999999986
NUMBER,Number,1.734,Millions,NUMBER,Number (real number),2018,Bhutan,268,4072324,1.712,0.02200000000000002
NUMBER,Number,1.619,Millions,NUMBER,Number (real number),2019,Bhutan,269,4076361,1.734,-0.11499999999999999
NUMBER,Number,1.25,Millions,NUMBER,Number (real number),2020,Bhutan,270,4080400,1.619,-0.369
NUMBER,Number,1.596,Millions,NUMBER,Number (real number),2021,Bhutan,271,4084441,1.25,0.3460000000000001
NUMBER,Number,1.635,Millions,NUMBER,Number (real number),2022,Bhutan,272,4088484,1.596,0.038999999999999924
NUMBER,Number,1.713,Millions,NUMBER,Number (real number),2023,Bhutan,273,4092529,1.635,0.07800000000000007
NUMBER,Number,0.001,Millions,NUMBER,Number (real number),1864,Bolivia,114,3474496,0.004,-0.003
NUMBER,Number,0.006,Millions,NUMBER,Number (real number),1865,Bolivia,115,3478225,0.001,0.005
NUMBER,Number,0.002,Millions,NUMBER,Number (real number),1866,Bolivia,116,3481956,0.006,-0.004
NUMBER,Number,0.002,Millions,NUMBER,Number (real number),1867,Bolivia,117,3485689,0.002,0.0
NUMBER,Number,0.006,Millions,NUMBER,Number (real number),1868,Bolivia,118,3489424,0.002,0.004
NUMBER,Number,0.004,Millions,NUMBER,Number (real number),1869,Bolivia,119,3493161,0.006,-0.002
NUMBER,Number,0.002,Millions,NUMBER,Number (real number),1870,Bolivia,120,3496900,0.004,-0.002
NUMBER,Number,0.005,Millions,NUMBER,Number (real number),1871,Bolivia,121,3500641,0.002,0.003
NUMBER,Number,0.01,Millions,NUMBER,Number (real number),1872,Bolivia,122,3504384,0.005,0.005
NUMBER,Number,0.014,Millions,NUMBER,Number (real number),1873,Bolivia,123,3508129,0.01,0.004
NUMBER,Number,0.008,Millions,NUMBER,Number (real number),1874,Bolivia,124,3511876,0.014,-0.006
NUMBER,Number,0.011,Millions,NUMBER,Number (real number),1875,Bolivia,125,3515625,0.008,0.002999999999999999
NUMBER,Number,0.017,Millions,NUMBER,Number (real number),1876,Bolivia,126,3519376,0.011,0.006000000000000002
NUMBER,Number,0.013,Millions,NUMBER,Number (real number),1877,Bolivia,127,3523129,0.017,-0.004000000000000002
NUMBER,Number,0.022,Millions,NUMBER,Number (real number),1878,Bolivia,128,3526884,0.013,0.009
NUMBER,Number,0.028,Millions,NUMBER,Number (real number),1879,Bolivia,129,3530641,0.022,0.006000000000000002
NUMBER,Number,0.034,Millions,NUMBER,Number (real number),1880,Bolivia,130,3534400,0.028,0.006000000000000002
NUMBER,Number,0.043,Millions,NUMBER,Number (real number),1881,Bolivia,131,3538161,0.034,0.008999999999999994
NUMBER,Number,0.052,Millions,NUMBER,Number (real number),1882,Bolivia,132,3541924,0.043,0.009000000000000001
NUMBER,Number,0.044,Millions,NUMBER,Number (real number),1883,Bolivia,133,3545689,0.052,-0.008
NUMBER,Number,0.054,Millions,NUMBER,Number (real number),1884,Bolivia,134,3549456,0.044,0.010000000000000002
NUMBER,Number,0.038,Millions,NUMBER,Number (real number),1885,Bolivia,135,3553225,0.054,-0.016
NUMBER,Number,0.021,Millions,NUMBER,Number (real number),1886,Bolivia,136,3556996,0.038,-0.016999999999999998
NUMBER,Number,0.033,Millions,NUMBER,Number (real number),1887,Bolivia,137,3560769,0.021,0.012
NUMBER,Number,0.044,Millions,NUMBER,Number (real number),1888,Bolivia,138,3564544,0.033,0.010999999999999996
NUMBER,Number,0.026,Millions,NUMBER,Number (real number),1915,Bolivia,165,3667225,0.044,-0.018
NUMBER,Number,0.11,Millions,NUMBER,Number (real number),1916,Bolivia,166,3671056,0.026,0.084
NUMBER,Number,0.091,Millions,NUMBER,Number (real number),1917,Bolivia,167,3674889,0.11,-0.019000000000000003
NUMBER,Number,0.093,Millions,NUMBER,Number (real number),1918,Bolivia,168,3678724,0.091,0.0020000000000000018
NUMBER,Number,0.064,Millions,NUMBER,Number (real number),1919,Bolivia,169,3682561,0.093,-0.028999999999999998
NUMBER,Number,0.103,Millions,NUMBER,Number (real number),1920,Bolivia,170,3686400,0.064,0.03899999999999999
NUMBER,Number,0.072,Millions,NUMBER,Number (real number),1921,Bolivia,171,3690241,0.103,-0.031
NUMBER,Number,0.057,Millions,NUMBER,Number (real number),1922,Bolivia,172,3694084,0.072,-0.014999999999999993
NUMBER,Number,0.07,Millions,NUMBER,Number (real number),1923,Bolivia,173,3697929,0.057,0.013000000000000005
NUMBER,Number,0.071,Millions,NUMBER,Number (real number),1924,Bolivia,174,3701776,0.07,0.000999999999999987
NUMBER,Number,0.04,Millions,NUMBER,Number (real number),1925,Bolivia,175,3705625,0.071,-0.030999999999999993
NUMBER,Number,0.06,Millions,NUMBER,Number (real number),1926,Bolivia,176,3709476,0.04,0.019999999999999997
NUMBER,Number,0.078,Millions,NUMBER,Number (real number),1927,Bolivia,177,3713329,0.06,0.018000000000000002
NUMBER,Number,0.092,Millions,NUMBER,Number (real number),1928,Bolivia,178,3717184,0.078,0.013999999999999999
NUMBER,Number,0.06,Millions,NUMBER,Number (real number),1929,Bolivia,179,3721041,0.092,-0.032
NUMBER,Number,0.083,Millions,NUMBER,Number (real number),1930,Bolivia,180,3724900,0.06,0.023000000000000007
NUMBER,Number,0.017,Millions,NUMBER,Number (real number),1931,Bolivia,181,3728761,0.083,-0.066
NUMBER,Number,0.051,Millions,NUMBER,Number (real number),1932,Bolivia,182,3732624,0.017,0.033999999999999996
NUMBER,Number,0.063,Millions,NUMBER,Number (real number),1933,Bolivia,183,3736489,0.051,0.012000000000000004
NUMBER,Number,0.086,Millions,NUMBER,Number (real number),1934,Bolivia,184,3740356,0.063,0.022999999999999993
NUMBER,Number,0.078,Millions,NUMBER,Number (real number),1935,Bolivia,185,3744225,0.086,-0.007999999999999993
NUMBER,Number,0.05,Millions,NUMBER,Number (real number),1936,Bolivia,186,3748096,0.078,-0.027999999999999997
NUMBER,Number,0.059,Millions,NUMBER,Number (real number),1937,Bolivia,187,3751969,0.05,0.008999999999999994
NUMBER,Number,0.15,Millions,NUMBER,Number (real number),1938,Bolivia,188,3755844,0.059,0.091
NUMBER,Number,0.153,Millions,NUMBER,Number (real number),1939,Bolivia,189,3759721,0.15,0.0030000000000000027
NUMBER,Number,0.182,Millions,NUMBER,Number (real number),1940,Bolivia,190,3763600,0.153,0.028999999999999998
NUMBER,Number,0.217,Millions,NUMBER,Number (real number),1941,Bolivia,191,3767481,0.182,0.035
NUMBER,Number,0.212,Millions,NUMBER,Number (real number),1942,Bolivia,192,3771364,0.217,-0.0050000000000000044
NUMBER,Number,0.223,Millions,NUMBER,Number (real number),1943,Bolivia,193,3775249,0.212,0.01100000000000001
NUMBER,Number,0.235,Millions,NUMBER,Number (real number),1944,Bolivia,194,3779136,0.223,0.011999999999999983
NUMBER,Number,0.211,Millions,NUMBER,Number (real number),1945,Bolivia,195,3783025,0.235,-0.023999999999999994
NUMBER,Number,0.219,Millions,NUMBER,Number (real number),1946,Bolivia,196,3786916,0.211,0.008000000000000007
NUMBER,Number,0.191,Millions,NUMBER,Number (real number),1947,Bolivia,197,3790809,0.219,-0.027999999999999997
NUMBER,Number,0.224,Millions,NUMBER,Number (real number),1948,Bolivia,198,3794704,0.191,0.033
NUMBER,Number,0.32,Millions,NUMBER,Number (real number),1949,Bolivia,199,3798601,0.224,0.096
NUMBER,Number,0.517,Millions,NUMBER,Number (real number),1950,Bolivia,200,3802500,0.32,0.197
NUMBER,Number,0.462,Millions,NUMBER,Number (real number),1951,Bolivia,201,3806401,0.517,-0.05499999999999999
NUMBER,Number,0.513,Millions,NUMBER,Number (real number),1952,Bolivia,202,3810304,0.462,0.05099999999999999
NUMBER,Number,0.538,Millions,NUMBER,Number (real number),1953,Bolivia,203,3814209,0.513,0.025000000000000022
NUMBER,Number,0.788,Millions,NUMBER,Number (real number),1954,Bolivia,204,3818116,0.538,0.25
NUMBER,Number,0.931,Millions,NUMBER,Number (real number),1955,Bolivia,205,3822025,0.788,0.14300000000000002
NUMBER,Number,1.106,Millions,NUMBER,Number (real number),1956,Bolivia,206,3825936,0.931,0.17500000000000004
NUMBER,Number,1.004,Millions,NUMBER,Number (real number),1957,Bolivia,207,3829849,1.106,-0.10200000000000009
NUMBER,Number,0.916,Millions,NUMBER,Number (real number),1958,Bolivia,208,3833764,1.004,-0.08799999999999997
NUMBER,Number,0.949,Millions,NUMBER,Number (real number),1959,Bolivia,209,3837681,0.916,0.03299999999999992
NUMBER,Number,1.004,Millions,NUMBER,Number (real number),1960,Bolivia,210,3841600,0.949,0.05500000000000005
NUMBER,Number,1.04,Millions,NUMBER,Number (real number),1961,Bolivia,211,3845521,1.004,0.03600000000000003
NUMBER,Number,1.099,Millions,NUMBER,Number (real number),1962,Bolivia,212,3849444,1.04,0.05899999999999994
NUMBER,Number,1.213,Millions,NUMBER,Number (real number),1963,Bolivia,213,3853369,1.099,0.1140000000000001
NUMBER,Number,1.48,Millions,NUMBER,Number (real number),1964,Bolivia,214,3857296,1.213,0.2669999999999999
NUMBER,Number,1.509,Millions,NUMBER,Number (real number),1965,Bolivia,215,3861225,1.48,0.028999999999999915
NUMBER,Number,1.689,Millions,NUMBER,Number (real number),1966,Bolivia,216,3865156,1.509,0.18000000000000016
NUMBER,Number,1.89,Millions,NUMBER,Number (real number),1967,Bolivia,217,3869089,1.689,0.20099999999999985
NUMBER,Number,2.176,Millions,NUMBER,Number (real number),1968,Bolivia,218,3873024,1.89,0.28600000000000025
NUMBER,Number,2.546,Millions,NUMBER,Number (real number),1969,Bolivia,219,3876961,2.176,0.36999999999999966
NUMBER,Number,2.484,Millions,NUMBER,Number (real number),1970,Bolivia,220,3880900,2.546,-0.06199999999999983
NUMBER,Number,3.059,Millions,NUMBER,Number (real number),1971,Bolivia,221,3884841,2.484,0.5750000000000002
NUMBER,Number,3.568,Millions,NUMBER,Number (real number),1972,Bolivia,222,3888784,3.059,0.5089999999999999
NUMBER,Number,3.454,Millions,NUMBER,Number (real number),1973,Bolivia,223,3892729,3.568,-0.11399999999999988
NUMBER,Number,3.513,Millions,NUMBER,Number (real number),1974,Bolivia,224,3896676,3.454,0.05899999999999972
NUMBER,Number,4.055,Millions,NUMBER,Number (real number),1975,Bolivia,225,3900625,3.513,0.5419999999999998
NUMBER,Number,4.575,Millions,NUMBER,Number (real number),1976,Bolivia,226,3904576,4.055,0.5200000000000005
NUMBER,Number,4.475,Millions,NUMBER,Number (real number),1977,Bolivia,227,3908529,4.575,-0.10000000000000053
NUMBER,Number,5.02,Millions,NUMBER,Number (real number),1978,Bolivia,228,3912484,4.475,0.5449999999999999
NUMBER,Number,4.73,Millions,NUMBER,Number (real number),1979,Bolivia,229,3916441,5.02,-0.28999999999999915
NUMBER,Number,4.659,Millions,NUMBER,Number (real number),1980,Bolivia,230,3920400,4.73,-0.07100000000000062
NUMBER,Number,4.781,Millions,NUMBER,Number (real number),1981,Bolivia,231,3924361,4.659,0.12199999999999989
NUMBER,Number,4.338,Millions,NUMBER,Number (real number),1982,Bolivia,232,3928324,4.781,-0.4429999999999996
NUMBER,Number,4.278,Millions,NUMBER,Number (real number),1983,Bolivia,233,3932289,4.338,-0.0600000000000005
NUMBER,Number,4.029,Millions,NUMBER,Number (real number),1984,Bolivia,234,3936256,4.278,-0.24899999999999967
NUMBER,Number,4.11,Millions,NUMBER,Number (real number),1985,Bolivia,235,3940225,4.029,0.0810000000000004
NUMBER,Number,3.764,Millions,NUMBER,Number (real number),1986,Bolivia,236,3944196,4.11,-0.34600000000000053
NUMBER,Number,4.012,Millions,NUMBER,Number (real number),1987,Bolivia,237,3948169,3.764,0.24799999999999978
NUMBER,Number,4.287,Millions,NUMBER,Number (real number),1988,Bolivia,238,3952144,4.012,0.27500000000000036
NUMBER,Number,4.968,Millions,NUMBER,Number (real number),1989,Bolivia,239,3956121,4.287,0.681
NUMBER,Number,10.007,Millions,NUMBER,Number (real number),1990,Bolivia,240,3960100,4.968,5.039
NUMBER,Number,10.495,Millions,NUMBER,Number (real number),1991,Bolivia,241,3964081,10.007,0.48799999999999955
NUMBER,Number,11.014,Millions,NUMBER,Number (real number),1992,Bolivia,242,3968064,10.495,0.5190000000000001
NUMBER,Number,11.55,Millions,NUMBER,Number (real number),1993,Bolivia,243,3972049,11.014,0.5360000000000014
NUMBER,Number,9.638,Millions,NUMBER,Number (real number),1994,Bolivia,244,3976036,11.55,-1.9120000000000008
NUMBER,Number,9.017,Millions,NUMBER,Number (real number),1995,Bolivia,245,3980025,9.638,-0.6210000000000004
NUMBER,Number,10.016,Millions,NUMBER,Number (real number),1996,Bolivia,246,3984016,9.017,0.9990000000000006
NUMBER,Number,11.721,Millions,NUMBER,Number (real number),1997,Bolivia,247,3988009,10.016,1.705
NUMBER,Number,11.252,Millions,NUMBER,Number (real number),1998,Bolivia,248,3992004,11.721,-0.4689999999999994
NUMBER,Number,10.94,Millions,NUMBER,Number (real number),1999,Bolivia,249,3996001,11.252,-0.31200000000000117
NUMBER,Number,8.434,Millions,NUMBER,Number (real number),2000,Bolivia,250,4000000,10.94,-2.5060000000000002
NUMBER,Number,8.743,Millions,NUMBER,Number (real number),2001,Bolivia,251,4004001,8.434,0.30900000000000105
NUMBER,Number,10.403,Millions,NUMBER,Number (real number),2002,Bolivia,252,4008004,8.743,1.6600000000000001
NUMBER,Number,10.968,Millions,NUMBER,Number (real number),2003,Bolivia,253,4012009,10.403,0.5649999999999995
NUMBER,Number,11.032,Millions,NUMBER,Number (real number),2004,Bolivia,254,4016016,10.968,0.06400000000000006
NUMBER,Number,12.313,Millions,NUMBER,Number (real number),2005,Bolivia,255,4020025,11.032,1.2810000000000006
NUMBER,Number,12.332,Millions,NUMBER,Number (real number),2006,Bolivia,256,4024036,12.313,0.019000000000000128
NUMBER,Number,12.695,Millions,NUMBER,Number (real number),2007,Bolivia,257,4028049,12.332,0.36299999999999955
NUMBER,Number,12.965,Millions,NUMBER,Number (real number),2008,Bolivia,258,4032064,12.695,0.2699999999999996
NUMBER,Number,13.538,Millions,NUMBER,Number (real number),2009,Bolivia,259,4036081,12.965,0.5730000000000004
NUMBER,Number,14.719,Millions,NUMBER,Number (real number),2010,Bolivia,260,4040100,13.538,1.1809999999999992
NUMBER,Number,15.949,Millions,NUMBER,Number (real number),2011,Bolivia,261,4044121,14.719,1.2300000000000004
NUMBER,Number,17.535,Millions,NUMBER,Number (real number),2012,Bolivia,262,4048144,15.949,1.5860000000000003
NUMBER,Number,17.769,Millions,NUMBER,Number (real number),2013,Bolivia,263,4052169,17.535,0.2339999999999982
NUMBER,Number,19.888,Millions,NUMBER,Number (real number),2014,Bolivia,264,4056196,17.769,2.1190000000000033
NUMBER,Number,19.887,Millions,NUMBER,Number (real number),2015,Bolivia,265,4060225,19.888,-0.0010000000000012221
NUMBER,Number,21.239,Millions,NUMBER,Number (real number),2016,Bolivia,266,4064256,19.887,1.3520000000000003
NUMBER,Number,22.171,Millions,NUMBER,Number (real number),2017,Bolivia,267,4068289,21.239,0.9319999999999986
NUMBER,Number,22.498,Millions,NUMBER,Number (real number),2018,Bolivia,268,4072324,22.171,0.32700000000000173
NUMBER,Number,22.605,Millions,NUMBER,Number (real number),2019,Bolivia,269,4076361,22.498,0.10699999999999932
NUMBER,Number,18.312,Millions,NUMBER,Number (real number),2020,Bolivia,270,4080400,22.605,-4.292999999999999
NUMBER,Number,21.756,Millions,NUMBER,Number (real number),2021,Bolivia,271,4084441,18.312,3.443999999999999
NUMBER,Number,22.378,Millions,NUMBER,Number (real number),2022,Bolivia,272,4088484,21.756,0.6219999999999999
NUMBER,Number,23.359,Millions,NUMBER,Number (real number),2023,Bolivia,273,4092529,22.378,0.9810000000000016
NUMBER,Number,0.014,Millions,NUMBER,Number (real number),1890,Bosnia and Herzegovina,140,3572100,0.005,0.009000000000000001
NUMBER,Number,0.016,Millions,NUMBER,Number (real number),1891,Bosnia and Herzegovina,141,3575881,0.014,0.002
NUMBER,Number,0.017,Millions,NUMBER,Number (real number),1892,Bosnia and Herzegovina,142,3579664,0.016,0.0010000000000000009
NUMBER,Number,0.031,Millions,NUMBER,Number (real number),1893,Bosnia and Herzegovina,143,3583449,0.017,0.013999999999999999
NUMBER,Number,0.059,Millions,NUMBER,Number (real number),1894,Bosnia and Herzegovina,144,3587236,0.031,0.027999999999999997
NUMBER,Number,0.059,Millions,NUMBER,Number (real number),1895,Bosnia and Herzegovina,145,3591025,0.059,0.0
NUMBER,Number,0.066,Millions,NUMBER,Number (real number),1896,Bosnia and Herzegovina,146,3594816,0.059,0.007000000000000006
NUMBER,Number,0.051,Millions,NUMBER,Number (real number),1897,Bosnia and Herzegovina,147,3598609,0.066,-0.015000000000000006
NUMBER,Number,0.078,Millions,NUMBER,Number (real number),1898,Bosnia and Herzegovina,148,3602404,0.051,0.027000000000000003
NUMBER,Number,0.091,Millions,NUMBER,Number (real number),1899,Bosnia and Herzegovina,149,3606201,0.078,0.012999999999999998
NUMBER,Number,0.123,Millions,NUMBER,Number (real number),1900,Bosnia and Herzegovina,150,3610000,0.091,0.032
NUMBER,Number,0.134,Millions,NUMBER,Number (real number),1901,Bosnia and Herzegovina,151,3613801,0.123,0.01100000000000001
NUMBER,Number,0.126,Millions,NUMBER,Number (real number),1902,Bosnia and Herzegovina,152,3617604,0.134,-0.008000000000000007
NUMBER,Number,0.137,Millions,NUMBER,Number (real number),1903,Bosnia and Herzegovina,153,3621409,0.126,0.01100000000000001
NUMBER,Number,0.146,Millions,NUMBER,Number (real number),1904,Bosnia and Herzegovina,154,3625216,0.137,0.00899999999999998
NUMBER,Number,0.158,Millions,NUMBER,Number (real number),1905,Bosnia and Herzegovina,155,3629025,0.146,0.01200000000000001
NUMBER,Number,0.189,Millions,NUMBER,Number (real number),1906,Bosnia and Herzegovina,156,3632836,0.158,0.031
NUMBER,Number,0.192,Millions,NUMBER,Number (real number),1907,Bosnia and Herzegovina,157,3636649,0.189,0.0030000000000000027
NUMBER,Number,0.207,Millions,NUMBER,Number (real number),1908,Bosnia and Herzegovina,158,3640464,0.192,0.014999999999999986
NUMBER,Number,0.213,Millions,NUMBER,Number (real number),1909,Bosnia and Herzegovina,159,3644281,0.207,0.006000000000000005
NUMBER,Number,0.21,Millions,NUMBER,Number (real number),1910,Bosnia and Herzegovina,160,3648100,0.213,-0.0030000000000000027
NUMBER,Number,0.228,Millions,NUMBER,Number (real number),1911,Bosnia and Herzegovina,161,3651921,0.21,0.018000000000000016
NUMBER,Number,0.234,Millions,NUMBER,Number (real number),1912,Bosnia and Herzegovina,162,3655744,0.228,0.006000000000000005
NUMBER,Number,0.641,Millions,NUMBER,Number (real number),1913,Bosnia and Herzegovina,163,3659569,0.234,0.40700000000000003
NUMBER,Number,0.46,Millions,NUMBER,Number (real number),1919,Bosnia and Herzegovina,169,3682561,0.641,-0.181
NUMBER,Number,0.61,Millions,NUMBER,Number (real number),1920,Bosnia and Herzegovina,170,3686400,0.46,0.14999999999999997
NUMBER,Number,0.65,Millions,NUMBER,Number (real number),1921,Bosnia and Herzegovina,171,3690241,0.61,0.040000000000000036
NUMBER,Number,0.944,Millions,NUMBER,Number (real number),1922,Bosnia and Herzegovina,172,3694084,0.65,0.29399999999999993
NUMBER,Number,1.03,Millions,NUMBER,Number (real number),1923,Bosnia and Herzegovina,173,3697929,0.944,0.08600000000000008
NUMBER,Number,1.056,Millions,NUMBER,Number (real number),1924,Bosnia and Herzegovina,174,3701776,1.03,0.026000000000000023
NUMBER,Number,1.159,Millions,NUMBER,Number (real number),1925,Bosnia and Herzegovina,175,3705625,1.056,0.10299999999999998
NUMBER,Number,1.129,Millions,NUMBER,Number (real number),1926,Bosnia and Herzegovina,176,3709476,1.159,-0.030000000000000027
NUMBER,Number,1.275,Millions,NUMBER,Number (real number),1927,Bosnia and Herzegovina,177,3713329,1.129,0.1459999999999999
NUMBER,Number,1.449,Millions,NUMBER,Number (real number),1928,Bosnia and Herzegovina,178,3717184,1.275,0.17400000000000015
NUMBER,Number,1.58,Millions,NUMBER,Number (real number),1929,Bosnia and Herzegovina,179,3721041,1.449,0.131
NUMBER,Number,1.487,Millions,NUMBER,Number (real number),1930,Bosnia and Herzegovina,180,3724900,1.58,-0.09299999999999997
NUMBER,Number,1.374,Millions,NUMBER,Number (real number),1931,Bosnia and Herzegovina,181,3728761,1.487,-0.11299999999999999
NUMBER,Number,1.253,Millions,NUMBER,Number (real number),1932,Bosnia and Herzegovina,182,3732624,1.374,-0.12100000000000022
NUMBER,Number,1.159,Millions,NUMBER,Number (real number),1933,Bosnia and Herzegovina,183,3736489,1.253,-0.09399999999999986
NUMBER,Number,1.207,Millions,NUMBER,Number (real number),1934,Bosnia and Herzegovina,184,3740356,1.159,0.04800000000000004
NUMBER,Number,1.263,Millions,NUMBER,Number (real number),1935,Bosnia and Herzegovina,185,3744225,1.207,0.05599999999999983
NUMBER,Number,1.246,Millions,NUMBER,Number (real number),1936,Bosnia and Herzegovina,186,3748096,1.263,-0.016999999999999904
NUMBER,Number,1.388,Millions,NUMBER,Number (real number),1937,Bosnia and Herzegovina,187,3751969,1.246,0.1419999999999999
NUMBER,Number,1.315,Millions,NUMBER,Number (real number),1938,Bosnia and Herzegovina,188,3755844,1.388,-0.07299999999999995
NUMBER,Number,1.379,Millions,NUMBER,Number (real number),1939,Bosnia and Herzegovina,189,3759721,1.315,0.06400000000000006
NUMBER,Number,1.586,Millions,NUMBER,Number (real number),1940,Bosnia and Herzegovina,190,3763600,1.379,0.20700000000000007
NUMBER,Number,0.056,Millions,NUMBER,Number (real number),1943,Bosnia and Herzegovina,193,3775249,1.586,-1.53
NUMBER,Number,0.014,Millions,NUMBER,Number (real number),1944,Bosnia and Herzegovina,194,3779136,0.056,-0.042
NUMBER,Number,0.802,Millions,NUMBER,Number (real number),1945,Bosnia and Herzegovina,195,3783025,0.014,0.788
NUMBER,Number,1.584,Millions,NUMBER,Number (real number),1946,Bosnia and Herzegovina,196,3786916,0.802,0.782
NUMBER,Number,2.204,Millions,NUMBER,Number (real number),1947,Bosnia and Herzegovina,197,3790809,1.584,0.6200000000000001
NUMBER,Number,2.485,Millions,NUMBER,Number (real number),1948,Bosnia and Herzegovina,198,3794704,2.204,0.2809999999999997
NUMBER,Number,2.838,Millions,NUMBER,Number (real number),1949,Bosnia and Herzegovina,199,3798601,2.485,0.3530000000000002
NUMBER,Number,2.727,Millions,NUMBER,Number (real number),1950,Bosnia and Herzegovina,200,3802500,2.838,-0.11100000000000021
NUMBER,Number,2.581,Millions,NUMBER,Number (real number),1951,Bosnia and Herzegovina,201,3806401,2.727,-0.1459999999999999
NUMBER,Number,2.592,Millions,NUMBER,Number (real number),1952,Bosnia and Herzegovina,202,3810304,2.581,0.01100000000000012
NUMBER,Number,2.574,Millions,NUMBER,Number (real number),1953,Bosnia and Herzegovina,203,3814209,2.592,-0.018000000000000238
NUMBER,Number,3.07,Millions,NUMBER,Number (real number),1954,Bosnia and Herzegovina,204,3818116,2.574,0.496
NUMBER,Number,3.516,Millions,NUMBER,Number (real number),1955,Bosnia and Herzegovina,205,3822025,3.07,0.4460000000000002
NUMBER,Number,4.019,Millions,NUMBER,Number (real number),1956,Bosnia and Herzegovina,206,3825936,3.516,0.5030000000000001
NUMBER,Number,4.365,Millions,NUMBER,Number (real number),1957,Bosnia and Herzegovina,207,3829849,4.019,0.3460000000000001
NUMBER,Number,4.302,Millions,NUMBER,Number (real number),1958,Bosnia and Herzegovina,208,3833764,4.365,-0.06300000000000061
NUMBER,Number,4.931,Millions,NUMBER,Number (real number),1959,Bosnia and Herzegovina,209,3837681,4.302,0.6290000000000004
NUMBER,Number,5.387,Millions,NUMBER,Number (real number),1960,Bosnia and Herzegovina,210,3841600,4.931,0.4559999999999995
NUMBER,Number,5.646,Millions,NUMBER,Number (real number),1961,Bosnia and Herzegovina,211,3845521,5.387,0.25900000000000034
NUMBER,Number,5.794,Millions,NUMBER,Number (real number),1962,Bosnia and Herzegovina,212,3849444,5.646,0.1479999999999997
NUMBER,Number,6.445,Millions,NUMBER,Number (real number),1963,Bosnia and Herzegovina,213,3853369,5.794,0.6510000000000007
NUMBER,Number,7.302,Millions,NUMBER,Number (real number),1964,Bosnia and Herzegovina,214,3857296,6.445,0.8569999999999993
NUMBER,Number,7.513,Millions,NUMBER,Number (real number),1965,Bosnia and Herzegovina,215,3861225,7.302,0.2110000000000003
NUMBER,Number,7.445,Millions,NUMBER,Number (real number),1966,Bosnia and Herzegovina,216,3865156,7.513,-0.06799999999999962
NUMBER,Number,7.52,Millions,NUMBER,Number (real number),1967,Bosnia and Herzegovina,217,3869089,7.445,0.07499999999999929
NUMBER,Number,8.043,Millions,NUMBER,Number (real number),1968,Bosnia and Herzegovina,218,3873024,7.52,0.5229999999999997
NUMBER,Number,8.34,Millions,NUMBER,Number (real number),1969,Bosnia and Herzegovina,219,3876961,8.043,0.2970000000000006
NUMBER,Number,10.898,Millions,NUMBER,Number (real number),1970,Bosnia and Herzegovina,220,3880900,8.34,2.558
NUMBER,Number,11.745,Millions,NUMBER,Number (real number),1971,Bosnia and Herzegovina,221,3884841,10.898,0.8469999999999995
NUMBER,Number,11.008,Millions,NUMBER,Number (real number),1972,Bosnia and Herzegovina,222,3888784,11.745,-0.7370000000000001
NUMBER,Number,13.149,Millions,NUMBER,Number (real number),1973,Bosnia and Herzegovina,223,3892729,11.008,2.141
NUMBER,Number,13.205,Millions,NUMBER,Number (real number),1974,Bosnia and Herzegovina,224,3896676,13.149,0.05600000000000094
NUMBER,Number,13.778,Millions,NUMBER,Number (real number),1975,Bosnia and Herzegovina,225,3900625,13.205,0.5730000000000004
NUMBER,Number,14.22,Millions,NUMBER,Number (real number),1976,Bosnia and Herzegovina,226,3904576,13.778,0.44200000000000017
NUMBER,Number,13.827,Millions,NUMBER,Number (real number),1977,Bosnia and Herzegovina,227,3908529,14.22,-0.3930000000000007
NUMBER,Number,15.451,Millions,NUMBER,Number (real number),1978,Bosnia and Herzegovina,228,3912484,13.827,1.6240000000000006
NUMBER,Number,16.804,Millions,NUMBER,Number (real number),1979,Bosnia and Herzegovina,229,3916441,15.451,1.352999999999998
NUMBER,Number,16.523,Millions,NUMBER,Number (real number),1980,Bosnia and Herzegovina,230,3920400,16.804,-0.2809999999999988
NUMBER,Number,17.982,Millions,NUMBER,Number (real number),1981,Bosnia and Herzegovina,231,3924361,16.523,1.4589999999999996
NUMBER,Number,16.518,Millions,NUMBER,Number (real number),1982,Bosnia and Herzegovina,232,3928324,17.982,-1.4639999999999986
NUMBER,Number,17.787,Millions,NUMBER,Number (real number),1983,Bosnia and Herzegovina,233,3932289,16.518,1.2689999999999984
NUMBER,Number,18.758,Millions,NUMBER,Number (real number),1984,Bosnia and Herzegovina,234,3936256,17.787,0.9710000000000001
NUMBER,Number,19.134,Millions,NUMBER,Number (real number),1985,Bosnia and Herzegovina,235,3940225,18.758,0.3760000000000012
NUMBER,Number,19.982,Millions,NUMBER,Number (real number),1986,Bosnia and Herzegovina,236,3944196,19.134,0.847999999999999
NUMBER,Number,19.508,Millions,NUMBER,Number (real number),1987,Bosnia and Herzegovina,237,3948169,19.982,-0.4740000000000002
NUMBER,Number,20.129,Millions,NUMBER,Number (real number),1988,Bosnia and Herzegovina,238,3952144,19.508,0.6210000000000022
NUMBER,Number,20.067,Millions,NUMBER,Number (real number),1989,Bosnia and Herzegovina,239,3956121,20.129,-0.062000000000001165
NUMBER,Number,19.871,Millions,NUMBER,Number (real number),1990,Bosnia and Herzegovina,240,3960100,20.067,-0.1960000000000015
NUMBER,Number,14.059,Millions,NUMBER,Number (real number),1991,Bosnia and Herzegovina,241,3964081,19.871,-5.811999999999999
NUMBER,Number,15.029,Millions,NUMBER,Number (real number),1992,Bosnia and Herzegovina,242,3968064,14.059,0.9700000000000006
NUMBER,Number,12.581,Millions,NUMBER,Number (real number),1993,Bosnia and Herzegovina,243,3972049,15.029,-2.4480000000000004
NUMBER,Number,3.205,Millions,NUMBER,Number (real number),1994,Bosnia and Herzegovina,244,3976036,12.581,-9.376
NUMBER,Number,3.402,Millions,NUMBER,Number (real number),1995,Bosnia and Herzegovina,245,3980025,3.205,0.19700000000000006
NUMBER,Number,4.24,Millions,NUMBER,Number (real number),1996,Bosnia and Herzegovina,246,3984016,3.402,0.8380000000000001
NUMBER,Number,8.366,Millions,NUMBER,Number (real number),1997,Bosnia and Herzegovina,247,3988009,4.24,4.1259999999999994
NUMBER,Number,10.551,Millions,NUMBER,Number (real number),1998,Bosnia and Herzegovina,248,3992004,8.366,2.1850000000000005
NUMBER,Number,10.333,Millions,NUMBER,Number (real number),1999,Bosnia and Herzegovina,249,3996001,10.551,-0.21799999999999997
NUMBER,Number,13.702,Millions,NUMBER,Number (real number),2000,Bosnia and Herzegovina,250,4000000,10.333,3.3689999999999998
NUMBER,Number,13.263,Millions,NUMBER,Number (real number),2001,Bosnia and Herzegovina,251,4004001,13.702,-0.43900000000000006
NUMBER,Number,14.173,Millions,NUMBER,Number (real number),2002,Bosnia and Herzegovina,252,4008004,13.263,0.9100000000000001
NUMBER,Number,14.358,Millions,NUMBER,Number (real number),2003,Bosnia and Herzegovina,253,4012009,14.173,0.1850000000000005
NUMBER,Number,15.462,Millions,NUMBER,Number (real number),2004,Bosnia and Herzegovina,254,4016016,14.358,1.1039999999999992
NUMBER,Number,16.046,Millions,NUMBER,Number (real number),2005,Bosnia and Herzegovina,255,4020025,15.462,0.5839999999999996
NUMBER,Number,17.387,Millions,NUMBER,Number (real number),2006,Bosnia and Herzegovina,256,4024036,16.046,1.341000000000001
NUMBER,Number,17.474,Millions,NUMBER,Number (real number),2007,Bosnia and Herzegovina,257,4028049,17.387,0.08699999999999974
NUMBER,Number,19.959,Millions,NUMBER,Number (real number),2008,Bosnia and Herzegovina,258,4032064,17.474,2.4849999999999994
NUMBER,Number,20.537,Millions,NUMBER,Number (real number),2009,Bosnia and Herzegovina,259,4036081,19.959,0.5779999999999994
NUMBER,Number,21.146,Millions,NUMBER,Number (real number),2010,Bosnia and Herzegovina,260,4040100,20.537,0.6090000000000018
NUMBER,Number,23.761,Millions,NUMBER,Number (real number),2011,Bosnia and Herzegovina,261,4044121,21.146,2.6149999999999984
NUMBER,Number,22.134,Millions,NUMBER,Number (real number),2012,Bosnia and Herzegovina,262,4048144,23.761,-1.626999999999999
NUMBER,Number,21.801,Millions,NUMBER,Number (real number),2013,Bosnia and Herzegovina,263,4052169,22.134,-0.33300000000000196
NUMBER,Number,19.312,Millions,NUMBER,Number (real number),2014,Bosnia and Herzegovina,264,4056196,21.801,-2.488999999999997
NUMBER,Number,18.46,Millions,NUMBER,Number (real number),2015,Bosnia and Herzegovina,265,4060225,19.312,-0.8520000000000003
NUMBER,Number,21.73,Millions,NUMBER,Number (real number),2016,Bosnia and Herzegovina,266,4064256,18.46,3.2699999999999996
NUMBER,Number,22.156,Millions,NUMBER,Number (real number),2017,Bosnia and Herzegovina,267,4068289,21.73,0.4259999999999984
NUMBER,Number,22.075,Millions,NUMBER,Number (real number),2018,Bosnia and Herzegovina,268,4072324,22.156,-0.08099999999999952
NUMBER,Number,20.81,Millions,NUMBER,Number (real number),2019,Bosnia and Herzegovina,269,4076361,22.075,-1.2650000000000006
NUMBER,Number,20.832,Millions,NUMBER,Number (real number),2020,Bosnia and Herzegovina,270,4080400,20.81,0.022000000000002018
NUMBER,Number,21.264,Millions,NUMBER,Number (real number),2021,Bosnia and Herzegovina,271,4084441,20.832,0.4319999999999986
NUMBER,Number,20.963,Millions,NUMBER,Number (real number),2022,Bosnia and Herzegovina,272,4088484,21.264,-0.3009999999999984
NUMBER,Number,20.179,Millions,NUMBER,Number (real number),2023,Bosnia and Herzegovina,273,4092529,20.963,-0.7840000000000025
NUMBER,Number,0.051,Millions,NUMBER,Number (real number),1973,Botswana,223,3892729,0.022,0.028999999999999998
NUMBER,Number,0.088,Millions,NUMBER,Number (real number),1974,Botswana,224,3896676,0.051,0.037
NUMBER,Number,0.187,Millions,NUMBER,Number (real number),1975,Botswana,225,3900625,0.088,0.099
NUMBER,Number,0.594,Millions,NUMBER,Number (real number),1976,Botswana,226,3904576,0.187,0.407
NUMBER,Number,0.78,Millions,NUMBER,Number (real number),1977,Botswana,227,3908529,0.594,0.18600000000000005
NUMBER,Number,0.832,Millions,NUMBER,Number (real number),1978,Botswana,228,3912484,0.78,0.051999999999999935
NUMBER,Number,0.942,Millions,NUMBER,Number (real number),1979,Botswana,229,3916441,0.832,0.10999999999999999
NUMBER,Number,1.403,Millions,NUMBER,Number (real number),1980,Botswana,230,3920400,0.942,0.4610000000000001
NUMBER,Number,1.408,Millions,NUMBER,Number (real number),1981,Botswana,231,3924361,1.403,0.004999999999999893
NUMBER,Number,1.399,Millions,NUMBER,Number (real number),1982,Botswana,232,3928324,1.408,-0.008999999999999897
NUMBER,Number,1.33,Millions,NUMBER,Number (real number),1983,Botswana,233,3932289,1.399,-0.06899999999999995
NUMBER,Number,1.344,Millions,NUMBER,Number (real number),1984,Botswana,234,3936256,1.33,0.014000000000000012
NUMBER,Number,1.658,Millions,NUMBER,Number (real number),1985,Botswana,235,3940225,1.344,0.31399999999999983
NUMBER,Number,1.566,Millions,NUMBER,Number (real number),1986,Botswana,236,3944196,1.658,-0.09199999999999986
NUMBER,Number,1.838,Millions,NUMBER,Number (real number),1987,Botswana,237,3948169,1.566,0.272
NUMBER,Number,2.001,Millions,NUMBER,Number (real number),1988,Botswana,238,3952144,1.838,0.1629999999999998
NUMBER,Number,2.229,Millions,NUMBER,Number (real number),1989,Botswana,239,3956121,2.001,0.2280000000000002
NUMBER,Number,2.7,Millions,NUMBER,Number (real number),1990,Botswana,240,3960100,2.229,0.4710000000000001
NUMBER,Number,2.634,Millions,NUMBER,Number (real number),1991,Botswana,241,3964081,2.7,-0.06600000000000028
NUMBER,Number,2.777,Millions,NUMBER,Number (real number),1992,Botswana,242,3968064,2.634,0.14300000000000024
NUMBER,Number,3.195,Millions,NUMBER,Number (real number),1993,Botswana,243,3972049,2.777,0.4179999999999997
NUMBER,Number,3.03,Millions,NUMBER,Number (real number),1994,Botswana,244,3976036,3.195,-0.16500000000000004
NUMBER,Number,3.045,Millions,NUMBER,Number (real number),1995,Botswana,245,3980025,3.03,0.015000000000000124
NUMBER,Number,2.755,Millions,NUMBER,Number (real number),1996,Botswana,246,3984016,3.045,-0.29000000000000004
NUMBER,Number,2.799,Millions,NUMBER,Number (real number),1997,Botswana,247,3988009,2.755,0.04400000000000004
NUMBER,Number,3.342,Millions,NUMBER,Number (real number),1998,Botswana,248,3992004,2.799,0.5430000000000001
NUMBER,Number,3.158,Millions,NUMBER,Number (real number),1999,Botswana,249,3996001,3.342,-0.18400000000000016
NUMBER,Number,3.778,Millions,NUMBER,Number (real number),2000,Botswana,250,4000000,3.158,0.6200000000000001
NUMBER,Number,3.847,Millions,NUMBER,Number (real number),2001,Botswana,251,4004001,3.778,0.06899999999999995
NUMBER,Number,3.975,Millions,NUMBER,Number (real number),2002,Botswana,252,4008004,3.847,0.1280000000000001
NUMBER,Number,3.825,Millions,NUMBER,Number (real number),2003,Botswana,253,4012009,3.975,-0.1499999999999999
NUMBER,Number,3.895,Millions,NUMBER,Number (real number),2004,Botswana,254,4016016,3.825,0.06999999999999984
NUMBER,Number,4.093,Millions,NUMBER,Number (real number),2005,Botswana,255,4020025,3.895,0.19799999999999995
NUMBER,Number,4.133,Millions,NUMBER,Number (real number),2006,Botswana,256,4024036,4.093,0.040000000000000036
NUMBER,Number,4.228,Millions,NUMBER,Number (real number),2007,Botswana,257,4028049,4.133,0.09499999999999975
NUMBER,Number,4.503,Millions,NUMBER,Number (real number),2008,Botswana,258,4032064,4.228,0.27500000000000036
NUMBER,Number,3.855,Millions,NUMBER,Number (real number),2009,Botswana,259,4036081,4.503,-0.6480000000000001
NUMBER,Number,4.537,Millions,NUMBER,Number (real number),2010,Botswana,260,4040100,3.855,0.6819999999999999
NUMBER,Number,4.029,Millions,NUMBER,Number (real number),2011,Botswana,261,4044121,4.537,-0.508
NUMBER,Number,5.077,Millions,NUMBER,Number (real number),2012,Botswana,262,4048144,4.029,1.048
NUMBER,Number,5.663,Millions,NUMBER,Number (real number),2013,Botswana,263,4052169,5.077,0.5860000000000003
NUMBER,Number,6.85,Millions,NUMBER,Number (real number),2014,Botswana,264,4056196,5.663,1.1869999999999994
NUMBER,Number,5.418,Millions,NUMBER,Number (real number),2015,Botswana,265,4060225,6.85,-1.4319999999999995
NUMBER,Number,6.345,Millions,NUMBER,Number (real number),2016,Botswana,266,4064256,5.418,0.9269999999999996
NUMBER,Number,7.07,Millions,NUMBER,Number (real number),2017,Botswana,267,4068289,6.345,0.7250000000000005
NUMBER,Number,7.64,Millions,NUMBER,Number (real number),2018,Botswana,268,4072324,7.07,0.5699999999999994
NUMBER,Number,6.727,Millions,NUMBER,Number (real number),2019,Botswana,269,4076361,7.64,-0.9129999999999994
NUMBER,Number,5.551,Millions,NUMBER,Number (real number),2020,Botswana,270,4080400,6.727,-1.1760000000000002
NUMBER,Number,6.009,Millions,NUMBER,Number (real number),2021,Botswana,271,4084441,5.551,0.4580000000000002
NUMBER,Number,6.596,Millions,NUMBER,Number (real number),2022,Botswana,272,4088484,6.009,0.5869999999999997
NUMBER,Number,6.714,Millions,NUMBER,Number (real number),2023,Botswana,273,4092529,6.596,0.11800000000000033
NUMBER,Number,0.269,Millions,NUMBER,Number (real number),1857,Brazil,107,3448449,0.227,0.04200000000000001
NUMBER,Number,0.285,Millions,NUMBER,Number (real number),1858,Brazil,108,3452164,0.269,0.01599999999999996
NUMBER,Number,0.373,Millions,NUMBER,Number (real number),1859,Brazil,109,3455881,0.285,0.08800000000000002
NUMBER,Number,0.435,Millions,NUMBER,Number (real number),1860,Brazil,110,3459600,0.373,0.062
NUMBER,Number,0.41,Millions,NUMBER,Number (real number),1861,Brazil,111,3463321,0.435,-0.025000000000000022
NUMBER,Number,0.355,Millions,NUMBER,Number (real number),1862,Brazil,112,3467044,0.41,-0.05499999999999999
NUMBER,Number,0.426,Millions,NUMBER,Number (real number),1863,Brazil,113,3470769,0.355,0.07100000000000001
NUMBER,Number,0.48,Millions,NUMBER,Number (real number),1864,Brazil,114,3474496,0.426,0.05399999999999999
NUMBER,Number,0.572,Millions,NUMBER,Number (real number),1865,Brazil,115,3478225,0.48,0.09199999999999997
NUMBER,Number,0.646,Millions,NUMBER,Number (real number),1866,Brazil,116,3481956,0.572,0.07400000000000007
NUMBER,Number,0.555,Millions,NUMBER,Number (real number),1867,Brazil,117,3485689,0.646,-0.09099999999999997
NUMBER,Number,0.752,Millions,NUMBER,Number (real number),1868,Brazil,118,3489424,0.555,0.19699999999999995
NUMBER,Number,0.605,Millions,NUMBER,Number (real number),1869,Brazil,119,3493161,0.752,-0.14700000000000002
NUMBER,Number,0.698,Millions,NUMBER,Number (real number),1870,Brazil,120,3496900,0.605,0.09299999999999997
NUMBER,Number,0.845,Millions,NUMBER,Number (real number),1871,Brazil,121,3500641,0.698,0.14700000000000002
NUMBER,Number,0.858,Millions,NUMBER,Number (real number),1872,Brazil,122,3504384,0.845,0.013000000000000012
NUMBER,Number,1.029,Millions,NUMBER,Number (real number),1873,Brazil,123,3508129,0.858,0.17099999999999993
NUMBER,Number,0.996,Millions,NUMBER,Number (real number),1874,Brazil,124,3511876,1.029,-0.03299999999999992
NUMBER,Number,0.94,Millions,NUMBER,Number (real number),1875,Brazil,125,3515625,0.996,-0.05600000000000005
NUMBER,Number,0.843,Millions,NUMBER,Number (real number),1876,Brazil,126,3519376,0.94,-0.09699999999999998
NUMBER,Number,0.878,Millions,NUMBER,Number (real number),1877,Brazil,127,3523129,0.843,0.03500000000000003
NUMBER,Number,0.949,Millions,NUMBER,Number (real number),1878,Brazil,128,3526884,0.878,0.07099999999999995
NUMBER,Number,0.808,Millions,NUMBER,Number (real number),1879,Brazil,129,3530641,0.949,-0.1409999999999999
NUMBER,Number,0.923,Millions,NUMBER,Number (real number),1880,Brazil,130,3534400,0.808,0.11499999999999999
NUMBER,Number,1.031,Millions,NUMBER,Number (real number),1881,Brazil,131,3538161,0.923,0.10799999999999987
NUMBER,Number,0.948,Millions,NUMBER,Number (real number),1882,Brazil,132,3541924,1.031,-0.08299999999999996
NUMBER,Number,1.17,Millions,NUMBER,Number (real number),1883,Brazil,133,3545689,0.948,0.22199999999999998
NUMBER,Number,1.283,Millions,NUMBER,Number (real number),1884,Brazil,134,3549456,1.17,0.11299999999999999
NUMBER,Number,1.215,Millions,NUMBER,Number (real number),1885,Brazil,135,3553225,1.283,-0.06799999999999984
NUMBER,Number,1.236,Millions,NUMBER,Number (real number),1886,Brazil,136,3556996,1.215,0.020999999999999908
NUMBER,Number,1.316,Millions,NUMBER,Number (real number),1887,Brazil,137,3560769,1.236,0.08000000000000007
NUMBER,Number,1.283,Millions,NUMBER,Number (real number),1888,Brazil,138,3564544,1.316,-0.03300000000000014
NUMBER,Number,1.86,Millions,NUMBER,Number (real number),1889,Brazil,139,3568321,1.283,0.5770000000000002
NUMBER,Number,1.714,Millions,NUMBER,Number (real number),1890,Brazil,140,3572100,1.86,-0.14600000000000013
NUMBER,Number,2.072,Millions,NUMBER,Number (real number),1891,Brazil,141,3575881,1.714,0.3580000000000001
NUMBER,Number,2.146,Millions,NUMBER,Number (real number),1892,Brazil,142,3579664,2.072,0.07399999999999984
NUMBER,Number,1.97,Millions,NUMBER,Number (real number),1893,Brazil,143,3583449,2.146,-0.17599999999999993
NUMBER,Number,2.308,Millions,NUMBER,Number (real number),1894,Brazil,144,3587236,1.97,0.33799999999999986
NUMBER,Number,2.188,Millions,NUMBER,Number (real number),1895,Brazil,145,3591025,2.308,-0.11999999999999966
NUMBER,Number,2.616,Millions,NUMBER,Number (real number),1896,Brazil,146,3594816,2.188,0.42799999999999994
NUMBER,Number,2.734,Millions,NUMBER,Number (real number),1897,Brazil,147,3598609,2.616,0.11799999999999988
NUMBER,Number,2.681,Millions,NUMBER,Number (real number),1898,Brazil,148,3602404,2.734,-0.052999999999999936
NUMBER,Number,2.613,Millions,NUMBER,Number (real number),1899,Brazil,149,3606201,2.681,-0.06800000000000006
NUMBER,Number,2.272,Millions,NUMBER,Number (real number),1900,Brazil,150,3610000,2.613,-0.3410000000000002
NUMBER,Number,2.315,Millions,NUMBER,Number (real number),1901,Brazil,151,3613801,2.272,0.04300000000000015
NUMBER,Number,2.555,Millions,NUMBER,Number (real number),1902,Brazil,152,3617604,2.315,0.2400000000000002
NUMBER,Number,2.442,Millions,NUMBER,Number (real number),1903,Brazil,153,3621409,2.555,-0.11299999999999999
NUMBER,Number,2.639,Millions,NUMBER,Number (real number),1904,Brazil,154,3625216,2.442,0.19699999999999962
NUMBER,Number,2.872,Millions,NUMBER,Number (real number),1905,Brazil,155,3629025,2.639,0.2330000000000001
NUMBER,Number,3.248,Millions,NUMBER,Number (real number),1906,Brazil,156,3632836,2.872,0.37600000000000033
NUMBER,Number,3.722,Millions,NUMBER,Number (real number),1907,Brazil,157,3636649,3.248,0.47399999999999975
NUMBER,Number,3.73,Millions,NUMBER,Number (real number),1908,Brazil,158,3640464,3.722,0.008000000000000007
NUMBER,Number,3.826,Millions,NUMBER,Number (real number),1909,Brazil,159,3644281,3.73,0.09600000000000009
NUMBER,Number,4.585,Millions,NUMBER,Number (real number),1910,Brazil,160,3648100,3.826,0.7589999999999999
NUMBER,Number,5.384,Millions,NUMBER,Number (real number),1911,Brazil,161,3651921,4.585,0.7990000000000004
NUMBER,Number,5.478,Millions,NUMBER,Number (real number),1912,Brazil,162,3655744,5.384,0.09399999999999942
NUMBER,Number,6.107,Millions,NUMBER,Number (real number),1913,Brazil,163,3659569,5.478,0.6290000000000004
NUMBER,Number,4.658,Millions,NUMBER,Number (real number),1914,Brazil,164,3663396,6.107,-1.4489999999999998
NUMBER,Number,3.212,Millions,NUMBER,Number (real number),1915,Brazil,165,3667225,4.658,-1.4460000000000002
NUMBER,Number,2.735,Millions,NUMBER,Number (real number),1916,Brazil,166,3671056,3.212,-0.4770000000000003
NUMBER,Number,2.84,Millions,NUMBER,Number (real number),1917,Brazil,167,3674889,2.735,0.10499999999999998
NUMBER,Number,2.657,Millions,NUMBER,Number (real number),1918,Brazil,168,3678724,2.84,-0.18299999999999983
NUMBER,Number,2.968,Millions,NUMBER,Number (real number),1919,Brazil,169,3682561,2.657,0.31099999999999994
NUMBER,Number,3.964,Millions,NUMBER,Number (real number),1920,Brazil,170,3686400,2.968,0.996
NUMBER,Number,2.887,Millions,NUMBER,Number (real number),1921,Brazil,171,3690241,3.964,-1.077
NUMBER,Number,4.027,Millions,NUMBER,Number (real number),1922,Brazil,172,3694084,2.887,1.1400000000000001
NUMBER,Number,4.793,Millions,NUMBER,Number (real number),1923,Brazil,173,3697929,4.027,0.766
NUMBER,Number,5.319,Millions,NUMBER,Number (real number),1924,Brazil,174,3701776,4.793,0.5259999999999998
NUMBER,Number,5.342,Millions,NUMBER,Number (real number),1925,Brazil,175,3705625,5.319,0.022999999999999687
NUMBER,Number,5.47,Millions,NUMBER,Number (real number),1926,Brazil,176,3709476,5.342,0.1280000000000001
NUMBER,Number,6.039,Millions,NUMBER,Number (real number),1927,Brazil,177,3713329,5.47,0.569
NUMBER,Number,6.083,Millions,NUMBER,Number (real number),1928,Brazil,178,3717184,6.039,0.04400000000000048
NUMBER,Number,6.337,Millions,NUMBER,Number (real number),1929,Brazil,179,3721041,6.083,0.25399999999999956
NUMBER,Number,5.788,Millions,NUMBER,Number (real number),1930,Brazil,180,3724900,6.337,-0.5489999999999995
NUMBER,Number,4.773,Millions,NUMBER,Number (real number),1931,Brazil,181,3728761,5.788,-1.0150000000000006
NUMBER,Number,4.78,Millions,NUMBER,Number (real number),1932,Brazil,182,3732624,4.773,0.007000000000000561
NUMBER,Number,5.177,Millions,NUMBER,Number (real number),1933,Brazil,183,3736489,4.78,0.39699999999999935
NUMBER,Number,5.158,Millions,NUMBER,Number (real number),1934,Brazil,184,3740356,5.177,-0.01899999999999924
NUMBER,Number,5.378,Millions,NUMBER,Number (real number),1935,Brazil,185,3744225,5.158,0.21999999999999975
NUMBER,Number,5.617,Millions,NUMBER,Number (real number),1936,Brazil,186,3748096,5.378,0.23899999999999988
NUMBER,Number,6.731,Millions,NUMBER,Number (real number),1937,Brazil,187,3751969,5.617,1.1139999999999999
NUMBER,Number,7.179,Millions,NUMBER,Number (real number),1938,Brazil,188,3755844,6.731,0.4480000000000004
NUMBER,Number,5.615,Millions,NUMBER,Number (real number),1939,Brazil,189,3759721,7.179,-1.564
NUMBER,Number,5.654,Millions,NUMBER,Number (real number),1940,Brazil,190,3763600,5.615,0.0389999999999997
NUMBER,Number,6.281,Millions,NUMBER,Number (real number),1941,Brazil,191,3767481,5.654,0.6269999999999998
NUMBER,Number,5.867,Millions,NUMBER,Number (real number),1942,Brazil,192,3771364,6.281,-0.4139999999999997
NUMBER,Number,6.475,Millions,NUMBER,Number (real number),1943,Brazil,193,3775249,5.867,0.6079999999999997
NUMBER,Number,5.896,Millions,NUMBER,Number (real number),1944,Brazil,194,3779136,6.475,-0.5789999999999997
NUMBER,Number,6.823,Millions,NUMBER,Number (real number),1945,Brazil,195,3783025,5.896,0.9270000000000005
NUMBER,Number,7.46,Millions,NUMBER,Number (real number),1946,Brazil,196,3786916,6.823,0.6369999999999996
NUMBER,Number,8.947,Millions,NUMBER,Number (real number),1947,Brazil,197,3790809,7.46,1.4869999999999992
NUMBER,Number,7.847,Millions,NUMBER,Number (real number),1948,Brazil,198,3794704,8.947,-1.0999999999999988
NUMBER,Number,7.367,Millions,NUMBER,Number (real number),1949,Brazil,199,3798601,7.847,-0.4800000000000004
NUMBER,Number,19.659,Millions,NUMBER,Number (real number),1950,Brazil,200,3802500,7.367,12.291999999999998
NUMBER,Number,21.659,Millions,NUMBER,Number (real number),1951,Brazil,201,3806401,19.659,2.0
NUMBER,Number,24.934,Millions,NUMBER,Number (real number),1952,Brazil,202,3810304,21.659,3.275000000000002
NUMBER,Number,25.218,Millions,NUMBER,Number (real number),1953,Brazil,203,3814209,24.934,0.2839999999999989
NUMBER,Number,29.676,Millions,NUMBER,Number (real number),1954,Brazil,204,3818116,25.218,4.457999999999998
NUMBER,Number,34.024,Millions,NUMBER,Number (real number),1955,Brazil,205,3822025,29.676,4.3480000000000025
NUMBER,Number,36.608,Millions,NUMBER,Number (real number),1956,Brazil,206,3825936,34.024,2.583999999999996
NUMBER,Number,35.974,Millions,NUMBER,Number (real number),1957,Brazil,207,3829849,36.608,-0.6340000000000003
NUMBER,Number,39.054,Millions,NUMBER,Number (real number),1958,Brazil,208,3833764,35.974,3.0800000000000054
NUMBER,Number,39.017,Millions,NUMBER,Number (real number),1959,Brazil,209,3837681,39.054,-0.036999999999999034
NUMBER,Number,46.852,Millions,NUMBER,Number (real number),1960,Brazil,210,3841600,39.017,7.834999999999994
NUMBER,Number,49.136,Millions,NUMBER,Number (real number),1961,Brazil,211,3845521,46.852,2.284000000000006
NUMBER,Number,53.613,Millions,NUMBER,Number (real number),1962,Brazil,212,3849444,49.136,4.476999999999997
NUMBER,Number,55.523,Millions,NUMBER,Number (real number),1963,Brazil,213,3853369,53.613,1.9100000000000037
NUMBER,Number,56.626,Millions,NUMBER,Number (real number),1964,Brazil,214,3857296,55.523,1.1029999999999944
NUMBER,Number,56.279,Millions,NUMBER,Number (real number),1965,Brazil,215,3861225,56.626,-0.3469999999999942
NUMBER,Number,64.162,Millions,NUMBER,Number (real number),1966,Brazil,216,3865156,56.279,7.883000000000003
NUMBER,Number,66.033,Millions,NUMBER,Number (real number),1967,Brazil,217,3869089,64.162,1.8709999999999951
NUMBER,Number,77.224,Millions,NUMBER,Number (real number),1968,Brazil,218,3873024,66.033,11.191000000000003
NUMBER,Number,84.088,Millions,NUMBER,Number (real number),1969,Brazil,219,3876961,77.224,6.86399999999999
NUMBER,Number,93.488,Millions,NUMBER,Number (real number),1970,Brazil,220,3880900,84.088,9.400000000000006
NUMBER,Number,102.337,Millions,NUMBER,Number (real number),1971,Brazil,221,3884841,93.488,8.849000000000004
NUMBER,Number,114.019,Millions,NUMBER,Number (real number),1972,Brazil,222,3888784,102.337,11.682000000000002
NUMBER,Number,132.061,Millions,NUMBER,Number (real number),1973,Brazil,223,3892729,114.019,18.042
NUMBER,Number,143.016,Millions,NUMBER,Number (real number),1974,Brazil,224,3896676,132.061,10.954999999999984
NUMBER,Number,150.327,Millions,NUMBER,Number (real number),1975,Brazil,225,3900625,143.016,7.311000000000007
NUMBER,Number,154.607,Millions,NUMBER,Number (real number),1976,Brazil,226,3904576,150.327,4.280000000000001
NUMBER,Number,162.363,Millions,NUMBER,Number (real number),1977,Brazil,227,3908529,154.607,7.756
NUMBER,Number,177.117,Millions,NUMBER,Number (real number),1978,Brazil,228,3912484,162.363,14.75399999999999
NUMBER,Number,187.787,Millions,NUMBER,Number (real number),1979,Brazil,229,3916441,177.117,10.670000000000016
NUMBER,Number,186.191,Millions,NUMBER,Number (real number),1980,Brazil,230,3920400,187.787,-1.5960000000000036
NUMBER,Number,171.324,Millions,NUMBER,Number (real number),1981,Brazil,231,3924361,186.191,-14.86699999999999
NUMBER,Number,171.5,Millions,NUMBER,Number (real number),1982,Brazil,232,3928324,171.324,0.17599999999998772
NUMBER,Number,165.9,Millions,NUMBER,Number (real number),1983,Brazil,233,3932289,171.5,-5.599999999999994
NUMBER,Number,167.567,Millions,NUMBER,Number (real number),1984,Brazil,234,3936256,165.9,1.6670000000000016
NUMBER,Number,180.111,Millions,NUMBER,Number (real number),1985,Brazil,235,3940225,167.567,12.543999999999983
NUMBER,Number,197.238,Millions,NUMBER,Number (real number),1986,Brazil,236,3944196,180.111,17.12700000000001
NUMBER,Number,205.968,Millions,NUMBER,Number (real number),1987,Brazil,237,3948169,197.238,8.72999999999999
NUMBER,Number,207.695,Millions,NUMBER,Number (real number),1988,Brazil,238,3952144,205.968,1.7270000000000039
NUMBER,Number,212.071,Millions,NUMBER,Number (real number),1989,Brazil,239,3956121,207.695,4.376000000000005
NUMBER,Number,218.658,Millions,NUMBER,Number (real number),1990,Brazil,240,3960100,212.071,6.586999999999989
NUMBER,Number,229.394,Millions,NUMBER,Number (real number),1991,Brazil,241,3964081,218.658,10.736000000000018
NUMBER,Number,233.601,Millions,NUMBER,Number (real number),1992,Brazil,242,3968064,229.394,4.206999999999994
NUMBER,Number,244.306,Millions,NUMBER,Number (real number),1993,Brazil,243,3972049,233.601,10.705000000000013
NUMBER,Number,254.002,Millions,NUMBER,Number (real number),1994,Brazil,244,3976036,244.306,9.695999999999998
NUMBER,Number,268.678,Millions,NUMBER,Number (real number),1995,Brazil,245,3980025,254.002,14.675999999999988
NUMBER,Number,289.311,Millions,NUMBER,Number (real number),1996,Brazil,246,3984016,268.678,20.63299999999998
NUMBER,Number,306.949,Millions,NUMBER,Number (real number),1997,Brazil,247,3988009,289.311,17.638000000000034
NUMBER,Number,317.359,Millions,NUMBER,Number (real number),1998,Brazil,248,3992004,306.949,10.409999999999968
NUMBER,Number,327.256,Millions,NUMBER,Number (real number),1999,Brazil,249,3996001,317.359,9.896999999999991
NUMBER,Number,340.183,Millions,NUMBER,Number (real number),2000,Brazil,250,4000000,327.256,12.927000000000021
NUMBER,Number,346.166,Millions,NUMBER,Number (real number),2001,Brazil,251,4004001,340.183,5.983000000000004
NUMBER,Number,347.765,Millions,NUMBER,Number (real number),2002,Brazil,252,4008004,346.166,1.5989999999999895
NUMBER,Number,344.645,Millions,NUMBER,Number (real number),2003,Brazil,253,4012009,347.765,-3.1200000000000045
NUMBER,Number,361.434,Millions,NUMBER,Number (real number),2004,Brazil,254,4016016,344.645,16.789000000000044
NUMBER,Number,364.371,Millions,NUMBER,Number (real number),2005,Brazil,255,4020025,361.434,2.936999999999955
NUMBER,Number,368.871,Millions,NUMBER,Number (real number),2006,Brazil,256,4024036,364.371,4.5
NUMBER,Number,390.573,Millions,NUMBER,Number (real number),2007,Brazil,257,4028049,368.871,21.701999999999998
NUMBER,Number,412.638,Millions,NUMBER,Number (real number),2008,Brazil,258,4032064,390.573,22.064999999999998
NUMBER,Number,389.775,Millions,NUMBER,Number (real number),2009,Brazil,259,4036081,412.638,-22.863
NUMBER,Number,440.269,Millions,NUMBER,Number (real number),2010,Brazil,260,4040100,389.775,50.49400000000003
NUMBER,Number,462.58,Millions,NUMBER,Number (real number),2011,Brazil,261,4044121,440.269,22.31099999999998
NUMBER,Number,498.309,Millions,NUMBER,Number (real number),2012,Brazil,262,4048144,462.58,35.72900000000004
NUMBER,Number,532.418,Millions,NUMBER,Number (real number),2013,Brazil,263,4052169,498.309,34.10899999999998
NUMBER,Number,557.901,Millions,NUMBER,Number (real number),2014,Brazil,264,4056196,532.418,25.482999999999947
NUMBER,Number,529.353,Millions,NUMBER,Number (real number),2015,Brazil,265,4060225,557.901,-28.548000000000002
NUMBER,Number,492.748,Millions,NUMBER,Number (real number),2016,Brazil,266,4064256,529.353,-36.60499999999996
NUMBER,Number,498.266,Millions,NUMBER,Number (real number),2017,Brazil,267,4068289,492.748,5.518000000000029
NUMBER,Number,478.379,Millions,NUMBER,Number (real number),2018,Brazil,268,4072324,498.266,-19.887
NUMBER,Number,473.39,Millions,NUMBER,Number (real number),2019,Brazil,269,4076361,478.379,-4.989000000000033
NUMBER,Number,445.208,Millions,NUMBER,Number (real number),2020,Brazil,270,4080400,473.39,-28.18199999999996
NUMBER,Number,498.017,Millions,NUMBER,Number (real number),2021,Brazil,271,4084441,445.208,52.80899999999997
NUMBER,Number,483.841,Millions,NUMBER,Number (real number),2022,Brazil,272,4088484,498.017,-14.175999999999988
NUMBER,Number,486.47,Millions,NUMBER,Number (real number),2023,Brazil,273,4092529,483.841,2.629000000000019
NUMBER,Number,0.004,Millions,NUMBER,Number (real number),1963,British Virgin Islands,213,3853369,0.004,0.0
NUMBER,Number,0.007,Millions,NUMBER,Number (real number),1964,British Virgin Islands,214,3857296,0.004,0.003
NUMBER,Number,0.007,Millions,NUMBER,Number (real number),1965,British Virgin Islands,215,3861225,0.007,0.0
NUMBER,Number,0.011,Millions,NUMBER,Number (real number),1966,British Virgin Islands,216,3865156,0.007,0.003999999999999999
NUMBER,Number,0.004,Millions,NUMBER,Number (real number),1967,British Virgin Islands,217,3869089,0.011,-0.006999999999999999
NUMBER,Number,0.015,Millions,NUMBER,Number (real number),1968,British Virgin Islands,218,3873024,0.004,0.011
NUMBER,Number,0.018,Millions,NUMBER,Number (real number),1969,British Virgin Islands,219,3876961,0.015,0.002999999999999999
NUMBER,Number,0.018,Millions,NUMBER,Number (real number),1970,British Virgin Islands,220,3880900,0.018,0.0
NUMBER,Number,0.022,Millions,NUMBER,Number (real number),1971,British Virgin Islands,221,3884841,0.018,0.004
NUMBER,Number,0.022,Millions,NUMBER,Number (real number),1972,British Virgin Islands,222,3888784,0.022,0.0
NUMBER,Number,0.026,Millions,NUMBER,Number (real number),1973,British Virgin Islands,223,3892729,0.022,0.004
NUMBER,Number,0.026,Millions,NUMBER,Number (real number),1974,British Virgin Islands,224,3896676,0.026,0.0
NUMBER,Number,0.026,Millions,NUMBER,Number (real number),1975,British Virgin Islands,225,3900625,0.026,0.0
NUMBER,Number,0.026,Millions,NUMBER,Number (real number),1976,British Virgin Islands,226,3904576,0.026,0.0
NUMBER,Number,0.029,Millions,NUMBER,Number (real number),1977,British Virgin Islands,227,3908529,0.026,0.0030000000000000027
NUMBER,Number,0.029,Millions,NUMBER,Number (real number),1978,British Virgin Islands,228,3912484,0.029,0.0
NUMBER,Number,0.029,Millions,NUMBER,Number (real number),1979,British Virgin Islands,229,3916441,0.029,0.0
NUMBER,Number,0.029,Millions,NUMBER,Number (real number),1980,British Virgin Islands,230,3920400,0.029,0.0
NUMBER,Number,0.044,Millions,NUMBER,Number (real number),1981,British Virgin Islands,231,3924361,0.029,0.014999999999999996
NUMBER,Number,0.037,Millions,NUMBER,Number (real number),1982,British Virgin Islands,232,3928324,0.044,-0.006999999999999999
NUMBER,Number,0.04,Millions,NUMBER,Number (real number),1983,British Virgin Islands,233,3932289,0.037,0.0030000000000000027
NUMBER,Number,0.04,Millions,NUMBER,Number (real number),1984,British Virgin Islands,234,3936256,0.04,0.0
NUMBER,Number,0.048,Millions,NUMBER,Number (real number),1985,British Virgin Islands,235,3940225,0.04,0.008
NUMBER,Number,0.055,Millions,NUMBER,Number (real number),1986,British Virgin Islands,236,3944196,0.048,0.006999999999999999
NUMBER,Number,0.062,Millions,NUMBER,Number (real number),1987,British Virgin Islands,237,3948169,0.055,0.006999999999999999
NUMBER,Number,0.066,Millions,NUMBER,Number (real number),1988,British Virgin Islands,238,3952144,0.062,0.0040000000000000036
NUMBER,Number,0.066,Millions,NUMBER,Number (real number),1989,British Virgin Islands,239,3956121,0.066,0.0
NUMBER,Number,0.066,Millions,NUMBER,Number (real number),1990,British Virgin Islands,240,3960100,0.066,0.0
NUMBER,Number,0.073,Millions,NUMBER,Number (real number),1991,British Virgin Islands,241,3964081,0.066,0.006999999999999992
NUMBER,Number,0.081,Millions,NUMBER,Number (real number),1992,British Virgin Islands,242,3968064,0.073,0.008000000000000007
NUMBER,Number,0.084,Millions,NUMBER,Number (real number),1993,British Virgin Islands,243,3972049,0.081,0.0030000000000000027
NUMBER,Number,0.084,Millions,NUMBER,Number (real number),1994,British Virgin Islands,244,3976036,0.084,0.0
NUMBER,Number,0.088,Millions,NUMBER,Number (real number),1995,British Virgin Islands,245,3980025,0.084,0.00399999999999999
NUMBER,Number,0.099,Millions,NUMBER,Number (real number),1996,British Virgin Islands,246,3984016,0.088,0.01100000000000001
NUMBER,Number,0.103,Millions,NUMBER,Number (real number),1997,British Virgin Islands,247,3988009,0.099,0.00399999999999999
NUMBER,Number,0.103,Millions,NUMBER,Number (real number),1998,British Virgin Islands,248,3992004,0.103,0.0
NUMBER,Number,0.114,Millions,NUMBER,Number (real number),1999,British Virgin Islands,249,3996001,0.103,0.01100000000000001
NUMBER,Number,0.117,Millions,NUMBER,Number (real number),2000,British Virgin Islands,250,4000000,0.114,0.0030000000000000027
NUMBER,Number,0.125,Millions,NUMBER,Number (real number),2001,British Virgin Islands,251,4004001,0.117,0.007999999999999993
NUMBER,Number,0.143,Millions,NUMBER,Number (real number),2002,British Virgin Islands,252,4008004,0.125,0.017999999999999988
NUMBER,Number,0.147,Millions,NUMBER,Number (real number),2003,British Virgin Islands,253,4012009,0.143,0.0040000000000000036
NUMBER,Number,0.154,Millions,NUMBER,Number (real number),2004,British Virgin Islands,254,4016016,0.147,0.007000000000000006
NUMBER,Number,0.165,Millions,NUMBER,Number (real number),2005,British Virgin Islands,255,4020025,0.154,0.01100000000000001
NUMBER,Number,0.18,Millions,NUMBER,Number (real number),2006,British Virgin Islands,256,4024036,0.165,0.014999999999999986
NUMBER,Number,0.187,Millions,NUMBER,Number (real number),2007,British Virgin Islands,257,4028049,0.18,0.007000000000000006
NUMBER,Number,0.194,Millions,NUMBER,Number (real number),2008,British Virgin Islands,258,4032064,0.187,0.007000000000000006
NUMBER,Number,0.194,Millions,NUMBER,Number (real number),2009,British Virgin Islands,259,4036081,0.194,0.0
NUMBER,Number,0.213,Millions,NUMBER,Number (real number),2010,British Virgin Islands,260,4040100,0.194,0.01899999999999999
NUMBER,Number,0.213,Millions,NUMBER,Number (real number),2011,British Virgin Islands,261,4044121,0.213,0.0
NUMBER,Number,0.213,Millions,NUMBER,Number (real number),2012,British Virgin Islands,262,4048144,0.213,0.0
NUMBER,Number,0.213,Millions,NUMBER,Number (real number),2013,British Virgin Islands,263,4052169,0.213,0.0
NUMBER,Number,0.216,Millions,NUMBER,Number (real number),2014,British Virgin Islands,264,4056196,0.213,0.0030000000000000027
NUMBER,Number,0.227,Millions,NUMBER,Number (real number),2015,British Virgin Islands,265,4060225,0.216,0.01100000000000001
NUMBER,Number,0.231,Millions,NUMBER,Number (real number),2016,British Virgin Islands,266,4064256,0.227,0.0040000000000000036
NUMBER,Number,0.18,Millions,NUMBER,Number (real number),2017,British Virgin Islands,267,4068289,0.231,-0.05100000000000002
NUMBER,Number,0.161,Millions,NUMBER,Number (real number),2018,British Virgin Islands,268,4072324,0.18,-0.01899999999999999
NUMBER,Number,0.183,Millions,NUMBER,Number (real number),2019,British Virgin Islands,269,4076361,0.161,0.021999999999999992
NUMBER,Number,0.18,Millions,NUMBER,Number (real number),2020,British Virgin Islands,270,4080400,0.183,-0.0030000000000000027
NUMBER,Number,0.183,Millions,NUMBER,Number (real number),2021,British Virgin Islands,271,4084441,0.18,0.0030000000000000027
NUMBER,Number,0.178,Millions,NUMBER,Number (real number),2022,British Virgin Islands,272,4088484,0.183,-0.0050000000000000044
NUMBER,Number,0.185,Millions,NUMBER,Number (real number),2023,British Virgin Islands,273,4092529,0.178,0.007000000000000006
NUMBER,Number,0.044,Millions,NUMBER,Number (real number),1934,Brunei Darussalam,184,3740356,0.004,0.039999999999999994
NUMBER,Number,0.026,Millions,NUMBER,Number (real number),1935,Brunei Darussalam,185,3744225,0.044,-0.018
NUMBER,Number,0.077,Millions,NUMBER,Number (real number),1936,Brunei Darussalam,186,3748096,0.026,0.051000000000000004
NUMBER,Number,0.205,Millions,NUMBER,Number (real number),1937,Brunei Darussalam,187,3751969,0.077,0.128
NUMBER,Number,0.216,Millions,NUMBER,Number (real number),1938,Brunei Darussalam,188,3755844,0.205,0.01100000000000001
NUMBER,Number,2.627,Millions,NUMBER,Number (real number),1939,Brunei Darussalam,189,3759721,0.216,2.4109999999999996
NUMBER,Number,2.961,Millions,NUMBER,Number (real number),1940,Brunei Darussalam,190,3763600,2.627,0.3340000000000001
NUMBER,Number,1.968,Millions,NUMBER,Number (real number),1941,Brunei Darussalam,191,3767481,2.961,-0.9929999999999999
NUMBER,Number,1.246,Millions,NUMBER,Number (real number),1942,Brunei Darussalam,192,3771364,1.968,-0.722
NUMBER,Number,1.872,Millions,NUMBER,Number (real number),1943,Brunei Darussalam,193,3775249,1.246,0.6260000000000001
NUMBER,Number,2.495,Millions,NUMBER,Number (real number),1944,Brunei Darussalam,194,3779136,1.872,0.623
NUMBER,Number,0.92,Millions,NUMBER,Number (real number),1945,Brunei Darussalam,195,3783025,2.495,-1.5750000000000002
NUMBER,Number,0.945,Millions,NUMBER,Number (real number),1946,Brunei Darussalam,196,3786916,0.92,0.02499999999999991
NUMBER,Number,5.353,Millions,NUMBER,Number (real number),1947,Brunei Darussalam,197,3790809,0.945,4.4079999999999995
NUMBER,Number,0.081,Millions,NUMBER,Number (real number),1948,Brunei Darussalam,198,3794704,5.353,-5.271999999999999
NUMBER,Number,11.468,Millions,NUMBER,Number (real number),1949,Brunei Darussalam,199,3798601,0.081,11.387
NUMBER,Number,0.414,Millions,NUMBER,Number (real number),1950,Brunei Darussalam,200,3802500,11.468,-11.054
NUMBER,Number,0.3,Millions,NUMBER,Number (real number),1951,Brunei Darussalam,201,3806401,0.414,-0.11399999999999999
NUMBER,Number,0.322,Millions,NUMBER,Number (real number),1952,Brunei Darussalam,202,3810304,0.3,0.02200000000000002
NUMBER,Number,0.344,Millions,NUMBER,Number (real number),1953,Brunei Darussalam,203,3814209,0.322,0.021999999999999964
NUMBER,Number,0.359,Millions,NUMBER,Number (real number),1954,Brunei Darussalam,204,3818116,0.344,0.015000000000000013
NUMBER,Number,0.3,Millions,NUMBER,Number (real number),1955,Brunei Darussalam,205,3822025,0.359,-0.059
NUMBER,Number,0.297,Millions,NUMBER,Number (real number),1956,Brunei Darussalam,206,3825936,0.3,-0.0030000000000000027
NUMBER,Number,0.293,Millions,NUMBER,Number (real number),1957,Brunei Darussalam,207,3829849,0.297,-0.0040000000000000036
NUMBER,Number,0.319,Millions,NUMBER,Number (real number),1958,Brunei Darussalam,208,3833764,0.293,0.026000000000000023
NUMBER,Number,0.326,Millions,NUMBER,Number (real number),1959,Brunei Darussalam,209,3837681,0.319,0.007000000000000006
NUMBER,Number,0.333,Millions,NUMBER,Number (real number),1960,Brunei Darussalam,210,3841600,0.326,0.007000000000000006
NUMBER,Number,0.304,Millions,NUMBER,Number (real number),1961,Brunei Darussalam,211,3845521,0.333,-0.029000000000000026
NUMBER,Number,0.37,Millions,NUMBER,Number (real number),1962,Brunei Darussalam,212,3849444,0.304,0.066
NUMBER,Number,0.355,Millions,NUMBER,Number (real number),1963,Brunei Darussalam,213,3853369,0.37,-0.015000000000000013
NUMBER,Number,0.341,Millions,NUMBER,Number (real number),1964,Brunei Darussalam,214,3857296,0.355,-0.013999999999999957
NUMBER,Number,0.333,Millions,NUMBER,Number (real number),1965,Brunei Darussalam,215,3861225,0.341,-0.008000000000000007
NUMBER,Number,0.491,Millions,NUMBER,Number (real number),1966,Brunei Darussalam,216,3865156,0.333,0.15799999999999997
NUMBER,Number,0.44,Millions,NUMBER,Number (real number),1967,Brunei Darussalam,217,3869089,0.491,-0.05099999999999999
NUMBER,Number,0.429,Millions,NUMBER,Number (real number),1968,Brunei Darussalam,218,3873024,0.44,-0.01100000000000001
NUMBER,Number,0.487,Millions,NUMBER,Number (real number),1969,Brunei Darussalam,219,3876961,0.429,0.057999999999999996
NUMBER,Number,8.204,Millions,NUMBER,Number (real number),1970,Brunei Darussalam,220,3880900,0.487,7.7170000000000005
NUMBER,Number,7.511,Millions,NUMBER,Number (real number),1971,Brunei Darussalam,221,3884841,8.204,-0.6930000000000005
NUMBER,Number,9.453,Millions,NUMBER,Number (real number),1972,Brunei Darussalam,222,3888784,7.511,1.9419999999999993
NUMBER,Number,9.973,Millions,NUMBER,Number (real number),1973,Brunei Darussalam,223,3892729,9.453,0.5200000000000014
NUMBER,Number,8.178,Millions,NUMBER,Number (real number),1974,Brunei Darussalam,224,3896676,9.973,-1.795
NUMBER,Number,7.075,Millions,NUMBER,Number (real number),1975,Brunei Darussalam,225,3900625,8.178,-1.1030000000000006
NUMBER,Number,6.02,Millions,NUMBER,Number (real number),1976,Brunei Darussalam,226,3904576,7.075,-1.0550000000000006
NUMBER,Number,6.39,Millions,NUMBER,Number (real number),1977,Brunei Darussalam,227,3908529,6.02,0.3700000000000001
NUMBER,Number,9.534,Millions,NUMBER,Number (real number),1978,Brunei Darussalam,228,3912484,6.39,3.144000000000001
NUMBER,Number,7.434,Millions,NUMBER,Number (real number),1979,Brunei Darussalam,229,3916441,9.534,-2.1000000000000005
NUMBER,Number,6.877,Millions,NUMBER,Number (real number),1980,Brunei Darussalam,230,3920400,7.434,-0.5570000000000004
NUMBER,Number,2.059,Millions,NUMBER,Number (real number),1981,Brunei Darussalam,231,3924361,6.877,-4.818
NUMBER,Number,2.665,Millions,NUMBER,Number (real number),1982,Brunei Darussalam,232,3928324,2.059,0.6059999999999999
NUMBER,Number,2.733,Millions,NUMBER,Number (real number),1983,Brunei Darussalam,233,3932289,2.665,0.06800000000000006
NUMBER,Number,1.916,Millions,NUMBER,Number (real number),1984,Brunei Darussalam,234,3936256,2.733,-0.8170000000000002
NUMBER,Number,2.594,Millions,NUMBER,Number (real number),1985,Brunei Darussalam,235,3940225,1.916,0.6779999999999999
NUMBER,Number,2.297,Millions,NUMBER,Number (real number),1986,Brunei Darussalam,236,3944196,2.594,-0.2969999999999997
NUMBER,Number,3.316,Millions,NUMBER,Number (real number),1987,Brunei Darussalam,237,3948169,2.297,1.0189999999999997
NUMBER,Number,5.712,Millions,NUMBER,Number (real number),1988,Brunei Darussalam,238,3952144,3.316,2.396
NUMBER,Number,6.342,Millions,NUMBER,Number (real number),1989,Brunei Darussalam,239,3956121,5.712,0.6299999999999999
NUMBER,Number,5.456,Millions,NUMBER,Number (real number),1990,Brunei Darussalam,240,3960100,6.342,-0.8859999999999992
NUMBER,Number,7.211,Millions,NUMBER,Number (real number),1991,Brunei Darussalam,241,3964081,5.456,1.755
NUMBER,Number,6.885,Millions,NUMBER,Number (real number),1992,Brunei Darussalam,242,3968064,7.211,-0.3260000000000005
NUMBER,Number,6.357,Millions,NUMBER,Number (real number),1993,Brunei Darussalam,243,3972049,6.885,-0.5279999999999996
NUMBER,Number,5.553,Millions,NUMBER,Number (real number),1994,Brunei Darussalam,244,3976036,6.357,-0.8040000000000003
NUMBER,Number,5.825,Millions,NUMBER,Number (real number),1995,Brunei Darussalam,245,3980025,5.553,0.27200000000000024
NUMBER,Number,5.879,Millions,NUMBER,Number (real number),1996,Brunei Darussalam,246,3984016,5.825,0.05399999999999938
NUMBER,Number,6.087,Millions,NUMBER,Number (real number),1997,Brunei Darussalam,247,3988009,5.879,0.20800000000000018
NUMBER,Number,5.595,Millions,NUMBER,Number (real number),1998,Brunei Darussalam,248,3992004,6.087,-0.492
NUMBER,Number,5.978,Millions,NUMBER,Number (real number),1999,Brunei Darussalam,249,3996001,5.595,0.383
NUMBER,Number,5.329,Millions,NUMBER,Number (real number),2000,Brunei Darussalam,250,4000000,5.978,-0.649
NUMBER,Number,5.19,Millions,NUMBER,Number (real number),2001,Brunei Darussalam,251,4004001,5.329,-0.13899999999999935
NUMBER,Number,4.67,Millions,NUMBER,Number (real number),2002,Brunei Darussalam,252,4008004,5.19,-0.5200000000000005
NUMBER,Number,5.598,Millions,NUMBER,Number (real number),2003,Brunei Darussalam,253,4012009,4.67,0.9279999999999999
NUMBER,Number,5.641,Millions,NUMBER,Number (real number),2004,Brunei Darussalam,254,4016016,5.598,0.04300000000000015
NUMBER,Number,5.429,Millions,NUMBER,Number (real number),2005,Brunei Darussalam,255,4020025,5.641,-0.21199999999999974
NUMBER,Number,7.144,Millions,NUMBER,Number (real number),2006,Brunei Darussalam,256,4024036,5.429,1.7149999999999999
NUMBER,Number,8.077,Millions,NUMBER,Number (real number),2007,Brunei Darussalam,257,4028049,7.144,0.9329999999999998
NUMBER,Number,9.166,Millions,NUMBER,Number (real number),2008,Brunei Darussalam,258,4032064,8.077,1.0890000000000004
NUMBER,Number,7.745,Millions,NUMBER,Number (real number),2009,Brunei Darussalam,259,4036081,9.166,-1.4210000000000003
NUMBER,Number,8.017,Millions,NUMBER,Number (real number),2010,Brunei Darussalam,260,4040100,7.745,0.27199999999999935
NUMBER,Number,9.555,Millions,NUMBER,Number (real number),2011,Brunei Darussalam,261,4044121,8.017,1.5380000000000003
NUMBER,Number,9.5,Millions,NUMBER,Number (real number),2012,Brunei Darussalam,262,4048144,9.555,-0.054999999999999716
NUMBER,Number,7.626,Millions,NUMBER,Number (real number),2013,Brunei Darussalam,263,4052169,9.5,-1.8739999999999997
NUMBER,Number,8.831,Millions,NUMBER,Number (real number),2014,Brunei Darussalam,264,4056196,7.626,1.2049999999999992
NUMBER,Number,6.933,Millions,NUMBER,Number (real number),2015,Brunei Darussalam,265,4060225,8.831,-1.8979999999999997
NUMBER,Number,7.633,Millions,NUMBER,Number (real number),2016,Brunei Darussalam,266,4064256,6.933,0.7000000000000002
NUMBER,Number,9.309,Millions,NUMBER,Number (real number),2017,Brunei Darussalam,267,4068289,7.633,1.6759999999999993
NUMBER,Number,9.344,Millions,NUMBER,Number (real number),2018,Brunei Darussalam,268,4072324,9.309,0.03500000000000014
NUMBER,Number,10.733,Millions,NUMBER,Number (real number),2019,Brunei Darussalam,269,4076361,9.344,1.3890000000000011
NUMBER,Number,11.157,Millions,NUMBER,Number (real number),2020,Brunei Darussalam,270,4080400,10.733,0.4239999999999995
NUMBER,Number,11.713,Millions,NUMBER,Number (real number),2021,Brunei Darussalam,271,4084441,11.157,0.5559999999999992
NUMBER,Number,11.354,Millions,NUMBER,Number (real number),2022,Brunei Darussalam,272,4088484,11.713,-0.359
NUMBER,Number,11.77,Millions,NUMBER,Number (real number),2023,Brunei Darussalam,273,4092529,11.354,0.41600000000000037
NUMBER,Number,0.004,Millions,NUMBER,Number (real number),1882,Bulgaria,132,3541924,0.004,0.0
NUMBER,Number,0.007,Millions,NUMBER,Number (real number),1883,Bulgaria,133,3545689,0.004,0.003
NUMBER,Number,0.011,Millions,NUMBER,Number (real number),1884,Bulgaria,134,3549456,0.007,0.003999999999999999
NUMBER,Number,0.007,Millions,NUMBER,Number (real number),1885,Bulgaria,135,3553225,0.011,-0.003999999999999999
NUMBER,Number,0.007,Millions,NUMBER,Number (real number),1886,Bulgaria,136,3556996,0.007,0.0
NUMBER,Number,0.011,Millions,NUMBER,Number (real number),1887,Bulgaria,137,3560769,0.007,0.003999999999999999
NUMBER,Number,0.018,Millions,NUMBER,Number (real number),1888,Bulgaria,138,3564544,0.011,0.006999999999999999
NUMBER,Number,0.026,Millions,NUMBER,Number (real number),1889,Bulgaria,139,3568321,0.018,0.008
NUMBER,Number,0.033,Millions,NUMBER,Number (real number),1890,Bulgaria,140,3572100,0.026,0.007000000000000003
NUMBER,Number,0.04,Millions,NUMBER,Number (real number),1891,Bulgaria,141,3575881,0.033,0.006999999999999999
NUMBER,Number,0.048,Millions,NUMBER,Number (real number),1892,Bulgaria,142,3579664,0.04,0.008
NUMBER,Number,0.062,Millions,NUMBER,Number (real number),1893,Bulgaria,143,3583449,0.048,0.013999999999999999
NUMBER,Number,0.081,Millions,NUMBER,Number (real number),1894,Bulgaria,144,3587236,0.062,0.019000000000000003
NUMBER,Number,0.084,Millions,NUMBER,Number (real number),1895,Bulgaria,145,3591025,0.081,0.0030000000000000027
NUMBER,Number,0.106,Millions,NUMBER,Number (real number),1896,Bulgaria,146,3594816,0.084,0.021999999999999992
NUMBER,Number,0.11,Millions,NUMBER,Number (real number),1897,Bulgaria,147,3598609,0.106,0.0040000000000000036
NUMBER,Number,0.147,Millions,NUMBER,Number (real number),1898,Bulgaria,148,3602404,0.11,0.03699999999999999
NUMBER,Number,0.147,Millions,NUMBER,Number (real number),1899,Bulgaria,149,3606201,0.147,0.0
NUMBER,Number,0.216,Millions,NUMBER,Number (real number),1900,Bulgaria,150,3610000,0.147,0.069
NUMBER,Number,0.271,Millions,NUMBER,Number (real number),1901,Bulgaria,151,3613801,0.216,0.05500000000000002
NUMBER,Number,0.238,Millions,NUMBER,Number (real number),1902,Bulgaria,152,3617604,0.271,-0.03300000000000003
NUMBER,Number,0.234,Millions,NUMBER,Number (real number),1903,Bulgaria,153,3621409,0.238,-0.003999999999999976
NUMBER,Number,0.3,Millions,NUMBER,Number (real number),1904,Bulgaria,154,3625216,0.234,0.06599999999999998
NUMBER,Number,0.359,Millions,NUMBER,Number (real number),1905,Bulgaria,155,3629025,0.3,0.059
NUMBER,Number,0.315,Millions,NUMBER,Number (real number),1906,Bulgaria,156,3632836,0.359,-0.043999999999999984
NUMBER,Number,0.454,Millions,NUMBER,Number (real number),1907,Bulgaria,157,3636649,0.315,0.139
NUMBER,Number,0.597,Millions,NUMBER,Number (real number),1908,Bulgaria,158,3640464,0.454,0.14299999999999996
NUMBER,Number,0.605,Millions,NUMBER,Number (real number),1909,Bulgaria,159,3644281,0.597,0.008000000000000007
NUMBER,Number,0.634,Millions,NUMBER,Number (real number),1910,Bulgaria,160,3648100,0.605,0.029000000000000026
NUMBER,Number,0.898,Millions,NUMBER,Number (real number),1911,Bulgaria,161,3651921,0.634,0.264
NUMBER,Number,0.898,Millions,NUMBER,Number (real number),1912,Bulgaria,162,3655744,0.898,0.0
NUMBER,Number,0.788,Millions,NUMBER,Number (real number),1913,Bulgaria,163,3659569,0.898,-0.10999999999999999
NUMBER,Number,1.183,Millions,NUMBER,Number (real number),1914,Bulgaria,164,3663396,0.788,0.395
NUMBER,Number,0.762,Millions,NUMBER,Number (real number),1915,Bulgaria,165,3667225,1.183,-0.42100000000000004
NUMBER,Number,0.923,Millions,NUMBER,Number (real number),1916,Bulgaria,166,3671056,0.762,0.16100000000000003
NUMBER,Number,1.14,Millions,NUMBER,Number (real number),1917,Bulgaria,167,3674889,0.923,0.21699999999999986
NUMBER,Number,1.422,Millions,NUMBER,Number (real number),1918,Bulgaria,168,3678724,1.14,0.28200000000000003
NUMBER,Number,0.835,Millions,NUMBER,Number (real number),1919,Bulgaria,169,3682561,1.422,-0.587
NUMBER,Number,1.099,Millions,NUMBER,Number (real number),1920,Bulgaria,170,3686400,0.835,0.264
NUMBER,Number,1.367,Millions,NUMBER,Number (real number),1921,Bulgaria,171,3690241,1.099,0.268
NUMBER,Number,1.51,Millions,NUMBER,Number (real number),1922,Bulgaria,172,3694084,1.367,0.14300000000000002
NUMBER,Number,1.605,Millions,NUMBER,Number (real number),1923,Bulgaria,173,3697929,1.51,0.09499999999999997
NUMBER,Number,1.843,Millions,NUMBER,Number (real number),1924,Bulgaria,174,3701776,1.605,0.238
NUMBER,Number,1.81,Millions,NUMBER,Number (real number),1925,Bulgaria,175,3705625,1.843,-0.03299999999999992
NUMBER,Number,1.781,Millions,NUMBER,Number (real number),1926,Bulgaria,176,3709476,1.81,-0.029000000000000137
NUMBER,Number,1.817,Millions,NUMBER,Number (real number),1927,Bulgaria,177,3713329,1.781,0.03600000000000003
NUMBER,Number,2.139,Millions,NUMBER,Number (real number),1928,Bulgaria,178,3717184,1.817,0.32199999999999984
NUMBER,Number,2.484,Millions,NUMBER,Number (real number),1929,Bulgaria,179,3721041,2.139,0.3450000000000002
NUMBER,Number,2.403,Millions,NUMBER,Number (real number),1930,Bulgaria,180,3724900,2.484,-0.08099999999999996
NUMBER,Number,2.275,Millions,NUMBER,Number (real number),1931,Bulgaria,181,3728761,2.403,-0.1280000000000001
NUMBER,Number,2.638,Millions,NUMBER,Number (real number),1932,Bulgaria,182,3732624,2.275,0.363
NUMBER,Number,2.348,Millions,NUMBER,Number (real number),1933,Bulgaria,183,3736489,2.638,-0.29000000000000004
NUMBER,Number,2.44,Millions,NUMBER,Number (real number),1934,Bulgaria,184,3740356,2.348,0.09200000000000008
NUMBER,Number,2.473,Millions,NUMBER,Number (real number),1935,Bulgaria,185,3744225,2.44,0.03299999999999992
NUMBER,Number,2.513,Millions,NUMBER,Number (real number),1936,Bulgaria,186,3748096,2.473,0.040000000000000036
NUMBER,Number,2.788,Millions,NUMBER,Number (real number),1937,Bulgaria,187,3751969,2.513,0.2749999999999999
NUMBER,Number,3.172,Millions,NUMBER,Number (real number),1938,Bulgaria,188,3755844,2.788,0.38400000000000034
NUMBER,Number,3.484,Millions,NUMBER,Number (real number),1939,Bulgaria,189,3759721,3.172,0.31199999999999983
NUMBER,Number,4.1,Millions,NUMBER,Number (real number),1940,Bulgaria,190,3763600,3.484,0.6159999999999997
NUMBER,Number,4.422,Millions,NUMBER,Number (real number),1941,Bulgaria,191,3767481,4.1,0.32200000000000006
NUMBER,Number,5.349,Millions,NUMBER,Number (real number),1942,Bulgaria,192,3771364,4.422,0.9270000000000005
NUMBER,Number,5.811,Millions,NUMBER,Number (real number),1943,Bulgaria,193,3775249,5.349,0.46199999999999974
NUMBER,Number,4.389,Millions,NUMBER,Number (real number),1944,Bulgaria,194,3779136,5.811,-1.4219999999999997
NUMBER,Number,5.209,Millions,NUMBER,Number (real number),1945,Bulgaria,195,3783025,4.389,0.8199999999999994
NUMBER,Number,4.976,Millions,NUMBER,Number (real number),1946,Bulgaria,196,3786916,5.209,-0.23299999999999965
NUMBER,Number,5.91,Millions,NUMBER,Number (real number),1947,Bulgaria,197,3790809,4.976,0.9340000000000002
NUMBER,Number,6.22,Millions,NUMBER,Number (real number),1948,Bulgaria,198,3794704,5.91,0.3099999999999996
NUMBER,Number,7.453,Millions,NUMBER,Number (real number),1949,Bulgaria,199,3798601,6.22,1.2330000000000005
NUMBER,Number,7.498,Millions,NUMBER,Number (real number),1950,Bulgaria,200,3802500,7.453,0.04499999999999993
NUMBER,Number,8.165,Millions,NUMBER,Number (real number),1951,Bulgaria,201,3806401,7.498,0.6669999999999989
NUMBER,Number,9.428,Millions,NUMBER,Number (real number),1952,Bulgaria,202,3810304,8.165,1.2630000000000017
NUMBER,Number,10.586,Millions,NUMBER,Number (real number),1953,Bulgaria,203,3814209,9.428,1.1579999999999995
NUMBER,Number,11.392,Millions,NUMBER,Number (real number),1954,Bulgaria,204,3818116,10.586,0.8059999999999992
NUMBER,Number,12.092,Millions,NUMBER,Number (real number),1955,Bulgaria,205,3822025,11.392,0.7000000000000011
NUMBER,Number,12.967,Millions,NUMBER,Number (real number),1956,Bulgaria,206,3825936,12.092,0.875
NUMBER,Number,14.389,Millions,NUMBER,Number (real number),1957,Bulgaria,207,3829849,12.967,1.4219999999999988
NUMBER,Number,15.627,Millions,NUMBER,Number (real number),1958,Bulgaria,208,3833764,14.389,1.2380000000000013
NUMBER,Number,19.622,Millions,NUMBER,Number (real number),1959,Bulgaria,209,3837681,15.627,3.994999999999999
NUMBER,Number,22.271,Millions,NUMBER,Number (real number),1960,Bulgaria,210,3841600,19.622,2.649000000000001
NUMBER,Number,25.945,Millions,NUMBER,Number (real number),1961,Bulgaria,211,3845521,22.271,3.6739999999999995
NUMBER,Number,30.704,Millions,NUMBER,Number (real number),1962,Bulgaria,212,3849444,25.945,4.759
NUMBER,Number,34.374,Millions,NUMBER,Number (real number),1963,Bulgaria,213,3853369,30.704,3.6700000000000017
NUMBER,Number,42.818,Millions,NUMBER,Number (real number),1964,Bulgaria,214,3857296,34.374,8.443999999999996
NUMBER,Number,46.269,Millions,NUMBER,Number (real number),1965,Bulgaria,215,3861225,42.818,3.4510000000000005
NUMBER,Number,48.716,Millions,NUMBER,Number (real number),1966,Bulgaria,216,3865156,46.269,2.4470000000000027
NUMBER,Number,55.108,Millions,NUMBER,Number (real number),1967,Bulgaria,217,3869089,48.716,6.391999999999996
NUMBER,Number,59.464,Millions,NUMBER,Number (real number),1968,Bulgaria,218,3873024,55.108,4.356000000000002
NUMBER,Number,66.308,Millions,NUMBER,Number (real number),1969,Bulgaria,219,3876961,59.464,6.844000000000008
NUMBER,Number,61.174,Millions,NUMBER,Number (real number),1970,Bulgaria,220,3880900,66.308,-5.1340000000000074
NUMBER,Number,64.222,Millions,NUMBER,Number (real number),1971,Bulgaria,221,3884841,61.174,3.0479999999999947
NUMBER,Number,66.079,Millions,NUMBER,Number (real number),1972,Bulgaria,222,3888784,64.222,1.8569999999999993
NUMBER,Number,68.717,Millions,NUMBER,Number (real number),1973,Bulgaria,223,3892729,66.079,2.6380000000000052
NUMBER,Number,71.137,Millions,NUMBER,Number (real number),1974,Bulgaria,224,3896676,68.717,2.4200000000000017
NUMBER,Number,72.922,Millions,NUMBER,Number (real number),1975,Bulgaria,225,3900625,71.137,1.7849999999999966
NUMBER,Number,72.965,Millions,NUMBER,Number (real number),1976,Bulgaria,226,3904576,72.922,0.043000000000006366
NUMBER,Number,75.796,Millions,NUMBER,Number (real number),1977,Bulgaria,227,3908529,72.965,2.831000000000003
NUMBER,Number,81.207,Millions,NUMBER,Number (real number),1978,Bulgaria,228,3912484,75.796,5.410999999999987
NUMBER,Number,78.928,Millions,NUMBER,Number (real number),1979,Bulgaria,229,3916441,81.207,-2.2789999999999964
NUMBER,Number,77.251,Millions,NUMBER,Number (real number),1980,Bulgaria,230,3920400,78.928,-1.6769999999999925
NUMBER,Number,80.087,Millions,NUMBER,Number (real number),1981,Bulgaria,231,3924361,77.251,2.8359999999999985
NUMBER,Number,89.844,Millions,NUMBER,Number (real number),1982,Bulgaria,232,3928324,80.087,9.75699999999999
NUMBER,Number,90.061,Millions,NUMBER,Number (real number),1983,Bulgaria,233,3932289,89.844,0.21700000000001296
NUMBER,Number,87.045,Millions,NUMBER,Number (real number),1984,Bulgaria,234,3936256,90.061,-3.0160000000000053
NUMBER,Number,89.221,Millions,NUMBER,Number (real number),1985,Bulgaria,235,3940225,87.045,2.176000000000002
NUMBER,Number,91.172,Millions,NUMBER,Number (real number),1986,Bulgaria,236,3944196,89.221,1.9509999999999934
NUMBER,Number,91.273,Millions,NUMBER,Number (real number),1987,Bulgaria,237,3948169,91.172,0.10099999999999909
NUMBER,Number,89.656,Millions,NUMBER,Number (real number),1988,Bulgaria,238,3952144,91.273,-1.6169999999999902
NUMBER,Number,88.206,Millions,NUMBER,Number (real number),1989,Bulgaria,239,3956121,89.656,-1.4500000000000028
NUMBER,Number,76.741,Millions,NUMBER,Number (real number),1990,Bulgaria,240,3960100,88.206,-11.465000000000003
NUMBER,Number,61.623,Millions,NUMBER,Number (real number),1991,Bulgaria,241,3964081,76.741,-15.118000000000002
NUMBER,Number,57.456,Millions,NUMBER,Number (real number),1992,Bulgaria,242,3968064,61.623,-4.1669999999999945
NUMBER,Number,58.492,Millions,NUMBER,Number (real number),1993,Bulgaria,243,3972049,57.456,1.0359999999999943
NUMBER,Number,56.46,Millions,NUMBER,Number (real number),1994,Bulgaria,244,3976036,58.492,-2.0319999999999965
NUMBER,Number,57.998,Millions,NUMBER,Number (real number),1995,Bulgaria,245,3980025,56.46,1.5379999999999967
NUMBER,Number,58.541,Millions,NUMBER,Number (real number),1996,Bulgaria,246,3984016,57.998,0.5429999999999993
NUMBER,Number,55.891,Millions,NUMBER,Number (real number),1997,Bulgaria,247,3988009,58.541,-2.6499999999999986
NUMBER,Number,53.212,Millions,NUMBER,Number (real number),1998,Bulgaria,248,3992004,55.891,-2.678999999999995
NUMBER,Number,46.471,Millions,NUMBER,Number (real number),1999,Bulgaria,249,3996001,53.212,-6.741000000000007
NUMBER,Number,45.592,Millions,NUMBER,Number (real number),2000,Bulgaria,250,4000000,46.471,-0.8789999999999978
NUMBER,Number,49.117,Millions,NUMBER,Number (real number),2001,Bulgaria,251,4004001,45.592,3.5249999999999986
NUMBER,Number,46.235,Millions,NUMBER,Number (real number),2002,Bulgaria,252,4008004,49.117,-2.881999999999998
NUMBER,Number,50.587,Millions,NUMBER,Number (real number),2003,Bulgaria,253,4012009,46.235,4.352000000000004
NUMBER,Number,49.624,Millions,NUMBER,Number (real number),2004,Bulgaria,254,4016016,50.587,-0.963000000000001
NUMBER,Number,50.685,Millions,NUMBER,Number (real number),2005,Bulgaria,255,4020025,49.624,1.061
NUMBER,Number,51.922,Millions,NUMBER,Number (real number),2006,Bulgaria,256,4024036,50.685,1.2369999999999948
NUMBER,Number,55.751,Millions,NUMBER,Number (real number),2007,Bulgaria,257,4028049,51.922,3.8290000000000006
NUMBER,Number,54.109,Millions,NUMBER,Number (real number),2008,Bulgaria,258,4032064,55.751,-1.641999999999996
NUMBER,Number,45.837,Millions,NUMBER,Number (real number),2009,Bulgaria,259,4036081,54.109,-8.271999999999998
NUMBER,Number,47.9,Millions,NUMBER,Number (real number),2010,Bulgaria,260,4040100,45.837,2.0629999999999953
NUMBER,Number,53.205,Millions,NUMBER,Number (real number),2011,Bulgaria,261,4044121,47.9,5.305
NUMBER,Number,48.361,Millions,NUMBER,Number (real number),2012,Bulgaria,262,4048144,53.205,-4.844000000000001
NUMBER,Number,42.726,Millions,NUMBER,Number (real number),2013,Bulgaria,263,4052169,48.361,-5.634999999999998
NUMBER,Number,45.251,Millions,NUMBER,Number (real number),2014,Bulgaria,264,4056196,42.726,2.5249999999999986
NUMBER,Number,48.204,Millions,NUMBER,Number (real number),2015,Bulgaria,265,4060225,45.251,2.953000000000003
NUMBER,Number,45.419,Millions,NUMBER,Number (real number),2016,Bulgaria,266,4064256,48.204,-2.7850000000000037
NUMBER,Number,47.521,Millions,NUMBER,Number (real number),2017,Bulgaria,267,4068289,45.419,2.102000000000004
NUMBER,Number,43.577,Millions,NUMBER,Number (real number),2018,Bulgaria,268,4072324,47.521,-3.9440000000000026
NUMBER,Number,42.267,Millions,NUMBER,Number (real number),2019,Bulgaria,269,4076361,43.577,-1.3099999999999952
NUMBER,Number,36.644,Millions,NUMBER,Number (real number),2020,Bulgaria,270,4080400,42.267,-5.623000000000005
NUMBER,Number,42.425,Millions,NUMBER,Number (real number),2021,Bulgaria,271,4084441,36.644,5.780999999999999
NUMBER,Number,46.966,Millions,NUMBER,Number (real number),2022,Bulgaria,272,4088484,42.425,4.541000000000004
NUMBER,Number,36.094,Millions,NUMBER,Number (real number),2023,Bulgaria,273,4092529,46.966,-10.872
NUMBER,Number,0.003,Millions,NUMBER,Number (real number),1951,Burkina Faso,201,3806401,0.004,-0.001
NUMBER,Number,0.004,Millions,NUMBER,Number (real number),1952,Burkina Faso,202,3810304,0.003,0.001
NUMBER,Number,0.003,Millions,NUMBER,Number (real number),1953,Burkina Faso,203,3814209,0.004,-0.001
NUMBER,Number,0.004,Millions,NUMBER,Number (real number),1954,Burkina Faso,204,3818116,0.003,0.001
NUMBER,Number,0.004,Millions,NUMBER,Number (real number),1955,Burkina Faso,205,3822025,0.004,0.0
NUMBER,Number,0.004,Millions,NUMBER,Number (real number),1956,Burkina Faso,206,3825936,0.004,0.0
NUMBER,Number,0.004,Millions,NUMBER,Number (real number),1957,Burkina Faso,207,3829849,0.004,0.0
NUMBER,Number,0.004,Millions,NUMBER,Number (real number),1958,Burkina Faso,208,3833764,0.004,0.0
NUMBER,Number,0.007,Millions,NUMBER,Number (real number),1959,Burkina Faso,209,3837681,0.004,0.003
NUMBER,Number,0.044,Millions,NUMBER,Number (real number),1960,Burkina Faso,210,3841600,0.007,0.037
NUMBER,Number,0.092,Millions,NUMBER,Number (real number),1961,Burkina Faso,211,3845521,0.044,0.048
NUMBER,Number,0.084,Millions,NUMBER,Number (real number),1962,Burkina Faso,212,3849444,0.092,-0.007999999999999993
NUMBER,Number,0.088,Millions,NUMBER,Number (real number),1963,Burkina Faso,213,3853369,0.084,0.00399999999999999
NUMBER,Number,0.11,Millions,NUMBER,Number (real number),1964,Burkina Faso,214,3857296,0.088,0.022000000000000006
NUMBER,Number,0.103,Millions,NUMBER,Number (real number),1965,Burkina Faso,215,3861225,0.11,-0.007000000000000006
NUMBER,Number,0.103,Millions,NUMBER,Number (real number),1966,Burkina Faso,216,3865156,0.103,0.0
NUMBER,Number,0.103,Millions,NUMBER,Number (real number),1967,Burkina Faso,217,3869089,0.103,0.0
NUMBER,Number,0.103,Millions,NUMBER,Number (real number),1968,Burkina Faso,218,3873024,0.103,0.0
NUMBER,Number,0.121,Millions,NUMBER,Number (real number),1969,Burkina Faso,219,3876961,0.103,0.018000000000000002
NUMBER,Number,0.143,Millions,NUMBER,Number (real number),1970,Burkina Faso,220,3880900,0.121,0.021999999999999992
NUMBER,Number,0.15,Millions,NUMBER,Number (real number),1971,Burkina Faso,221,3884841,0.143,0.007000000000000006
NUMBER,Number,0.161,Millions,NUMBER,Number (real number),1972,Burkina Faso,222,3888784,0.15,0.01100000000000001
NUMBER,Number,0.169,Millions,NUMBER,Number (real number),1973,Burkina Faso,223,3892729,0.161,0.008000000000000007
NUMBER,Number,0.205,Millions,NUMBER,Number (real number),1974,Burkina Faso,224,3896676,0.169,0.035999999999999976
NUMBER,Number,0.22,Millions,NUMBER,Number (real number),1975,Burkina Faso,225,3900625,0.205,0.015000000000000013
NUMBER,Number,0.209,Millions,NUMBER,Number (real number),1976,Burkina Faso,226,3904576,0.22,-0.01100000000000001
NUMBER,Number,0.249,Millions,NUMBER,Number (real number),1977,Burkina Faso,227,3908529,0.209,0.04000000000000001
NUMBER,Number,0.348,Millions,NUMBER,Number (real number),1978,Burkina Faso,228,3912484,0.249,0.09899999999999998
NUMBER,Number,0.407,Millions,NUMBER,Number (real number),1979,Burkina Faso,229,3916441,0.348,0.059
NUMBER,Number,0.432,Millions,NUMBER,Number (real number),1980,Burkina Faso,230,3920400,0.407,0.025000000000000022
NUMBER,Number,0.557,Millions,NUMBER,Number (real number),1981,Burkina Faso,231,3924361,0.432,0.12500000000000006
NUMBER,Number,0.575,Millions,NUMBER,Number (real number),1982,Burkina Faso,232,3928324,0.557,0.017999999999999905
NUMBER,Number,0.594,Millions,NUMBER,Number (real number),1983,Burkina Faso,233,3932289,0.575,0.019000000000000017
NUMBER,Number,0.465,Millions,NUMBER,Number (real number),1984,Burkina Faso,234,3936256,0.594,-0.12899999999999995
NUMBER,Number,0.476,Millions,NUMBER,Number (real number),1985,Burkina Faso,235,3940225,0.465,0.010999999999999954
NUMBER,Number,0.48,Millions,NUMBER,Number (real number),1986,Burkina Faso,236,3944196,0.476,0.0040000000000000036
NUMBER,Number,0.517,Millions,NUMBER,Number (real number),1987,Burkina Faso,237,3948169,0.48,0.03700000000000003
NUMBER,Number,0.553,Millions,NUMBER,Number (real number),1988,Burkina Faso,238,3952144,0.517,0.03600000000000003
NUMBER,Number,0.821,Millions,NUMBER,Number (real number),1989,Burkina Faso,239,3956121,0.553,0.2679999999999999
NUMBER,Number,0.59,Millions,NUMBER,Number (real number),1990,Burkina Faso,240,3960100,0.821,-0.23099999999999998
NUMBER,Number,0.638,Millions,NUMBER,Number (real number),1991,Burkina Faso,241,3964081,0.59,0.04800000000000004
NUMBER,Number,0.63,Millions,NUMBER,Number (real number),1992,Burkina Faso,242,3968064,0.638,-0.008000000000000007
NUMBER,Number,0.634,Millions,NUMBER,Number (real number),1993,Burkina Faso,243,3972049,0.63,0.0040000000000000036
NUMBER,Number,0.66,Millions,NUMBER,Number (real number),1994,Burkina Faso,244,3976036,0.634,0.026000000000000023
NUMBER,Number,0.661,Millions,NUMBER,Number (real number),1995,Burkina Faso,245,3980025,0.66,0.0010000000000000009
NUMBER,Number,0.723,Millions,NUMBER,Number (real number),1996,Burkina Faso,246,3984016,0.661,0.061999999999999944
NUMBER,Number,0.76,Millions,NUMBER,Number (real number),1997,Burkina Faso,247,3988009,0.723,0.03700000000000003
NUMBER,Number,0.852,Millions,NUMBER,Number (real number),1998,Burkina Faso,248,3992004,0.76,0.09199999999999997
NUMBER,Number,1.044,Millions,NUMBER,Number (real number),1999,Burkina Faso,249,3996001,0.852,0.19200000000000006
NUMBER,Number,0.934,Millions,NUMBER,Number (real number),2000,Burkina Faso,250,4000000,1.044,-0.10999999999999999
NUMBER,Number,1.061,Millions,NUMBER,Number (real number),2001,Burkina Faso,251,4004001,0.934,0.1269999999999999
NUMBER,Number,1.071,Millions,NUMBER,Number (real number),2002,Burkina Faso,252,4008004,1.061,0.010000000000000009
NUMBER,Number,1.188,Millions,NUMBER,Number (real number),2003,Burkina Faso,253,4012009,1.071,0.11699999999999999
NUMBER,Number,1.104,Millions,NUMBER,Number (real number),2004,Burkina Faso,254,4016016,1.188,-0.08399999999999985
NUMBER,Number,1.111,Millions,NUMBER,Number (real number),2005,Burkina Faso,255,4020025,1.104,0.006999999999999895
NUMBER,Number,1.214,Millions,NUMBER,Number (real number),2006,Burkina Faso,256,4024036,1.111,0.10299999999999998
NUMBER,Number,1.62,Millions,NUMBER,Number (real number),2007,Burkina Faso,257,4028049,1.214,0.40600000000000014
NUMBER,Number,1.818,Millions,NUMBER,Number (real number),2008,Burkina Faso,258,4032064,1.62,0.19799999999999995
NUMBER,Number,1.836,Millions,NUMBER,Number (real number),2009,Burkina Faso,259,4036081,1.818,0.018000000000000016
NUMBER,Number,1.985,Millions,NUMBER,Number (real number),2010,Burkina Faso,260,4040100,1.836,0.14900000000000002
NUMBER,Number,2.149,Millions,NUMBER,Number (real number),2011,Burkina Faso,261,4044121,1.985,0.16399999999999992
NUMBER,Number,2.615,Millions,NUMBER,Number (real number),2012,Burkina Faso,262,4048144,2.149,0.4660000000000002
NUMBER,Number,2.809,Millions,NUMBER,Number (real number),2013,Burkina Faso,263,4052169,2.615,0.19399999999999995
NUMBER,Number,2.864,Millions,NUMBER,Number (real number),2014,Burkina Faso,264,4056196,2.809,0.054999999999999716
NUMBER,Number,3.744,Millions,NUMBER,Number (real number),2015,Burkina Faso,265,4060225,2.864,0.8800000000000003
NUMBER,Number,3.985,Millions,NUMBER,Number (real number),2016,Burkina Faso,266,4064256,3.744,0.24099999999999966
NUMBER,Number,4.622,Millions,NUMBER,Number (real number),2017,Burkina Faso,267,4068289,3.985,0.637
NUMBER,Number,5.226,Millions,NUMBER,Number (real number),2018,Burkina Faso,268,4072324,4.622,0.6040000000000001
NUMBER,Number,5.621,Millions,NUMBER,Number (real number),2019,Burkina Faso,269,4076361,5.226,0.39500000000000046
NUMBER,Number,5.377,Millions,NUMBER,Number (real number),2020,Burkina Faso,270,4080400,5.621,-0.24400000000000066
NUMBER,Number,6.289,Millions,NUMBER,Number (real number),2021,Burkina Faso,271,4084441,5.377,0.9119999999999999
NUMBER,Number,6.374,Millions,NUMBER,Number (real number),2022,Burkina Faso,272,4088484,6.289,0.08499999999999996
NUMBER,Number,6.187,Millions,NUMBER,Number (real number),2023,Burkina Faso,273,4092529,6.374,-0.1869999999999994
NUMBER,Number,0.009,Millions,NUMBER,Number (real number),1951,Burundi,201,3806401,0.009,0.0
NUMBER,Number,0.016,Millions,NUMBER,Number (real number),1952,Burundi,202,3810304,0.009,0.007000000000000001
NUMBER,Number,0.015,Millions,NUMBER,Number (real number),1953,Burundi,203,3814209,0.016,-0.0010000000000000009
NUMBER,Number,0.006,Millions,NUMBER,Number (real number),1954,Burundi,204,3818116,0.015,-0.009
NUMBER,Number,0.008,Millions,NUMBER,Number (real number),1955,Burundi,205,3822025,0.006,0.002
NUMBER,Number,0.009,Millions,NUMBER,Number (real number),1956,Burundi,206,3825936,0.008,0.0009999999999999992
NUMBER,Number,0.01,Millions,NUMBER,Number (real number),1957,Burundi,207,3829849,0.009,0.0010000000000000009
NUMBER,Number,0.01,Millions,NUMBER,Number (real number),1958,Burundi,208,3833764,0.01,0.0
NUMBER,Number,0.039,Millions,NUMBER,Number (real number),1959,Burundi,209,3837681,0.01,0.028999999999999998
NUMBER,Number,0.036,Millions,NUMBER,Number (real number),1960,Burundi,210,3841600,0.039,-0.0030000000000000027
NUMBER,Number,0.048,Millions,NUMBER,Number (real number),1961,Burundi,211,3845521,0.036,0.012000000000000004
NUMBER,Number,0.044,Millions,NUMBER,Number (real number),1962,Burundi,212,3849444,0.048,-0.0040000000000000036
NUMBER,Number,0.048,Millions,NUMBER,Number (real number),1963,Burundi,213,3853369,0.044,0.0040000000000000036
NUMBER,Number,0.048,Millions,NUMBER,Number (real number),1964,Burundi,214,3857296,0.048,0.0
NUMBER,Number,0.037,Millions,NUMBER,Number (real number),1965,Burundi,215,3861225,0.048,-0.011000000000000003
NUMBER,Number,0.048,Millions,NUMBER,Number (real number),1966,Burundi,216,3865156,0.037,0.011000000000000003
NUMBER,Number,0.048,Millions,NUMBER,Number (real number),1967,Burundi,217,3869089,0.048,0.0
NUMBER,Number,0.055,Millions,NUMBER,Number (real number),1968,Burundi,218,3873024,0.048,0.006999999999999999
NUMBER,Number,0.073,Millions,NUMBER,Number (real number),1969,Burundi,219,3876961,0.055,0.017999999999999995
NUMBER,Number,0.062,Millions,NUMBER,Number (real number),1970,Burundi,220,3880900,0.073,-0.010999999999999996
NUMBER,Number,0.073,Millions,NUMBER,Number (real number),1971,Burundi,221,3884841,0.062,0.010999999999999996
NUMBER,Number,0.073,Millions,NUMBER,Number (real number),1972,Burundi,222,3888784,0.073,0.0
NUMBER,Number,0.073,Millions,NUMBER,Number (real number),1973,Burundi,223,3892729,0.073,0.0
NUMBER,Number,0.092,Millions,NUMBER,Number (real number),1974,Burundi,224,3896676,0.073,0.019000000000000003
NUMBER,Number,0.077,Millions,NUMBER,Number (real number),1975,Burundi,225,3900625,0.092,-0.015
NUMBER,Number,0.088,Millions,NUMBER,Number (real number),1976,Burundi,226,3904576,0.077,0.010999999999999996
NUMBER,Number,0.099,Millions,NUMBER,Number (real number),1977,Burundi,227,3908529,0.088,0.01100000000000001
NUMBER,Number,0.103,Millions,NUMBER,Number (real number),1978,Burundi,228,3912484,0.099,0.00399999999999999
NUMBER,Number,0.11,Millions,NUMBER,Number (real number),1979,Burundi,229,3916441,0.103,0.007000000000000006
NUMBER,Number,0.147,Millions,NUMBER,Number (real number),1980,Burundi,230,3920400,0.11,0.03699999999999999
NUMBER,Number,0.158,Millions,NUMBER,Number (real number),1981,Burundi,231,3924361,0.147,0.01100000000000001
NUMBER,Number,0.158,Millions,NUMBER,Number (real number),1982,Burundi,232,3928324,0.158,0.0
NUMBER,Number,0.205,Millions,NUMBER,Number (real number),1983,Burundi,233,3932289,0.158,0.046999999999999986
NUMBER,Number,0.22,Millions,NUMBER,Number (real number),1984,Burundi,234,3936256,0.205,0.015000000000000013
NUMBER,Number,0.231,Millions,NUMBER,Number (real number),1985,Burundi,235,3940225,0.22,0.01100000000000001
NUMBER,Number,0.234,Millions,NUMBER,Number (real number),1986,Burundi,236,3944196,0.231,0.0030000000000000027
NUMBER,Number,0.249,Millions,NUMBER,Number (real number),1987,Burundi,237,3948169,0.234,0.014999999999999986
NUMBER,Number,0.227,Millions,NUMBER,Number (real number),1988,Burundi,238,3952144,0.249,-0.021999999999999992
NUMBER,Number,0.267,Millions,NUMBER,Number (real number),1989,Burundi,239,3956121,0.227,0.04000000000000001
NUMBER,Number,0.209,Millions,NUMBER,Number (real number),1990,Burundi,240,3960100,0.267,-0.058000000000000024
NUMBER,Number,0.238,Millions,NUMBER,Number (real number),1991,Burundi,241,3964081,0.209,0.028999999999999998
NUMBER,Number,0.216,Millions,NUMBER,Number (real number),1992,Burundi,242,3968064,0.238,-0.021999999999999992
NUMBER,Number,0.227,Millions,NUMBER,Number (real number),1993,Burundi,243,3972049,0.216,0.01100000000000001
NUMBER,Number,0.234,Millions,NUMBER,Number (real number),1994,Burundi,244,3976036,0.227,0.007000000000000006
NUMBER,Number,0.238,Millions,NUMBER,Number (real number),1995,Burundi,245,3980025,0.234,0.003999999999999976
NUMBER,Number,0.242,Millions,NUMBER,Number (real number),1996,Burundi,246,3984016,0.238,0.0040000000000000036
NUMBER,Number,0.249,Millions,NUMBER,Number (real number),1997,Burundi,247,3988009,0.242,0.007000000000000006
NUMBER,Number,0.249,Millions,NUMBER,Number (real number),1998,Burundi,248,3992004,0.249,0.0
NUMBER,Number,0.253,Millions,NUMBER,Number (real number),1999,Burundi,249,3996001,0.249,0.0040000000000000036
NUMBER,Number,0.271,Millions,NUMBER,Number (real number),2000,Burundi,250,4000000,0.253,0.018000000000000016
NUMBER,Number,0.205,Millions,NUMBER,Number (real number),2001,Burundi,251,4004001,0.271,-0.06600000000000003
NUMBER,Number,0.213,Millions,NUMBER,Number (real number),2002,Burundi,252,4008004,0.205,0.008000000000000007
NUMBER,Number,0.172,Millions,NUMBER,Number (real number),2003,Burundi,253,4012009,0.213,-0.04100000000000001
NUMBER,Number,0.202,Millions,NUMBER,Number (real number),2004,Burundi,254,4016016,0.172,0.030000000000000027
NUMBER,Number,0.165,Millions,NUMBER,Number (real number),2005,Burundi,255,4020025,0.202,-0.037000000000000005
NUMBER,Number,0.187,Millions,NUMBER,Number (real number),2006,Burundi,256,4024036,0.165,0.021999999999999992
NUMBER,Number,0.187,Millions,NUMBER,Number (real number),2007,Burundi,257,4028049,0.187,0.0
NUMBER,Number,0.198,Millions,NUMBER,Number (real number),2008,Burundi,258,4032064,0.187,0.01100000000000001
NUMBER,Number,0.213,Millions,NUMBER,Number (real number),2009,Burundi,259,4036081,0.198,0.014999999999999986
NUMBER,Number,0.33,Millions,NUMBER,Number (real number),2010,Burundi,260,4040100,0.213,0.11700000000000002
NUMBER,Number,0.414,Millions,NUMBER,Number (real number),2011,Burundi,261,4044121,0.33,0.08399999999999996
NUMBER,Number,0.392,Millions,NUMBER,Number (real number),2012,Burundi,262,4048144,0.414,-0.021999999999999964
NUMBER,Number,0.44,Millions,NUMBER,Number (real number),2013,Burundi,263,4052169,0.392,0.04799999999999999
NUMBER,Number,0.348,Millions,NUMBER,Number (real number),2014,Burundi,264,4056196,0.44,-0.09200000000000003
NUMBER,Number,0.355,Millions,NUMBER,Number (real number),2015,Burundi,265,4060225,0.348,0.007000000000000006
NUMBER,Number,0.429,Millions,NUMBER,Number (real number),2016,Burundi,266,4064256,0.355,0.07400000000000001
NUMBER,Number,0.513,Millions,NUMBER,Number (real number),2017,Burundi,267,4068289,0.429,0.08400000000000002
NUMBER,Number,0.645,Millions,NUMBER,Number (real number),2018,Burundi,268,4072324,0.513,0.132
NUMBER,Number,0.689,Millions,NUMBER,Number (real number),2019,Burundi,269,4076361,0.645,0.04399999999999993
NUMBER,Number,0.739,Millions,NUMBER,Number (real number),2020,Burundi,270,4080400,0.689,0.050000000000000044
NUMBER,Number,0.775,Millions,NUMBER,Number (real number),2021,Burundi,271,4084441,0.739,0.03600000000000003
NUMBER,Number,0.707,Millions,NUMBER,Number (real number),2022,Burundi,272,4088484,0.775,-0.06800000000000006
NUMBER,Number,0.71,Millions,NUMBER,Number (real number),2023,Burundi,273,4092529,0.707,0.0030000000000000027
NUMBER,Number,0.077,Millions,NUMBER,Number (real number),1951,Cabo Verde,201,3806401,0.103,-0.025999999999999995
NUMBER,Number,0.037,Millions,NUMBER,Number (real number),1952,Cabo Verde,202,3810304,0.077,-0.04
NUMBER,Number,0.018,Millions,NUMBER,Number (real number),1953,Cabo Verde,203,3814209,0.037,-0.019
NUMBER,Number,0.022,Millions,NUMBER,Number (real number),1954,Cabo Verde,204,3818116,0.018,0.004
NUMBER,Number,0.022,Millions,NUMBER,Number (real number),1955,Cabo Verde,205,3822025,0.022,0.0
NUMBER,Number,0.029,Millions,NUMBER,Number (real number),1956,Cabo Verde,206,3825936,0.022,0.007000000000000003
NUMBER,Number,0.018,Millions,NUMBER,Number (real number),1957,Cabo Verde,207,3829849,0.029,-0.011000000000000003
NUMBER,Number,0.015,Millions,NUMBER,Number (real number),1958,Cabo Verde,208,3833764,0.018,-0.002999999999999999
NUMBER,Number,0.018,Millions,NUMBER,Number (real number),1959,Cabo Verde,209,3837681,0.015,0.002999999999999999
NUMBER,Number,0.022,Millions,NUMBER,Number (real number),1960,Cabo Verde,210,3841600,0.018,0.004
NUMBER,Number,0.022,Millions,NUMBER,Number (real number),1961,Cabo Verde,211,3845521,0.022,0.0
NUMBER,Number,0.018,Millions,NUMBER,Number (real number),1962,Cabo Verde,212,3849444,0.022,-0.004
NUMBER,Number,0.015,Millions,NUMBER,Number (real number),1963,Cabo Verde,213,3853369,0.018,-0.002999999999999999
NUMBER,Number,0.029,Millions,NUMBER,Number (real number),1964,Cabo Verde,214,3857296,0.015,0.014000000000000002
NUMBER,Number,0.026,Millions,NUMBER,Number (real number),1965,Cabo Verde,215,3861225,0.029,-0.0030000000000000027
NUMBER,Number,0.022,Millions,NUMBER,Number (real number),1966,Cabo Verde,216,3865156,0.026,-0.004
NUMBER,Number,0.018,Millions,NUMBER,Number (real number),1967,Cabo Verde,217,3869089,0.022,-0.004
NUMBER,Number,0.029,Millions,NUMBER,Number (real number),1968,Cabo Verde,218,3873024,0.018,0.011000000000000003
NUMBER,Number,0.037,Millions,NUMBER,Number (real number),1969,Cabo Verde,219,3876961,0.029,0.007999999999999997
NUMBER,Number,0.037,Millions,NUMBER,Number (real number),1970,Cabo Verde,220,3880900,0.037,0.0
NUMBER,Number,0.037,Millions,NUMBER,Number (real number),1971,Cabo Verde,221,3884841,0.037,0.0
NUMBER,Number,0.051,Millions,NUMBER,Number (real number),1972,Cabo Verde,222,3888784,0.037,0.013999999999999999
NUMBER,Number,0.062,Millions,NUMBER,Number (real number),1973,Cabo Verde,223,3892729,0.051,0.011000000000000003
NUMBER,Number,0.066,Millions,NUMBER,Number (real number),1974,Cabo Verde,224,3896676,0.062,0.0040000000000000036
NUMBER,Number,0.077,Millions,NUMBER,Number (real number),1975,Cabo Verde,225,3900625,0.066,0.010999999999999996
NUMBER,Number,0.073,Millions,NUMBER,Number (real number),1976,Cabo Verde,226,3904576,0.077,-0.0040000000000000036
NUMBER,Number,0.081,Millions,NUMBER,Number (real number),1977,Cabo Verde,227,3908529,0.073,0.008000000000000007
NUMBER,Number,0.209,Millions,NUMBER,Number (real number),1978,Cabo Verde,228,3912484,0.081,0.128
NUMBER,Number,0.249,Millions,NUMBER,Number (real number),1979,Cabo Verde,229,3916441,0.209,0.04000000000000001
NUMBER,Number,0.121,Millions,NUMBER,Number (real number),1980,Cabo Verde,230,3920400,0.249,-0.128
NUMBER,Number,0.033,Millions,NUMBER,Number (real number),1981,Cabo Verde,231,3924361,0.121,-0.088
NUMBER,Number,0.037,Millions,NUMBER,Number (real number),1982,Cabo Verde,232,3928324,0.033,0.003999999999999997
NUMBER,Number,0.037,Millions,NUMBER,Number (real number),1983,Cabo Verde,233,3932289,0.037,0.0
NUMBER,Number,0.084,Millions,NUMBER,Number (real number),1984,Cabo Verde,234,3936256,0.037,0.04700000000000001
NUMBER,Number,0.084,Millions,NUMBER,Number (real number),1985,Cabo Verde,235,3940225,0.084,0.0
NUMBER,Number,0.059,Millions,NUMBER,Number (real number),1986,Cabo Verde,236,3944196,0.084,-0.02500000000000001
NUMBER,Number,0.081,Millions,NUMBER,Number (real number),1987,Cabo Verde,237,3948169,0.059,0.022000000000000006
NUMBER,Number,0.073,Millions,NUMBER,Number (real number),1988,Cabo Verde,238,3952144,0.081,-0.008000000000000007
NUMBER,Number,0.081,Millions,NUMBER,Number (real number),1989,Cabo Verde,239,3956121,0.073,0.008000000000000007
NUMBER,Number,0.18,Millions,NUMBER,Number (real number),1990,Cabo Verde,240,3960100,0.081,0.09899999999999999
NUMBER,Number,0.165,Millions,NUMBER,Number (real number),1991,Cabo Verde,241,3964081,0.18,-0.014999999999999986
NUMBER,Number,0.18,Millions,NUMBER,Number (real number),1992,Cabo Verde,242,3968064,0.165,0.014999999999999986
NUMBER,Number,0.172,Millions,NUMBER,Number (real number),1993,Cabo Verde,243,3972049,0.18,-0.008000000000000007
NUMBER,Number,0.176,Millions,NUMBER,Number (real number),1994,Cabo Verde,244,3976036,0.172,0.0040000000000000036
NUMBER,Number,0.198,Millions,NUMBER,Number (real number),1995,Cabo Verde,245,3980025,0.176,0.02200000000000002
NUMBER,Number,0.216,Millions,NUMBER,Number (real number),1996,Cabo Verde,246,3984016,0.198,0.017999999999999988
NUMBER,Number,0.227,Millions,NUMBER,Number (real number),1997,Cabo Verde,247,3988009,0.216,0.01100000000000001
NUMBER,Number,0.242,Millions,NUMBER,Number (real number),1998,Cabo Verde,248,3992004,0.227,0.014999999999999986
NUMBER,Number,0.289,Millions,NUMBER,Number (real number),1999,Cabo Verde,249,3996001,0.242,0.046999999999999986
NUMBER,Number,0.297,Millions,NUMBER,Number (real number),2000,Cabo Verde,250,4000000,0.289,0.008000000000000007
NUMBER,Number,0.348,Millions,NUMBER,Number (real number),2001,Cabo Verde,251,4004001,0.297,0.05099999999999999
NUMBER,Number,0.381,Millions,NUMBER,Number (real number),2002,Cabo Verde,252,4008004,0.348,0.03300000000000003
NUMBER,Number,0.414,Millions,NUMBER,Number (real number),2003,Cabo Verde,253,4012009,0.381,0.032999999999999974
NUMBER,Number,0.425,Millions,NUMBER,Number (real number),2004,Cabo Verde,254,4016016,0.414,0.01100000000000001
NUMBER,Number,0.447,Millions,NUMBER,Number (real number),2005,Cabo Verde,255,4020025,0.425,0.02200000000000002
NUMBER,Number,0.495,Millions,NUMBER,Number (real number),2006,Cabo Verde,256,4024036,0.447,0.04799999999999999
NUMBER,Number,0.506,Millions,NUMBER,Number (real number),2007,Cabo Verde,257,4028049,0.495,0.01100000000000001
NUMBER,Number,0.469,Millions,NUMBER,Number (real number),2008,Cabo Verde,258,4032064,0.506,-0.03700000000000003
NUMBER,Number,0.52,Millions,NUMBER,Number (real number),2009,Cabo Verde,259,4036081,0.469,0.051000000000000045
NUMBER,Number,0.557,Millions,NUMBER,Number (real number),2010,Cabo Verde,260,4040100,0.52,0.03700000000000003
NUMBER,Number,0.616,Millions,NUMBER,Number (real number),2011,Cabo Verde,261,4044121,0.557,0.05899999999999994
NUMBER,Number,0.502,Millions,NUMBER,Number (real number),2012,Cabo Verde,262,4048144,0.616,-0.11399999999999999
NUMBER,Number,0.495,Millions,NUMBER,Number (real number),2013,Cabo Verde,263,4052169,0.502,-0.007000000000000006
NUMBER,Number,0.487,Millions,NUMBER,Number (real number),2014,Cabo Verde,264,4056196,0.495,-0.008000000000000007
NUMBER,Number,0.491,Millions,NUMBER,Number (real number),2015,Cabo Verde,265,4060225,0.487,0.0040000000000000036
NUMBER,Number,0.535,Millions,NUMBER,Number (real number),2016,Cabo Verde,266,4064256,0.491,0.04400000000000004
NUMBER,Number,0.575,Millions,NUMBER,Number (real number),2017,Cabo Verde,267,4068289,0.535,0.039999999999999925
NUMBER,Number,0.572,Millions,NUMBER,Number (real number),2018,Cabo Verde,268,4072324,0.575,-0.0030000000000000027
NUMBER,Number,0.63,Millions,NUMBER,Number (real number),2019,Cabo Verde,269,4076361,0.572,0.05800000000000005
NUMBER,Number,0.517,Millions,NUMBER,Number (real number),2020,Cabo Verde,270,4080400,0.63,-0.11299999999999999
NUMBER,Number,0.546,Millions,NUMBER,Number (real number),2021,Cabo Verde,271,4084441,0.517,0.029000000000000026
NUMBER,Number,0.555,Millions,NUMBER,Number (real number),2022,Cabo Verde,272,4088484,0.546,0.009000000000000008
NUMBER,Number,0.535,Millions,NUMBER,Number (real number),2023,Cabo Verde,273,4092529,0.555,-0.020000000000000018
NUMBER,Number,0.132,Millions,NUMBER,Number (real number),1956,Cambodia,206,3825936,0.103,0.029000000000000012
NUMBER,Number,0.161,Millions,NUMBER,Number (real number),1957,Cambodia,207,3829849,0.132,0.028999999999999998
NUMBER,Number,0.198,Millions,NUMBER,Number (real number),1958,Cambodia,208,3833764,0.161,0.037000000000000005
NUMBER,Number,0.213,Millions,NUMBER,Number (real number),1959,Cambodia,209,3837681,0.198,0.014999999999999986
NUMBER,Number,0.234,Millions,NUMBER,Number (real number),1960,Cambodia,210,3841600,0.213,0.02100000000000002
NUMBER,Number,0.286,Millions,NUMBER,Number (real number),1961,Cambodia,211,3845521,0.234,0.05199999999999996
NUMBER,Number,0.308,Millions,NUMBER,Number (real number),1962,Cambodia,212,3849444,0.286,0.02200000000000002
NUMBER,Number,0.388,Millions,NUMBER,Number (real number),1963,Cambodia,213,3853369,0.308,0.08000000000000002
NUMBER,Number,0.337,Millions,NUMBER,Number (real number),1964,Cambodia,214,3857296,0.388,-0.05099999999999999
NUMBER,Number,0.377,Millions,NUMBER,Number (real number),1965,Cambodia,215,3861225,0.337,0.03999999999999998
NUMBER,Number,0.44,Millions,NUMBER,Number (real number),1966,Cambodia,216,3865156,0.377,0.063
NUMBER,Number,0.388,Millions,NUMBER,Number (real number),1967,Cambodia,217,3869089,0.44,-0.05199999999999999
NUMBER,Number,0.462,Millions,NUMBER,Number (real number),1968,Cambodia,218,3873024,0.388,0.07400000000000001
NUMBER,Number,1.315,Millions,NUMBER,Number (real number),1969,Cambodia,219,3876961,0.462,0.853
NUMBER,Number,1.154,Millions,NUMBER,Number (real number),1970,Cambodia,220,3880900,1.315,-0.16100000000000003
NUMBER,Number,0.22,Millions,NUMBER,Number (real number),1971,Cambodia,221,3884841,1.154,-0.9339999999999999
NUMBER,Number,0.092,Millions,NUMBER,Number (real number),1972,Cambodia,222,3888784,0.22,-0.128
NUMBER,Number,0.088,Millions,NUMBER,Number (real number),1973,Cambodia,223,3892729,0.092,-0.0040000000000000036
NUMBER,Number,0.048,Millions,NUMBER,Number (real number),1974,Cambodia,224,3896676,0.088,-0.039999999999999994
NUMBER,Number,0.048,Millions,NUMBER,Number (real number),1975,Cambodia,225,3900625,0.048,0.0
NUMBER,Number,0.048,Millions,NUMBER,Number (real number),1976,Cambodia,226,3904576,0.048,0.0
NUMBER,Number,0.048,Millions,NUMBER,Number (real number),1977,Cambodia,227,3908529,0.048,0.0
NUMBER,Number,0.048,Millions,NUMBER,Number (real number),1978,Cambodia,228,3912484,0.048,0.0
NUMBER,Number,0.029,Millions,NUMBER,Number (real number),1979,Cambodia,229,3916441,0.048,-0.019
NUMBER,Number,0.286,Millions,NUMBER,Number (real number),1980,Cambodia,230,3920400,0.029,0.25699999999999995
NUMBER,Number,0.3,Millions,NUMBER,Number (real number),1981,Cambodia,231,3924361,0.286,0.014000000000000012
NUMBER,Number,0.337,Millions,NUMBER,Number (real number),1982,Cambodia,232,3928324,0.3,0.03700000000000003
NUMBER,Number,0.366,Millions,NUMBER,Number (real number),1983,Cambodia,233,3932289,0.337,0.02899999999999997
NUMBER,Number,0.41,Millions,NUMBER,Number (real number),1984,Cambodia,234,3936256,0.366,0.043999999999999984
NUMBER,Number,0.418,Millions,NUMBER,Number (real number),1985,Cambodia,235,3940225,0.41,0.008000000000000007
NUMBER,Number,0.432,Millions,NUMBER,Number (real number),1986,Cambodia,236,3944196,0.418,0.014000000000000012
NUMBER,Number,0.436,Millions,NUMBER,Number (real number),1987,Cambodia,237,3948169,0.432,0.0040000000000000036
NUMBER,Number,0.451,Millions,NUMBER,Number (real number),1988,Cambodia,238,3952144,0.436,0.015000000000000013
NUMBER,Number,0.451,Millions,NUMBER,Number (real number),1989,Cambodia,239,3956121,0.451,0.0
NUMBER,Number,1.26,Millions,NUMBER,Number (real number),1990,Cambodia,240,3960100,0.451,0.8089999999999999
NUMBER,Number,1.304,Millions,NUMBER,Number (real number),1991,Cambodia,241,3964081,1.26,0.04400000000000004
NUMBER,Number,1.348,Millions,NUMBER,Number (real number),1992,Cambodia,242,3968064,1.304,0.04400000000000004
NUMBER,Number,1.385,Millions,NUMBER,Number (real number),1993,Cambodia,243,3972049,1.348,0.03699999999999992
NUMBER,Number,1.425,Millions,NUMBER,Number (real number),1994,Cambodia,244,3976036,1.385,0.040000000000000036
NUMBER,Number,1.499,Millions,NUMBER,Number (real number),1995,Cambodia,245,3980025,1.425,0.07400000000000007
NUMBER,Number,1.517,Millions,NUMBER,Number (real number),1996,Cambodia,246,3984016,1.499,0.017999999999999794
NUMBER,Number,1.466,Millions,NUMBER,Number (real number),1997,Cambodia,247,3988009,1.517,-0.050999999999999934
NUMBER,Number,1.876,Millions,NUMBER,Number (real number),1998,Cambodia,248,3992004,1.466,0.4099999999999999
NUMBER,Number,1.894,Millions,NUMBER,Number (real number),1999,Cambodia,249,3996001,1.876,0.018000000000000016
NUMBER,Number,2.001,Millions,NUMBER,Number (real number),2000,Cambodia,250,4000000,1.894,0.10699999999999998
NUMBER,Number,2.235,Millions,NUMBER,Number (real number),2001,Cambodia,251,4004001,2.001,0.23399999999999999
NUMBER,Number,2.151,Millions,NUMBER,Number (real number),2002,Cambodia,252,4008004,2.235,-0.08400000000000007
NUMBER,Number,2.253,Millions,NUMBER,Number (real number),2003,Cambodia,253,4012009,2.151,0.10200000000000031
NUMBER,Number,2.242,Millions,NUMBER,Number (real number),2004,Cambodia,254,4016016,2.253,-0.01100000000000012
NUMBER,Number,2.209,Millions,NUMBER,Number (real number),2005,Cambodia,255,4020025,2.242,-0.03299999999999992
NUMBER,Number,2.847,Millions,NUMBER,Number (real number),2006,Cambodia,256,4024036,2.209,0.6379999999999999
NUMBER,Number,3.489,Millions,NUMBER,Number (real number),2007,Cambodia,257,4028049,2.847,0.6419999999999999
NUMBER,Number,3.936,Millions,NUMBER,Number (real number),2008,Cambodia,258,4032064,3.489,0.44700000000000006
NUMBER,Number,4.579,Millions,NUMBER,Number (real number),2009,Cambodia,259,4036081,3.936,0.6429999999999998
NUMBER,Number,5.064,Millions,NUMBER,Number (real number),2010,Cambodia,260,4040100,4.579,0.4850000000000003
NUMBER,Number,5.275,Millions,NUMBER,Number (real number),2011,Cambodia,261,4044121,5.064,0.2110000000000003
NUMBER,Number,5.576,Millions,NUMBER,Number (real number),2012,Cambodia,262,4048144,5.275,0.30099999999999927
NUMBER,Number,5.626,Millions,NUMBER,Number (real number),2013,Cambodia,263,4052169,5.576,0.05000000000000071
NUMBER,Number,6.699,Millions,NUMBER,Number (real number),2014,Cambodia,264,4056196,5.626,1.0729999999999995
NUMBER,Number,8.189,Millions,NUMBER,Number (real number),2015,Cambodia,265,4060225,6.699,1.4900000000000002
NUMBER,Number,10.647,Millions,NUMBER,Number (real number),2016,Cambodia,266,4064256,8.189,2.458
NUMBER,Number,12.088,Millions,NUMBER,Number (real number),2017,Cambodia,267,4068289,10.647,1.440999999999999
NUMBER,Number,13.934,Millions,NUMBER,Number (real number),2018,Cambodia,268,4072324,12.088,1.846
NUMBER,Number,18.629,Millions,NUMBER,Number (real number),2019,Cambodia,269,4076361,13.934,4.695000000000002
NUMBER,Number,19.034,Millions,NUMBER,Number (real number),2020,Cambodia,270,4080400,18.629,0.4049999999999976
NUMBER,Number,19.248,Millions,NUMBER,Number (real number),2021,Cambodia,271,4084441,19.034,0.2140000000000022
NUMBER,Number,19.609,Millions,NUMBER,Number (real number),2022,Cambodia,272,4088484,19.248,0.36100000000000065
NUMBER,Number,20.178,Millions,NUMBER,Number (real number),2023,Cambodia,273,4092529,19.609,0.5689999999999991
NUMBER,Number,0.183,Millions,NUMBER,Number (real number),1951,Cameroon,201,3806401,0.139,0.043999999999999984
NUMBER,Number,0.282,Millions,NUMBER,Number (real number),1952,Cameroon,202,3810304,0.183,0.09899999999999998
NUMBER,Number,0.202,Millions,NUMBER,Number (real number),1953,Cameroon,203,3814209,0.282,-0.07999999999999996
NUMBER,Number,0.231,Millions,NUMBER,Number (real number),1954,Cameroon,204,3818116,0.202,0.028999999999999998
NUMBER,Number,0.234,Millions,NUMBER,Number (real number),1955,Cameroon,205,3822025,0.231,0.0030000000000000027
NUMBER,Number,0.238,Millions,NUMBER,Number (real number),1956,Cameroon,206,3825936,0.234,0.003999999999999976
NUMBER,Number,0.256,Millions,NUMBER,Number (real number),1957,Cameroon,207,3829849,0.238,0.018000000000000016
NUMBER,Number,0.278,Millions,NUMBER,Number (real number),1958,Cameroon,208,3833764,0.256,0.02200000000000002
NUMBER,Number,0.278,Millions,NUMBER,Number (real number),1959,Cameroon,209,3837681,0.278,0.0
NUMBER,Number,0.271,Millions,NUMBER,Number (real number),1960,Cameroon,210,3841600,0.278,-0.007000000000000006
NUMBER,Number,0.282,Millions,NUMBER,Number (real number),1961,Cameroon,211,3845521,0.271,0.010999999999999954
NUMBER,Number,0.289,Millions,NUMBER,Number (real number),1962,Cameroon,212,3849444,0.282,0.007000000000000006
NUMBER,Number,0.3,Millions,NUMBER,Number (real number),1963,Cameroon,213,3853369,0.289,0.01100000000000001
NUMBER,Number,0.337,Millions,NUMBER,Number (real number),1964,Cameroon,214,3857296,0.3,0.03700000000000003
NUMBER,Number,0.311,Millions,NUMBER,Number (real number),1965,Cameroon,215,3861225,0.337,-0.026000000000000023
NUMBER,Number,0.344,Millions,NUMBER,Number (real number),1966,Cameroon,216,3865156,0.311,0.032999999999999974
NUMBER,Number,0.458,Millions,NUMBER,Number (real number),1967,Cameroon,217,3869089,0.344,0.11400000000000005
NUMBER,Number,0.506,Millions,NUMBER,Number (real number),1968,Cameroon,218,3873024,0.458,0.04799999999999999
NUMBER,Number,0.572,Millions,NUMBER,Number (real number),1969,Cameroon,219,3876961,0.506,0.06599999999999995
NUMBER,Number,0.637,Millions,NUMBER,Number (real number),1970,Cameroon,220,3880900,0.572,0.06500000000000006
NUMBER,Number,0.809,Millions,NUMBER,Number (real number),1971,Cameroon,221,3884841,0.637,0.17200000000000004
NUMBER,Number,0.86,Millions,NUMBER,Number (real number),1972,Cameroon,222,3888784,0.809,0.050999999999999934
NUMBER,Number,0.897,Millions,NUMBER,Number (real number),1973,Cameroon,223,3892729,0.86,0.03700000000000003
NUMBER,Number,0.974,Millions,NUMBER,Number (real number),1974,Cameroon,224,3896676,0.897,0.07699999999999996
NUMBER,Number,1.161,Millions,NUMBER,Number (real number),1975,Cameroon,225,3900625,0.974,0.18700000000000006
NUMBER,Number,1.089,Millions,NUMBER,Number (real number),1976,Cameroon,226,3904576,1.161,-0.07200000000000006
NUMBER,Number,1.559,Millions,NUMBER,Number (real number),1977,Cameroon,227,3908529,1.089,0.47
NUMBER,Number,1.993,Millions,NUMBER,Number (real number),1978,Cameroon,228,3912484,1.559,0.43400000000000016
NUMBER,Number,1.815,Millions,NUMBER,Number (real number),1979,Cameroon,229,3916441,1.993,-0.17800000000000016
NUMBER,Number,3.886,Millions,NUMBER,Number (real number),1980,Cameroon,230,3920400,1.815,2.071
NUMBER,Number,5.319,Millions,NUMBER,Number (real number),1981,Cameroon,231,3924361,3.886,1.4329999999999998
NUMBER,Number,6.316,Millions,NUMBER,Number (real number),1982,Cameroon,232,3928324,5.319,0.9969999999999999
NUMBER,Number,6.554,Millions,NUMBER,Number (real number),1983,Cameroon,233,3932289,6.316,0.23800000000000043
NUMBER,Number,6.053,Millions,NUMBER,Number (real number),1984,Cameroon,234,3936256,6.554,-0.5010000000000003
NUMBER,Number,6.471,Millions,NUMBER,Number (real number),1985,Cameroon,235,3940225,6.053,0.41800000000000015
NUMBER,Number,1.993,Millions,NUMBER,Number (real number),1986,Cameroon,236,3944196,6.471,-4.478
NUMBER,Number,1.843,Millions,NUMBER,Number (real number),1987,Cameroon,237,3948169,1.993,-0.15000000000000013
NUMBER,Number,2.154,Millions,NUMBER,Number (real number),1988,Cameroon,238,3952144,1.843,0.31099999999999994
NUMBER,Number,7.578,Millions,NUMBER,Number (real number),1989,Cameroon,239,3956121,2.154,5.424
NUMBER,Number,2.605,Millions,NUMBER,Number (real number),1990,Cameroon,240,3960100,7.578,-4.973000000000001
NUMBER,Number,2.668,Millions,NUMBER,Number (real number),1991,Cameroon,241,3964081,2.605,0.06300000000000017
NUMBER,Number,2.712,Millions,NUMBER,Number (real number),1992,Cameroon,242,3968064,2.668,0.04400000000000004
NUMBER,Number,2.866,Millions,NUMBER,Number (real number),1993,Cameroon,243,3972049,2.712,0.15399999999999991
NUMBER,Number,4.88,Millions,NUMBER,Number (real number),1994,Cameroon,244,3976036,2.866,2.014
NUMBER,Number,5.375,Millions,NUMBER,Number (real number),1995,Cameroon,245,3980025,4.88,0.4950000000000001
NUMBER,Number,5.975,Millions,NUMBER,Number (real number),1996,Cameroon,246,3984016,5.375,0.5999999999999996
NUMBER,Number,5.379,Millions,NUMBER,Number (real number),1997,Cameroon,247,3988009,5.975,-0.5960000000000001
NUMBER,Number,5.373,Millions,NUMBER,Number (real number),1998,Cameroon,248,3992004,5.379,-0.005999999999999339
NUMBER,Number,5.219,Millions,NUMBER,Number (real number),1999,Cameroon,249,3996001,5.373,-0.15399999999999991
NUMBER,Number,5.589,Millions,NUMBER,Number (real number),2000,Cameroon,250,4000000,5.219,0.3700000000000001
NUMBER,Number,5.562,Millions,NUMBER,Number (real number),2001,Cameroon,251,4004001,5.589,-0.027000000000000135
NUMBER,Number,5.351,Millions,NUMBER,Number (real number),2002,Cameroon,252,4008004,5.562,-0.2110000000000003
NUMBER,Number,5.705,Millions,NUMBER,Number (real number),2003,Cameroon,253,4012009,5.351,0.3540000000000001
NUMBER,Number,5.698,Millions,NUMBER,Number (real number),2004,Cameroon,254,4016016,5.705,-0.006999999999999673
NUMBER,Number,5.424,Millions,NUMBER,Number (real number),2005,Cameroon,255,4020025,5.698,-0.274
NUMBER,Number,5.486,Millions,NUMBER,Number (real number),2006,Cameroon,256,4024036,5.424,0.06199999999999939
NUMBER,Number,7.409,Millions,NUMBER,Number (real number),2007,Cameroon,257,4028049,5.486,1.923
NUMBER,Number,7.321,Millions,NUMBER,Number (real number),2008,Cameroon,258,4032064,7.409,-0.08800000000000008
NUMBER,Number,8.555,Millions,NUMBER,Number (real number),2009,Cameroon,259,4036081,7.321,1.234
NUMBER,Number,8.383,Millions,NUMBER,Number (real number),2010,Cameroon,260,4040100,8.555,-0.1720000000000006
NUMBER,Number,8.105,Millions,NUMBER,Number (real number),2011,Cameroon,261,4044121,8.383,-0.2779999999999987
NUMBER,Number,7.603,Millions,NUMBER,Number (real number),2012,Cameroon,262,4048144,8.105,-0.5020000000000007
NUMBER,Number,7.85,Millions,NUMBER,Number (real number),2013,Cameroon,263,4052169,7.603,0.2469999999999999
NUMBER,Number,8.772,Millions,NUMBER,Number (real number),2014,Cameroon,264,4056196,7.85,0.9220000000000006
NUMBER,Number,9.851,Millions,NUMBER,Number (real number),2015,Cameroon,265,4060225,8.772,1.0790000000000006
NUMBER,Number,9.965,Millions,NUMBER,Number (real number),2016,Cameroon,266,4064256,9.851,0.11399999999999899
NUMBER,Number,9.586,Millions,NUMBER,Number (real number),2017,Cameroon,267,4068289,9.965,-0.37899999999999956
NUMBER,Number,9.848,Millions,NUMBER,Number (real number),2018,Cameroon,268,4072324,9.586,0.26200000000000045
NUMBER,Number,9.606,Millions,NUMBER,Number (real number),2019,Cameroon,269,4076361,9.848,-0.24200000000000088
NUMBER,Number,9.716,Millions,NUMBER,Number (real number),2020,Cameroon,270,4080400,9.606,0.10999999999999943
NUMBER,Number,9.605,Millions,NUMBER,Number (real number),2021,Cameroon,271,4084441,9.716,-0.11099999999999888
NUMBER,Number,10.046,Millions,NUMBER,Number (real number),2022,Cameroon,272,4088484,9.605,0.44099999999999895
NUMBER,Number,9.941,Millions,NUMBER,Number (real number),2023,Cameroon,273,4092529,10.046,-0.10499999999999865
NUMBER,Number,0.004,Millions,NUMBER,Number (real number),1786,Canada,36,3189796,0.004,0.0
NUMBER,Number,0.004,Millions,NUMBER,Number (real number),1787,Canada,37,3193369,0.004,0.0
NUMBER,Number,0.004,Millions,NUMBER,Number (real number),1788,Canada,38,3196944,0.004,0.0
NUMBER,Number,0.004,Millions,NUMBER,Number (real number),1789,Canada,39,3200521,0.004,0.0
NUMBER,Number,0.004,Millions,NUMBER,Number (real number),1790,Canada,40,3204100,0.004,0.0
NUMBER,Number,0.004,Millions,NUMBER,Number (real number),1791,Canada,41,3207681,0.004,0.0
NUMBER,Number,0.004,Millions,NUMBER,Number (real number),1792,Canada,42,3211264,0.004,0.0
NUMBER,Number,0.004,Millions,NUMBER,Number (real number),1793,Canada,43,3214849,0.004,0.0
NUMBER,Number,0.004,Millions,NUMBER,Number (real number),1794,Canada,44,3218436,0.004,0.0
NUMBER,Number,0.004,Millions,NUMBER,Number (real number),1795,Canada,45,3222025,0.004,0.0
NUMBER,Number,0.004,Millions,NUMBER,Number (real number),1796,Canada,46,3225616,0.004,0.0
NUMBER,Number,0.004,Millions,NUMBER,Number (real number),1797,Canada,47,3229209,0.004,0.0
NUMBER,Number,0.004,Millions,NUMBER,Number (real number),1798,Canada,48,3232804,0.004,0.0
NUMBER,Number,0.004,Millions,NUMBER,Number (real number),1799,Canada,49,3236401,0.004,0.0
NUMBER,Number,0.004,Millions,NUMBER,Number (real number),1800,Canada,50,3240000,0.004,0.0
NUMBER,Number,0.004,Millions,NUMBER,Number (real number),1801,Canada,51,3243601,0.004,0.0
NUMBER,Number,0.004,Millions,NUMBER,Number (real number),1802,Canada,52,3247204,0.004,0.0
NUMBER,Number,0.004,Millions,NUMBER,Number (real number),1803,Canada,53,3250809,0.004,0.0
NUMBER,Number,0.004,Millions,NUMBER,Number (real number),1804,Canada,54,3254416,0.004,0.0
NUMBER,Number,0.004,Millions,NUMBER,Number (real number),1805,Canada,55,3258025,0.004,0.0
NUMBER,Number,0.004,Millions,NUMBER,Number (real number),1806,Canada,56,3261636,0.004,0.0
NUMBER,Number,0.004,Millions,NUMBER,Number (real number),1807,Canada,57,3265249,0.004,0.0
NUMBER,Number,0.004,Millions,NUMBER,Number (real number),1808,Canada,58,3268864,0.004,0.0
NUMBER,Number,0.004,Millions,NUMBER,Number (real number),1809,Canada,59,3272481,0.004,0.0
NUMBER,Number,0.004,Millions,NUMBER,Number (real number),1810,Canada,60,3276100,0.004,0.0
NUMBER,Number,0.004,Millions,NUMBER,Number (real number),1811,Canada,61,3279721,0.004,0.0
NUMBER,Number,0.004,Millions,NUMBER,Number (real number),1812,Canada,62,3283344,0.004,0.0
NUMBER,Number,0.004,Millions,NUMBER,Number (real number),1813,Canada,63,3286969,0.004,0.0
NUMBER,Number,0.004,Millions,NUMBER,Number (real number),1814,Canada,64,3290596,0.004,0.0
NUMBER,Number,0.004,Millions,NUMBER,Number (real number),1815,Canada,65,3294225,0.004,0.0
NUMBER,Number,0.004,Millions,NUMBER,Number (real number),1816,Canada,66,3297856,0.004,0.0
NUMBER,Number,0.004,Millions,NUMBER,Number (real number),1817,Canada,67,3301489,0.004,0.0
NUMBER,Number,0.004,Millions,NUMBER,Number (real number),1818,Canada,68,3305124,0.004,0.0
NUMBER,Number,0.004,Millions,NUMBER,Number (real number),1819,Canada,69,3308761,0.004,0.0
NUMBER,Number,0.004,Millions,NUMBER,Number (real number),1820,Canada,70,3312400,0.004,0.0
NUMBER,Number,0.004,Millions,NUMBER,Number (real number),1821,Canada,71,3316041,0.004,0.0
NUMBER,Number,0.004,Millions,NUMBER,Number (real number),1822,Canada,72,3319684,0.004,0.0
NUMBER,Number,0.004,Millions,NUMBER,Number (real number),1823,Canada,73,3323329,0.004,0.0
NUMBER,Number,0.004,Millions,NUMBER,Number (real number),1824,Canada,74,3326976,0.004,0.0
NUMBER,Number,0.004,Millions,NUMBER,Number (real number),1825,Canada,75,3330625,0.004,0.0
NUMBER,Number,0.004,Millions,NUMBER,Number (real number),1826,Canada,76,3334276,0.004,0.0
NUMBER,Number,0.004,Millions,NUMBER,Number (real number),1827,Canada,77,3337929,0.004,0.0
NUMBER,Number,0.004,Millions,NUMBER,Number (real number),1828,Canada,78,3341584,0.004,0.0
NUMBER,Number,0.004,Millions,NUMBER,Number (real number),1829,Canada,79,3345241,0.004,0.0
NUMBER,Number,0.004,Millions,NUMBER,Number (real number),1830,Canada,80,3348900,0.004,0.0
NUMBER,Number,0.004,Millions,NUMBER,Number (real number),1831,Canada,81,3352561,0.004,0.0
NUMBER,Number,0.004,Millions,NUMBER,Number (real number),1832,Canada,82,3356224,0.004,0.0
NUMBER,Number,0.004,Millions,NUMBER,Number (real number),1833,Canada,83,3359889,0.004,0.0
NUMBER,Number,0.004,Millions,NUMBER,Number (real number),1834,Canada,84,3363556,0.004,0.0
NUMBER,Number,0.004,Millions,NUMBER,Number (real number),1835,Canada,85,3367225,0.004,0.0
NUMBER,Number,0.004,Millions,NUMBER,Number (real number),1836,Canada,86,3370896,0.004,0.0
NUMBER,Number,0.004,Millions,NUMBER,Number (real number),1837,Canada,87,3374569,0.004,0.0
NUMBER,Number,0.004,Millions,NUMBER,Number (real number),1838,Canada,88,3378244,0.004,0.0
NUMBER,Number,0.004,Millions,NUMBER,Number (real number),1839,Canada,89,3381921,0.004,0.0
NUMBER,Number,0.004,Millions,NUMBER,Number (real number),1840,Canada,90,3385600,0.004,0.0
NUMBER,Number,0.004,Millions,NUMBER,Number (real number),1841,Canada,91,3389281,0.004,0.0
NUMBER,Number,0.004,Millions,NUMBER,Number (real number),1842,Canada,92,3392964,0.004,0.0
NUMBER,Number,0.004,Millions,NUMBER,Number (real number),1843,Canada,93,3396649,0.004,0.0
NUMBER,Number,0.004,Millions,NUMBER,Number (real number),1844,Canada,94,3400336,0.004,0.0
NUMBER,Number,0.004,Millions,NUMBER,Number (real number),1845,Canada,95,3404025,0.004,0.0
NUMBER,Number,0.026,Millions,NUMBER,Number (real number),1846,Canada,96,3407716,0.004,0.022
NUMBER,Number,0.033,Millions,NUMBER,Number (real number),1847,Canada,97,3411409,0.026,0.007000000000000003
NUMBER,Number,0.04,Millions,NUMBER,Number (real number),1848,Canada,98,3415104,0.033,0.006999999999999999
NUMBER,Number,0.048,Millions,NUMBER,Number (real number),1849,Canada,99,3418801,0.04,0.008
NUMBER,Number,0.059,Millions,NUMBER,Number (real number),1850,Canada,100,3422500,0.048,0.010999999999999996
NUMBER,Number,0.07,Millions,NUMBER,Number (real number),1851,Canada,101,3426201,0.059,0.01100000000000001
NUMBER,Number,0.084,Millions,NUMBER,Number (real number),1852,Canada,102,3429904,0.07,0.013999999999999999
NUMBER,Number,0.103,Millions,NUMBER,Number (real number),1853,Canada,103,3433609,0.084,0.01899999999999999
NUMBER,Number,0.125,Millions,NUMBER,Number (real number),1854,Canada,104,3437316,0.103,0.022000000000000006
NUMBER,Number,0.15,Millions,NUMBER,Number (real number),1855,Canada,105,3441025,0.125,0.024999999999999994
NUMBER,Number,0.18,Millions,NUMBER,Number (real number),1856,Canada,106,3444736,0.15,0.03
NUMBER,Number,0.216,Millions,NUMBER,Number (real number),1857,Canada,107,3448449,0.18,0.036000000000000004
NUMBER,Number,0.264,Millions,NUMBER,Number (real number),1858,Canada,108,3452164,0.216,0.048000000000000015
NUMBER,Number,0.315,Millions,NUMBER,Number (real number),1859,Canada,109,3455881,0.264,0.05099999999999999
NUMBER,Number,0.381,Millions,NUMBER,Number (real number),1860,Canada,110,3459600,0.315,0.066
NUMBER,Number,0.458,Millions,NUMBER,Number (real number),1861,Canada,111,3463321,0.381,0.07700000000000001
NUMBER,Number,0.561,Millions,NUMBER,Number (real number),1862,Canada,112,3467044,0.458,0.10300000000000004
NUMBER,Number,0.703,Millions,NUMBER,Number (real number),1863,Canada,113,3470769,0.561,0.1419999999999999
NUMBER,Number,0.843,Millions,NUMBER,Number (real number),1864,Canada,114,3474496,0.703,0.14
NUMBER,Number,1.019,Millions,NUMBER,Number (real number),1865,Canada,115,3478225,0.843,0.17599999999999993
NUMBER,Number,1.242,Millions,NUMBER,Number (real number),1866,Canada,116,3481956,1.019,0.2230000000000001
NUMBER,Number,1.594,Millions,NUMBER,Number (real number),1867,Canada,117,3485689,1.242,0.3520000000000001
NUMBER,Number,0.945,Millions,NUMBER,Number (real number),1868,Canada,118,3489424,1.594,-0.6490000000000001
NUMBER,Number,0.685,Millions,NUMBER,Number (real number),1869,Canada,119,3493161,0.945,-0.2599999999999999
NUMBER,Number,1.224,Millions,NUMBER,Number (real number),1870,Canada,120,3496900,0.685,0.5389999999999999
NUMBER,Number,1.781,Millions,NUMBER,Number (real number),1871,Canada,121,3500641,1.224,0.5569999999999999
NUMBER,Number,1.847,Millions,NUMBER,Number (real number),1872,Canada,122,3504384,1.781,0.06600000000000006
NUMBER,Number,1.608,Millions,NUMBER,Number (real number),1873,Canada,123,3508129,1.847,-0.23899999999999988
NUMBER,Number,1.623,Millions,NUMBER,Number (real number),1874,Canada,124,3511876,1.608,0.014999999999999902
NUMBER,Number,1.876,Millions,NUMBER,Number (real number),1875,Canada,125,3515625,1.623,0.2529999999999999
NUMBER,Number,1.858,Millions,NUMBER,Number (real number),1876,Canada,126,3519376,1.876,-0.017999999999999794
NUMBER,Number,2.023,Millions,NUMBER,Number (real number),1877,Canada,127,3523129,1.858,0.16500000000000004
NUMBER,Number,1.935,Millions,NUMBER,Number (real number),1878,Canada,128,3526884,2.023,-0.08800000000000008
NUMBER,Number,2.184,Millions,NUMBER,Number (real number),1879,Canada,129,3530641,1.935,0.2490000000000001
NUMBER,Number,5.232,Millions,NUMBER,Number (real number),1880,Canada,130,3534400,2.184,3.048
NUMBER,Number,5.591,Millions,NUMBER,Number (real number),1881,Canada,131,3538161,5.232,0.359
NUMBER,Number,6.617,Millions,NUMBER,Number (real number),1882,Canada,132,3541924,5.591,1.0259999999999998
NUMBER,Number,7.431,Millions,NUMBER,Number (real number),1883,Canada,133,3545689,6.617,0.8140000000000001
NUMBER,Number,8.599,Millions,NUMBER,Number (real number),1884,Canada,134,3549456,7.431,1.1680000000000001
NUMBER,Number,8.244,Millions,NUMBER,Number (real number),1885,Canada,135,3553225,8.599,-0.3550000000000004
NUMBER,Number,8.797,Millions,NUMBER,Number (real number),1886,Canada,136,3556996,8.244,0.5530000000000008
NUMBER,Number,10.149,Millions,NUMBER,Number (real number),1887,Canada,137,3560769,8.797,1.3519999999999985
NUMBER,Number,13.311,Millions,NUMBER,Number (real number),1888,Canada,138,3564544,10.149,3.162000000000001
NUMBER,Number,11.292,Millions,NUMBER,Number (real number),1889,Canada,139,3568321,13.311,-2.019
NUMBER,Number,12.414,Millions,NUMBER,Number (real number),1890,Canada,140,3572100,11.292,1.1219999999999999
NUMBER,Number,13.942,Millions,NUMBER,Number (real number),1891,Canada,141,3575881,12.414,1.5280000000000005
NUMBER,Number,13.89,Millions,NUMBER,Number (real number),1892,Canada,142,3579664,13.942,-0.0519999999999996
NUMBER,Number,14.854,Millions,NUMBER,Number (real number),1893,Canada,143,3583449,13.89,0.9639999999999986
NUMBER,Number,14.18,Millions,NUMBER,Number (real number),1894,Canada,144,3587236,14.854,-0.6739999999999995
NUMBER,Number,13.531,Millions,NUMBER,Number (real number),1895,Canada,145,3591025,14.18,-0.6489999999999991
NUMBER,Number,14.649,Millions,NUMBER,Number (real number),1896,Canada,146,3594816,13.531,1.1179999999999986
NUMBER,Number,14.799,Millions,NUMBER,Number (real number),1897,Canada,147,3598609,14.649,0.15000000000000036
NUMBER,Number,15.708,Millions,NUMBER,Number (real number),1898,Canada,148,3602404,14.799,0.9090000000000007
NUMBER,Number,19.17,Millions,NUMBER,Number (real number),1899,Canada,149,3606201,15.708,3.4620000000000015
NUMBER,Number,20.628,Millions,NUMBER,Number (real number),1900,Canada,150,3610000,19.17,1.4579999999999984
NUMBER,Number,23.845,Millions,NUMBER,Number (real number),1901,Canada,151,3613801,20.628,3.2169999999999987
NUMBER,Number,25.648,Millions,NUMBER,Number (real number),1902,Canada,152,3617604,23.845,1.8030000000000008
NUMBER,Number,27.96,Millions,NUMBER,Number (real number),1903,Canada,153,3621409,25.648,2.312000000000001
NUMBER,Number,33.097,Millions,NUMBER,Number (real number),1904,Canada,154,3625216,27.96,5.1370000000000005
NUMBER,Number,35.387,Millions,NUMBER,Number (real number),1905,Canada,155,3629025,33.097,2.289999999999999
NUMBER,Number,37.387,Millions,NUMBER,Number (real number),1906,Canada,156,3632836,35.387,2.0
NUMBER,Number,46.991,Millions,NUMBER,Number (real number),1907,Canada,157,3636649,37.387,9.604
NUMBER,Number,47.408,Millions,NUMBER,Number (real number),1908,Canada,158,3640464,46.991,0.4170000000000016
NUMBER,Number,45.386,Millions,NUMBER,Number (real number),1909,Canada,159,3644281,47.408,-2.0219999999999985
NUMBER,Number,51.622,Millions,NUMBER,Number (real number),1910,Canada,160,3648100,45.386,6.235999999999997
NUMBER,Number,60.269,Millions,NUMBER,Number (real number),1911,Canada,161,3651921,51.622,8.646999999999998
NUMBER,Number,67.271,Millions,NUMBER,Number (real number),1912,Canada,162,3655744,60.269,7.0020000000000024
NUMBER,Number,79.282,Millions,NUMBER,Number (real number),1913,Canada,163,3659569,67.271,12.010999999999996
NUMBER,Number,68.381,Millions,NUMBER,Number (real number),1914,Canada,164,3663396,79.282,-10.900999999999996
NUMBER,Number,61.116,Millions,NUMBER,Number (real number),1915,Canada,165,3667225,68.381,-7.265000000000001
NUMBER,Number,76.457,Millions,NUMBER,Number (real number),1916,Canada,166,3671056,61.116,15.340999999999994
NUMBER,Number,85.243,Millions,NUMBER,Number (real number),1917,Canada,167,3674889,76.457,8.786000000000001
NUMBER,Number,89.519,Millions,NUMBER,Number (real number),1918,Canada,168,3678724,85.243,4.2760000000000105
NUMBER,Number,76.09,Millions,NUMBER,Number (real number),1919,Canada,169,3682561,89.519,-13.429000000000002
NUMBER,Number,84.378,Millions,NUMBER,Number (real number),1920,Canada,170,3686400,76.09,8.287999999999997
NUMBER,Number,80.483,Millions,NUMBER,Number (real number),1921,Canada,171,3690241,84.378,-3.894999999999996
NUMBER,Number,69.209,Millions,NUMBER,Number (real number),1922,Canada,172,3694084,80.483,-11.274000000000001
NUMBER,Number,92.981,Millions,NUMBER,Number (real number),1923,Canada,173,3697929,69.209,23.77199999999999
NUMBER,Number,77.384,Millions,NUMBER,Number (real number),1924,Canada,174,3701776,92.981,-15.596999999999994
NUMBER,Number,75.248,Millions,NUMBER,Number (real number),1925,Canada,175,3705625,77.384,-2.1359999999999957
NUMBER,Number,84.756,Millions,NUMBER,Number (real number),1926,Canada,176,3709476,75.248,9.507999999999996
NUMBER,Number,91.999,Millions,NUMBER,Number (real number),1927,Canada,177,3713329,84.756,7.242999999999995
NUMBER,Number,93.777,Millions,NUMBER,Number (real number),1928,Canada,178,3717184,91.999,1.7780000000000058
NUMBER,Number,99.03,Millions,NUMBER,Number (real number),1929,Canada,179,3721041,93.777,5.253
NUMBER,Number,94.348,Millions,NUMBER,Number (real number),1930,Canada,180,3724900,99.03,-4.682000000000002
NUMBER,Number,75.849,Millions,NUMBER,Number (real number),1931,Canada,181,3728761,94.348,-18.498999999999995
NUMBER,Number,70.207,Millions,NUMBER,Number (real number),1932,Canada,182,3732624,75.849,-5.64200000000001
NUMBER,Number,69.483,Millions,NUMBER,Number (real number),1933,Canada,183,3736489,70.207,-0.7239999999999895
NUMBER,Number,79.913,Millions,NUMBER,Number (real number),1934,Canada,184,3740356,69.483,10.429999999999993
NUMBER,Number,78.796,Millions,NUMBER,Number (real number),1935,Canada,185,3744225,79.913,-1.1169999999999902
NUMBER,Number,86.163,Millions,NUMBER,Number (real number),1936,Canada,186,3748096,78.796,7.36699999999999
NUMBER,Number,93.483,Millions,NUMBER,Number (real number),1937,Canada,187,3751969,86.163,7.320000000000007
NUMBER,Number,85.544,Millions,NUMBER,Number (real number),1938,Canada,188,3755844,93.483,-7.939000000000007
NUMBER,Number,95.004,Millions,NUMBER,Number (real number),1939,Canada,189,3759721,85.544,9.460000000000008
NUMBER,Number,108.622,Millions,NUMBER,Number (real number),1940,Canada,190,3763600,95.004,13.617999999999995
NUMBER,Number,120.152,Millions,NUMBER,Number (real number),1941,Canada,191,3767481,108.622,11.530000000000001
NUMBER,Number,131.077,Millions,NUMBER,Number (real number),1942,Canada,192,3771364,120.152,10.924999999999997
NUMBER,Number,138.062,Millions,NUMBER,Number (real number),1943,Canada,193,3775249,131.077,6.985000000000014
NUMBER,Number,140.407,Millions,NUMBER,Number (real number),1944,Canada,194,3779136,138.062,2.344999999999999
NUMBER,Number,130.521,Millions,NUMBER,Number (real number),1945,Canada,195,3783025,140.407,-9.886000000000024
NUMBER,Number,138.422,Millions,NUMBER,Number (real number),1946,Canada,196,3786916,130.521,7.9010000000000105
NUMBER,Number,143.548,Millions,NUMBER,Number (real number),1947,Canada,197,3790809,138.422,5.126000000000005
NUMBER,Number,158.507,Millions,NUMBER,Number (real number),1948,Canada,198,3794704,143.548,14.959000000000003
NUMBER,Number,145.022,Millions,NUMBER,Number (real number),1949,Canada,199,3798601,158.507,-13.485000000000014
NUMBER,Number,154.134,Millions,NUMBER,Number (real number),1950,Canada,200,3802500,145.022,9.111999999999995
NUMBER,Number,162.678,Millions,NUMBER,Number (real number),1951,Canada,201,3806401,154.134,8.544000000000011
NUMBER,Number,159.409,Millions,NUMBER,Number (real number),1952,Canada,202,3810304,162.678,-3.2690000000000055
NUMBER,Number,160.608,Millions,NUMBER,Number (real number),1953,Canada,203,3814209,159.409,1.1990000000000123
NUMBER,Number,162.968,Millions,NUMBER,Number (real number),1954,Canada,204,3818116,160.608,2.359999999999985
NUMBER,Number,169.473,Millions,NUMBER,Number (real number),1955,Canada,205,3822025,162.968,6.505000000000024
NUMBER,Number,189.802,Millions,NUMBER,Number (real number),1956,Canada,206,3825936,169.473,20.32899999999998
NUMBER,Number,182.811,Millions,NUMBER,Number (real number),1957,Canada,207,3829849,189.802,-6.9909999999999854
NUMBER,Number,182.155,Millions,NUMBER,Number (real number),1958,Canada,208,3833764,182.811,-0.6560000000000059
NUMBER,Number,184.481,Millions,NUMBER,Number (real number),1959,Canada,209,3837681,182.155,2.3259999999999934
NUMBER,Number,192.716,Millions,NUMBER,Number (real number),1960,Canada,210,3841600,184.481,8.235000000000014
NUMBER,Number,194.001,Millions,NUMBER,Number (real number),1961,Canada,211,3845521,192.716,1.2849999999999966
NUMBER,Number,206.991,Millions,NUMBER,Number (real number),1962,Canada,212,3849444,194.001,12.990000000000009
NUMBER,Number,210.911,Millions,NUMBER,Number (real number),1963,Canada,213,3853369,206.991,3.9199999999999875
NUMBER,Number,237.578,Millions,NUMBER,Number (real number),1964,Canada,214,3857296,210.911,26.667
NUMBER,Number,251.917,Millions,NUMBER,Number (real number),1965,Canada,215,3861225,237.578,14.338999999999999
NUMBER,Number,259.074,Millions,NUMBER,Number (real number),1966,Canada,216,3865156,251.917,7.157000000000011
NUMBER,Number,281.637,Millions,NUMBER,Number (real number),1967,Canada,217,3869089,259.074,22.562999999999988
NUMBER,Number,303.261,Millions,NUMBER,Number (real number),1968,Canada,218,3873024,281.637,21.624000000000024
NUMBER,Number,307.119,Millions,NUMBER,Number (real number),1969,Canada,219,3876961,303.261,3.858000000000004
NUMBER,Number,341.177,Millions,NUMBER,Number (real number),1970,Canada,220,3880900,307.119,34.05799999999999
NUMBER,Number,352.287,Millions,NUMBER,Number (real number),1971,Canada,221,3884841,341.177,11.109999999999957
NUMBER,Number,380.792,Millions,NUMBER,Number (real number),1972,Canada,222,3888784,352.287,28.504999999999995
NUMBER,Number,381.273,Millions,NUMBER,Number (real number),1973,Canada,223,3892729,380.792,0.4810000000000514
NUMBER,Number,389.617,Millions,NUMBER,Number (real number),1974,Canada,224,3896676,381.273,8.343999999999994
NUMBER,Number,396.787,Millions,NUMBER,Number (real number),1975,Canada,225,3900625,389.617,7.169999999999959
NUMBER,Number,398.962,Millions,NUMBER,Number (real number),1976,Canada,226,3904576,396.787,2.1750000000000114
NUMBER,Number,407.79,Millions,NUMBER,Number (real number),1977,Canada,227,3908529,398.962,8.828000000000031
NUMBER,Number,415.529,Millions,NUMBER,Number (real number),1978,Canada,228,3912484,407.79,7.738999999999976
NUMBER,Number,441.677,Millions,NUMBER,Number (real number),1979,Canada,229,3916441,415.529,26.148000000000025
NUMBER,Number,442.847,Millions,NUMBER,Number (real number),1980,Canada,230,3920400,441.677,1.169999999999959
NUMBER,Number,429.63,Millions,NUMBER,Number (real number),1981,Canada,231,3924361,442.847,-13.216999999999985
NUMBER,Number,414.455,Millions,NUMBER,Number (real number),1982,Canada,232,3928324,429.63,-15.175000000000011
NUMBER,Number,408.339,Millions,NUMBER,Number (real number),1983,Canada,233,3932289,414.455,-6.1159999999999854
NUMBER,Number,425.233,Millions,NUMBER,Number (real number),1984,Canada,234,3936256,408.339,16.894000000000005
NUMBER,Number,421.719,Millions,NUMBER,Number (real number),1985,Canada,235,3940225,425.233,-3.51400000000001
NUMBER,Number,404.708,Millions,NUMBER,Number (real number),1986,Canada,236,3944196,421.719,-17.010999999999967
NUMBER,Number,430.982,Millions,NUMBER,Number (real number),1987,Canada,237,3948169,404.708,26.274
NUMBER,Number,455.669,Millions,NUMBER,Number (real number),1988,Canada,238,3952144,430.982,24.686999999999955
NUMBER,Number,462.885,Millions,NUMBER,Number (real number),1989,Canada,239,3956121,455.669,7.216000000000008
NUMBER,Number,458.015,Millions,NUMBER,Number (real number),1990,Canada,240,3960100,462.885,-4.8700000000000045
NUMBER,Number,449.756,Millions,NUMBER,Number (real number),1991,Canada,241,3964081,458.015,-8.259000000000015
NUMBER,Number,463.497,Millions,NUMBER,Number (real number),1992,Canada,242,3968064,449.756,13.741000000000042
NUMBER,Number,464.16,Millions,NUMBER,Number (real number),1993,Canada,243,3972049,463.497,0.6630000000000109
NUMBER,Number,478.631,Millions,NUMBER,Number (real number),1994,Canada,244,3976036,464.16,14.470999999999947
NUMBER,Number,491.414,Millions,NUMBER,Number (real number),1995,Canada,245,3980025,478.631,12.783000000000015
NUMBER,Number,507.729,Millions,NUMBER,Number (real number),1996,Canada,246,3984016,491.414,16.314999999999998
NUMBER,Number,522.022,Millions,NUMBER,Number (real number),1997,Canada,247,3988009,507.729,14.293000000000063
NUMBER,Number,529.636,Millions,NUMBER,Number (real number),1998,Canada,248,3992004,522.022,7.613999999999919
NUMBER,Number,543.866,Millions,NUMBER,Number (real number),1999,Canada,249,3996001,529.636,14.230000000000018
NUMBER,Number,566.261,Millions,NUMBER,Number (real number),2000,Canada,250,4000000,543.866,22.394999999999982
NUMBER,Number,558.36,Millions,NUMBER,Number (real number),2001,Canada,251,4004001,566.261,-7.900999999999954
NUMBER,Number,563.729,Millions,NUMBER,Number (real number),2002,Canada,252,4008004,558.36,5.369000000000028
NUMBER,Number,580.792,Millions,NUMBER,Number (real number),2003,Canada,253,4012009,563.729,17.062999999999988
NUMBER,Number,579.163,Millions,NUMBER,Number (real number),2004,Canada,254,4016016,580.792,-1.629000000000019
NUMBER,Number,572.855,Millions,NUMBER,Number (real number),2005,Canada,255,4020025,579.163,-6.307999999999993
NUMBER,Number,568.173,Millions,NUMBER,Number (real number),2006,Canada,256,4024036,572.855,-4.682000000000016
NUMBER,Number,591.889,Millions,NUMBER,Number (real number),2007,Canada,257,4028049,568.173,23.716000000000008
NUMBER,Number,575.77,Millions,NUMBER,Number (real number),2008,Canada,258,4032064,591.889,-16.119000000000028
NUMBER,Number,542.811,Millions,NUMBER,Number (real number),2009,Canada,259,4036081,575.77,-32.958999999999946
NUMBER,Number,554.734,Millions,NUMBER,Number (real number),2010,Canada,260,4040100,542.811,11.923000000000002
NUMBER,Number,563.32,Millions,NUMBER,Number (real number),2011,Canada,261,4044121,554.734,8.586000000000013
NUMBER,Number,564.221,Millions,NUMBER,Number (real number),2012,Canada,262,4048144,563.32,0.9009999999999536
NUMBER,Number,568.854,Millions,NUMBER,Number (real number),2013,Canada,263,4052169,564.221,4.633000000000038
NUMBER,Number,566.469,Millions,NUMBER,Number (real number),2014,Canada,264,4056196,568.854,-2.384999999999991
NUMBER,Number,565.644,Millions,NUMBER,Number (real number),2015,Canada,265,4060225,566.469,-0.8250000000000455
NUMBER,Number,558.872,Millions,NUMBER,Number (real number),2016,Canada,266,4064256,565.644,-6.772000000000048
NUMBER,Number,569.603,Millions,NUMBER,Number (real number),2017,Canada,267,4068289,558.872,10.730999999999995
NUMBER,Number,579.079,Millions,NUMBER,Number (real number),2018,Canada,268,4072324,569.603,9.475999999999999
NUMBER,Number,582.025,Millions,NUMBER,Number (real number),2019,Canada,269,4076361,579.079,2.9460000000000264
NUMBER,Number,526.582,Millions,NUMBER,Number (real number),2020,Canada,270,4080400,582.025,-55.442999999999984
NUMBER,Number,540.312,Millions,NUMBER,Number (real number),2021,Canada,271,4084441,526.582,13.730000000000018
NUMBER,Number,550.612,Millions,NUMBER,Number (real number),2022,Canada,272,4088484,540.312,10.299999999999955
NUMBER,Number,549.299,Millions,NUMBER,Number (real number),2023,Canada,273,4092529,550.612,-1.3129999999999882
NUMBER,Number,0.063,Millions,NUMBER,Number (real number),1951,Central African Republic,201,3806401,0.047,0.016
NUMBER,Number,0.081,Millions,NUMBER,Number (real number),1952,Central African Republic,202,3810304,0.063,0.018000000000000002
NUMBER,Number,0.069,Millions,NUMBER,Number (real number),1953,Central African Republic,203,3814209,0.081,-0.011999999999999997
NUMBER,Number,0.072,Millions,NUMBER,Number (real number),1954,Central African Republic,204,3818116,0.069,0.002999999999999989
NUMBER,Number,0.072,Millions,NUMBER,Number (real number),1955,Central African Republic,205,3822025,0.072,0.0
NUMBER,Number,0.093,Millions,NUMBER,Number (real number),1956,Central African Republic,206,3825936,0.072,0.021000000000000005
NUMBER,Number,0.1,Millions,NUMBER,Number (real number),1957,Central African Republic,207,3829849,0.093,0.007000000000000006
NUMBER,Number,0.115,Millions,NUMBER,Number (real number),1958,Central African Republic,208,3833764,0.1,0.015
NUMBER,Number,0.099,Millions,NUMBER,Number (real number),1959,Central African Republic,209,3837681,0.115,-0.016
NUMBER,Number,0.088,Millions,NUMBER,Number (real number),1960,Central African Republic,210,3841600,0.099,-0.01100000000000001
NUMBER,Number,0.088,Millions,NUMBER,Number (real number),1961,Central African Republic,211,3845521,0.088,0.0
NUMBER,Number,0.073,Millions,NUMBER,Number (real number),1962,Central African Republic,212,3849444,0.088,-0.015
NUMBER,Number,0.073,Millions,NUMBER,Number (real number),1963,Central African Republic,213,3853369,0.073,0.0
NUMBER,Number,0.073,Millions,NUMBER,Number (real number),1964,Central African Republic,214,3857296,0.073,0.0
NUMBER,Number,0.088,Millions,NUMBER,Number (real number),1965,Central African Republic,215,3861225,0.073,0.015
NUMBER,Number,0.084,Millions,NUMBER,Number (real number),1966,Central African Republic,216,3865156,0.088,-0.00399999999999999
NUMBER,Number,0.092,Millions,NUMBER,Number (real number),1967,Central African Republic,217,3869089,0.084,0.007999999999999993
NUMBER,Number,0.183,Millions,NUMBER,Number (real number),1968,Central African Republic,218,3873024,0.092,0.091
NUMBER,Number,0.187,Millions,NUMBER,Number (real number),1969,Central African Republic,219,3876961,0.183,0.0040000000000000036
NUMBER,Number,0.209,Millions,NUMBER,Number (real number),1970,Central African Republic,220,3880900,0.187,0.021999999999999992
NUMBER,Number,0.183,Millions,NUMBER,Number (real number),1971,Central African Republic,221,3884841,0.209,-0.025999999999999995
NUMBER,Number,0.169,Millions,NUMBER,Number (real number),1972,Central African Republic,222,3888784,0.183,-0.013999999999999985
NUMBER,Number,0.161,Millions,NUMBER,Number (real number),1973,Central African Republic,223,3892729,0.169,-0.008000000000000007
NUMBER,Number,0.114,Millions,NUMBER,Number (real number),1974,Central African Republic,224,3896676,0.161,-0.047
NUMBER,Number,0.103,Millions,NUMBER,Number (real number),1975,Central African Republic,225,3900625,0.114,-0.01100000000000001
NUMBER,Number,0.128,Millions,NUMBER,Number (real number),1976,Central African Republic,226,3904576,0.103,0.02500000000000001
NUMBER,Number,0.128,Millions,NUMBER,Number (real number),1977,Central African Republic,227,3908529,0.128,0.0
NUMBER,Number,0.147,Millions,NUMBER,Number (real number),1978,Central African Republic,228,3912484,0.128,0.01899999999999999
NUMBER,Number,0.103,Millions,NUMBER,Number (real number),1979,Central African Republic,229,3916441,0.147,-0.044
NUMBER,Number,0.106,Millions,NUMBER,Number (real number),1980,Central African Republic,230,3920400,0.103,0.0030000000000000027
NUMBER,Number,0.136,Millions,NUMBER,Number (real number),1981,Central African Republic,231,3924361,0.106,0.030000000000000013
NUMBER,Number,0.143,Millions,NUMBER,Number (real number),1982,Central African Republic,232,3928324,0.136,0.0069999999999999785
NUMBER,Number,0.147,Millions,NUMBER,Number (real number),1983,Central African Republic,233,3932289,0.143,0.0040000000000000036
NUMBER,Number,0.15,Millions,NUMBER,Number (real number),1984,Central African Republic,234,3936256,0.147,0.0030000000000000027
NUMBER,Number,0.161,Millions,NUMBER,Number (real number),1985,Central African Republic,235,3940225,0.15,0.01100000000000001
NUMBER,Number,0.161,Millions,NUMBER,Number (real number),1986,Central African Republic,236,3944196,0.161,0.0
NUMBER,Number,0.26,Millions,NUMBER,Number (real number),1987,Central African Republic,237,3948169,0.161,0.099
NUMBER,Number,0.231,Millions,NUMBER,Number (real number),1988,Central African Republic,238,3952144,0.26,-0.028999999999999998
NUMBER,Number,0.249,Millions,NUMBER,Number (real number),1989,Central African Republic,239,3956121,0.231,0.017999999999999988
NUMBER,Number,0.183,Millions,NUMBER,Number (real number),1990,Central African Republic,240,3960100,0.249,-0.066
NUMBER,Number,0.191,Millions,NUMBER,Number (real number),1991,Central African Republic,241,3964081,0.183,0.008000000000000007
NUMBER,Number,0.194,Millions,NUMBER,Number (real number),1992,Central African Republic,242,3968064,0.191,0.0030000000000000027
NUMBER,Number,0.198,Millions,NUMBER,Number (real number),1993,Central African Republic,243,3972049,0.194,0.0040000000000000036
NUMBER,Number,0.209,Millions,NUMBER,Number (real number),1994,Central African Republic,244,3976036,0.198,0.010999999999999982
NUMBER,Number,0.209,Millions,NUMBER,Number (real number),1995,Central African Republic,245,3980025,0.209,0.0
NUMBER,Number,0.213,Millions,NUMBER,Number (real number),1996,Central African Republic,246,3984016,0.209,0.0040000000000000036
NUMBER,Number,0.216,Millions,NUMBER,Number (real number),1997,Central African Republic,247,3988009,0.213,0.0030000000000000027
NUMBER,Number,0.22,Millions,NUMBER,Number (real number),1998,Central African Republic,248,3992004,0.216,0.0040000000000000036
NUMBER,Number,0.231,Millions,NUMBER,Number (real number),1999,Central African Republic,249,3996001,0.22,0.01100000000000001
NUMBER,Number,0.234,Millions,NUMBER,Number (real number),2000,Central African Republic,250,4000000,0.231,0.0030000000000000027
NUMBER,Number,0.245,Millions,NUMBER,Number (real number),2001,Central African Republic,251,4004001,0.234,0.010999999999999982
NUMBER,Number,0.242,Millions,NUMBER,Number (real number),2002,Central African Republic,252,4008004,0.245,-0.0030000000000000027
NUMBER,Number,0.224,Millions,NUMBER,Number (real number),2003,Central African Republic,253,4012009,0.242,-0.017999999999999988
NUMBER,Number,0.22,Millions,NUMBER,Number (real number),2004,Central African Republic,254,4016016,0.224,-0.0040000000000000036
NUMBER,Number,0.216,Millions,NUMBER,Number (real number),2005,Central African Republic,255,4020025,0.22,-0.0040000000000000036
NUMBER,Number,0.227,Millions,NUMBER,Number (real number),2006,Central African Republic,256,4024036,0.216,0.01100000000000001
NUMBER,Number,0.231,Millions,NUMBER,Number (real number),2007,Central African Republic,257,4028049,0.227,0.0040000000000000036
NUMBER,Number,0.165,Millions,NUMBER,Number (real number),2008,Central African Republic,258,4032064,0.231,-0.066
NUMBER,Number,0.161,Millions,NUMBER,Number (real number),2009,Central African Republic,259,4036081,0.165,-0.0040000000000000036
NUMBER,Number,0.169,Millions,NUMBER,Number (real number),2010,Central African Republic,260,4040100,0.161,0.008000000000000007
NUMBER,Number,0.187,Millions,NUMBER,Number (real number),2011,Central African Republic,261,4044121,0.169,0.017999999999999988
NUMBER,Number,0.191,Millions,NUMBER,Number (real number),2012,Central African Republic,262,4048144,0.187,0.0040000000000000036
NUMBER,Number,0.117,Millions,NUMBER,Number (real number),2013,Central African Republic,263,4052169,0.191,-0.074
NUMBER,Number,0.125,Millions,NUMBER,Number (real number),2014,Central African Republic,264,4056196,0.117,0.007999999999999993
NUMBER,Number,0.18,Millions,NUMBER,Number (real number),2015,Central African Republic,265,4060225,0.125,0.05499999999999999
NUMBER,Number,0.198,Millions,NUMBER,Number (real number),2016,Central African Republic,266,4064256,0.18,0.018000000000000016
NUMBER,Number,0.216,Millions,NUMBER,Number (real number),2017,Central African Republic,267,4068289,0.198,0.017999999999999988
NUMBER,Number,0.22,Millions,NUMBER,Number (real number),2018,Central African Republic,268,4072324,0.216,0.0040000000000000036
NUMBER,Number,0.227,Millions,NUMBER,Number (real number),2019,Central African Republic,269,4076361,0.22,0.007000000000000006
NUMBER,Number,0.238,Millions,NUMBER,Number (real number),2020,Central African Republic,270,4080400,0.227,0.010999999999999982
NUMBER,Number,0.242,Millions,NUMBER,Number (real number),2021,Central African Republic,271,4084441,0.238,0.0040000000000000036
NUMBER,Number,0.271,Millions,NUMBER,Number (real number),2022,Central African Republic,272,4088484,0.242,0.029000000000000026
NUMBER,Number,0.281,Millions,NUMBER,Number (real number),2023,Central African Republic,273,4092529,0.271,0.010000000000000009
NUMBER,Number,0.039,Millions,NUMBER,Number (real number),1951,Chad,201,3806401,0.03,0.009000000000000001
NUMBER,Number,0.051,Millions,NUMBER,Number (real number),1952,Chad,202,3810304,0.039,0.011999999999999997
NUMBER,Number,0.043,Millions,NUMBER,Number (real number),1953,Chad,203,3814209,0.051,-0.008
NUMBER,Number,0.046,Millions,NUMBER,Number (real number),1954,Chad,204,3818116,0.043,0.0030000000000000027
NUMBER,Number,0.045,Millions,NUMBER,Number (real number),1955,Chad,205,3822025,0.046,-0.0010000000000000009
NUMBER,Number,0.059,Millions,NUMBER,Number (real number),1956,Chad,206,3825936,0.045,0.013999999999999999
NUMBER,Number,0.063,Millions,NUMBER,Number (real number),1957,Chad,207,3829849,0.059,0.0040000000000000036
NUMBER,Number,0.072,Millions,NUMBER,Number (real number),1958,Chad,208,3833764,0.063,0.008999999999999994
NUMBER,Number,0.062,Millions,NUMBER,Number (real number),1959,Chad,209,3837681,0.072,-0.009999999999999995
NUMBER,Number,0.055,Millions,NUMBER,Number (real number),1960,Chad,210,3841600,0.062,-0.006999999999999999
NUMBER,Number,0.051,Millions,NUMBER,Number (real number),1961,Chad,211,3845521,0.055,-0.0040000000000000036
NUMBER,Number,0.084,Millions,NUMBER,Number (real number),1962,Chad,212,3849444,0.051,0.03300000000000001
NUMBER,Number,0.092,Millions,NUMBER,Number (real number),1963,Chad,213,3853369,0.084,0.007999999999999993
NUMBER,Number,0.099,Millions,NUMBER,Number (real number),1964,Chad,214,3857296,0.092,0.007000000000000006
NUMBER,Number,0.106,Millions,NUMBER,Number (real number),1965,Chad,215,3861225,0.099,0.006999999999999992
NUMBER,Number,0.084,Millions,NUMBER,Number (real number),1966,Chad,216,3865156,0.106,-0.021999999999999992
NUMBER,Number,0.117,Millions,NUMBER,Number (real number),1967,Chad,217,3869089,0.084,0.033
NUMBER,Number,0.125,Millions,NUMBER,Number (real number),1968,Chad,218,3873024,0.117,0.007999999999999993
NUMBER,Number,0.161,Millions,NUMBER,Number (real number),1969,Chad,219,3876961,0.125,0.036000000000000004
NUMBER,Number,0.125,Millions,NUMBER,Number (real number),1970,Chad,220,3880900,0.161,-0.036000000000000004
NUMBER,Number,0.15,Millions,NUMBER,Number (real number),1971,Chad,221,3884841,0.125,0.024999999999999994
NUMBER,Number,0.121,Millions,NUMBER,Number (real number),1972,Chad,222,3888784,0.15,-0.028999999999999998
NUMBER,Number,0.161,Millions,NUMBER,Number (real number),1973,Chad,223,3892729,0.121,0.04000000000000001
NUMBER,Number,0.15,Millions,NUMBER,Number (real number),1974,Chad,224,3896676,0.161,-0.01100000000000001
NUMBER,Number,0.183,Millions,NUMBER,Number (real number),1975,Chad,225,3900625,0.15,0.033
NUMBER,Number,0.183,Millions,NUMBER,Number (real number),1976,Chad,226,3904576,0.183,0.0
NUMBER,Number,0.198,Millions,NUMBER,Number (real number),1977,Chad,227,3908529,0.183,0.015000000000000013
NUMBER,Number,0.194,Millions,NUMBER,Number (real number),1978,Chad,228,3912484,0.198,-0.0040000000000000036
NUMBER,Number,0.202,Millions,NUMBER,Number (real number),1979,Chad,229,3916441,0.194,0.008000000000000007
NUMBER,Number,0.209,Millions,NUMBER,Number (real number),1980,Chad,230,3920400,0.202,0.0069999999999999785
NUMBER,Number,0.209,Millions,NUMBER,Number (real number),1981,Chad,231,3924361,0.209,0.0
NUMBER,Number,0.205,Millions,NUMBER,Number (real number),1982,Chad,232,3928324,0.209,-0.0040000000000000036
NUMBER,Number,0.205,Millions,NUMBER,Number (real number),1983,Chad,233,3932289,0.205,0.0
NUMBER,Number,0.216,Millions,NUMBER,Number (real number),1984,Chad,234,3936256,0.205,0.01100000000000001
NUMBER,Number,0.18,Millions,NUMBER,Number (real number),1985,Chad,235,3940225,0.216,-0.036000000000000004
NUMBER,Number,0.187,Millions,NUMBER,Number (real number),1986,Chad,236,3944196,0.18,0.007000000000000006
NUMBER,Number,0.198,Millions,NUMBER,Number (real number),1987,Chad,237,3948169,0.187,0.01100000000000001
NUMBER,Number,0.066,Millions,NUMBER,Number (real number),1988,Chad,238,3952144,0.198,-0.132
NUMBER,Number,0.103,Millions,NUMBER,Number (real number),1989,Chad,239,3956121,0.066,0.03699999999999999
NUMBER,Number,0.377,Millions,NUMBER,Number (real number),1990,Chad,240,3960100,0.103,0.274
NUMBER,Number,0.385,Millions,NUMBER,Number (real number),1991,Chad,241,3964081,0.377,0.008000000000000007
NUMBER,Number,0.407,Millions,NUMBER,Number (real number),1992,Chad,242,3968064,0.385,0.021999999999999964
NUMBER,Number,0.403,Millions,NUMBER,Number (real number),1993,Chad,243,3972049,0.407,-0.003999999999999948
NUMBER,Number,0.412,Millions,NUMBER,Number (real number),1994,Chad,244,3976036,0.403,0.008999999999999952
NUMBER,Number,0.427,Millions,NUMBER,Number (real number),1995,Chad,245,3980025,0.412,0.015000000000000013
NUMBER,Number,0.443,Millions,NUMBER,Number (real number),1996,Chad,246,3984016,0.427,0.016000000000000014
NUMBER,Number,0.453,Millions,NUMBER,Number (real number),1997,Chad,247,3988009,0.443,0.010000000000000009
NUMBER,Number,0.464,Millions,NUMBER,Number (real number),1998,Chad,248,3992004,0.453,0.01100000000000001
NUMBER,Number,0.477,Millions,NUMBER,Number (real number),1999,Chad,249,3996001,0.464,0.012999999999999956
NUMBER,Number,0.488,Millions,NUMBER,Number (real number),2000,Chad,250,4000000,0.477,0.01100000000000001
NUMBER,Number,0.506,Millions,NUMBER,Number (real number),2001,Chad,251,4004001,0.488,0.018000000000000016
NUMBER,Number,0.528,Millions,NUMBER,Number (real number),2002,Chad,252,4008004,0.506,0.02200000000000002
NUMBER,Number,0.882,Millions,NUMBER,Number (real number),2003,Chad,253,4012009,0.528,0.354
NUMBER,Number,0.903,Millions,NUMBER,Number (real number),2004,Chad,254,4016016,0.882,0.02100000000000002
NUMBER,Number,0.926,Millions,NUMBER,Number (real number),2005,Chad,255,4020025,0.903,0.02300000000000002
NUMBER,Number,0.961,Millions,NUMBER,Number (real number),2006,Chad,256,4024036,0.926,0.03499999999999992
NUMBER,Number,1.089,Millions,NUMBER,Number (real number),2007,Chad,257,4028049,0.961,0.128
NUMBER,Number,0.872,Millions,NUMBER,Number (real number),2008,Chad,258,4032064,1.089,-0.21699999999999997
NUMBER,Number,1.216,Millions,NUMBER,Number (real number),2009,Chad,259,4036081,0.872,0.344
NUMBER,Number,1.236,Millions,NUMBER,Number (real number),2010,Chad,260,4040100,1.216,0.020000000000000018
NUMBER,Number,1.273,Millions,NUMBER,Number (real number),2011,Chad,261,4044121,1.236,0.03699999999999992
NUMBER,Number,1.743,Millions,NUMBER,Number (real number),2012,Chad,262,4048144,1.273,0.4700000000000002
NUMBER,Number,2.078,Millions,NUMBER,Number (real number),2013,Chad,263,4052169,1.743,0.33499999999999974
NUMBER,Number,2.183,Millions,NUMBER,Number (real number),2014,Chad,264,4056196,2.078,0.10499999999999998
NUMBER,Number,2.352,Millions,NUMBER,Number (real number),2015,Chad,265,4060225,2.183,0.16900000000000004
NUMBER,Number,2.374,Millions,NUMBER,Number (real number),2016,Chad,266,4064256,2.352,0.02200000000000024
NUMBER,Number,2.344,Millions,NUMBER,Number (real number),2017,Chad,267,4068289,2.374,-0.03000000000000025
NUMBER,Number,2.384,Millions,NUMBER,Number (real number),2018,Chad,268,4072324,2.344,0.040000000000000036
NUMBER,Number,2.299,Millions,NUMBER,Number (real number),2019,Chad,269,4076361,2.384,-0.08499999999999996
NUMBER,Number,2.356,Millions,NUMBER,Number (real number),2020,Chad,270,4080400,2.299,0.05699999999999994
NUMBER,Number,2.67,Millions,NUMBER,Number (real number),2021,Chad,271,4084441,2.356,0.31400000000000006
NUMBER,Number,3.005,Millions,NUMBER,Number (real number),2022,Chad,272,4088484,2.67,0.33499999999999996
NUMBER,Number,3.079,Millions,NUMBER,Number (real number),2023,Chad,273,4092529,3.005,0.07400000000000029
NUMBER,Number,0.036,Millions,NUMBER,Number (real number),1845,Chile,95,3404025,0.024,0.011999999999999997
NUMBER,Number,0.046,Millions,NUMBER,Number (real number),1846,Chile,96,3407716,0.036,0.010000000000000002
NUMBER,Number,0.056,Millions,NUMBER,Number (real number),1847,Chile,97,3411409,0.046,0.010000000000000002
NUMBER,Number,0.064,Millions,NUMBER,Number (real number),1848,Chile,98,3415104,0.056,0.008
NUMBER,Number,0.116,Millions,NUMBER,Number (real number),1849,Chile,99,3418801,0.064,0.052000000000000005
NUMBER,Number,0.094,Millions,NUMBER,Number (real number),1850,Chile,100,3422500,0.116,-0.022000000000000006
NUMBER,Number,0.11,Millions,NUMBER,Number (real number),1851,Chile,101,3426201,0.094,0.016
NUMBER,Number,0.181,Millions,NUMBER,Number (real number),1852,Chile,102,3429904,0.11,0.071
NUMBER,Number,0.117,Millions,NUMBER,Number (real number),1853,Chile,103,3433609,0.181,-0.06399999999999999
NUMBER,Number,0.005,Millions,NUMBER,Number (real number),1854,Chile,104,3437316,0.117,-0.112
NUMBER,Number,0.151,Millions,NUMBER,Number (real number),1855,Chile,105,3441025,0.005,0.146
NUMBER,Number,0.22,Millions,NUMBER,Number (real number),1856,Chile,106,3444736,0.151,0.069
NUMBER,Number,0.444,Millions,NUMBER,Number (real number),1857,Chile,107,3448449,0.22,0.224
NUMBER,Number,0.451,Millions,NUMBER,Number (real number),1858,Chile,108,3452164,0.444,0.007000000000000006
NUMBER,Number,0.252,Millions,NUMBER,Number (real number),1859,Chile,109,3455881,0.451,-0.199
NUMBER,Number,0.421,Millions,NUMBER,Number (real number),1860,Chile,110,3459600,0.252,0.16899999999999998
NUMBER,Number,0.297,Millions,NUMBER,Number (real number),1861,Chile,111,3463321,0.421,-0.124
NUMBER,Number,0.294,Millions,NUMBER,Number (real number),1862,Chile,112,3467044,0.297,-0.0030000000000000027
NUMBER,Number,0.254,Millions,NUMBER,Number (real number),1863,Chile,113,3470769,0.294,-0.03999999999999998
NUMBER,Number,0.394,Millions,NUMBER,Number (real number),1864,Chile,114,3474496,0.254,0.14
NUMBER,Number,0.402,Millions,NUMBER,Number (real number),1865,Chile,115,3478225,0.394,0.008000000000000007
NUMBER,Number,0.551,Millions,NUMBER,Number (real number),1866,Chile,116,3481956,0.402,0.14900000000000002
NUMBER,Number,0.887,Millions,NUMBER,Number (real number),1867,Chile,117,3485689,0.551,0.33599999999999997
NUMBER,Number,0.687,Millions,NUMBER,Number (real number),1868,Chile,118,3489424,0.887,-0.19999999999999996
NUMBER,Number,0.721,Millions,NUMBER,Number (real number),1869,Chile,119,3493161,0.687,0.03399999999999992
NUMBER,Number,0.657,Millions,NUMBER,Number (real number),1870,Chile,120,3496900,0.721,-0.06399999999999995
NUMBER,Number,0.581,Millions,NUMBER,Number (real number),1871,Chile,121,3500641,0.657,-0.07600000000000007
NUMBER,Number,1.027,Millions,NUMBER,Number (real number),1872,Chile,122,3504384,0.581,0.44599999999999995
NUMBER,Number,1.258,Millions,NUMBER,Number (real number),1873,Chile,123,3508129,1.027,0.2310000000000001
NUMBER,Number,1.645,Millions,NUMBER,Number (real number),1874,Chile,124,3511876,1.258,0.387
NUMBER,Number,1.468,Millions,NUMBER,Number (real number),1875,Chile,125,3515625,1.645,-0.17700000000000005
NUMBER,Number,1.597,Millions,NUMBER,Number (real number),1876,Chile,126,3519376,1.468,0.129
NUMBER,Number,1.352,Millions,NUMBER,Number (real number),1877,Chile,127,3523129,1.597,-0.24499999999999988
NUMBER,Number,1.258,Millions,NUMBER,Number (real number),1878,Chile,128,3526884,1.352,-0.09400000000000008
NUMBER,Number,1.384,Millions,NUMBER,Number (real number),1879,Chile,129,3530641,1.258,0.1259999999999999
NUMBER,Number,1.746,Millions,NUMBER,Number (real number),1880,Chile,130,3534400,1.384,0.3620000000000001
NUMBER,Number,1.757,Millions,NUMBER,Number (real number),1881,Chile,131,3538161,1.746,0.010999999999999899
NUMBER,Number,1.875,Millions,NUMBER,Number (real number),1882,Chile,132,3541924,1.757,0.1180000000000001
NUMBER,Number,1.655,Millions,NUMBER,Number (real number),1883,Chile,133,3545689,1.875,-0.21999999999999997
NUMBER,Number,1.71,Millions,NUMBER,Number (real number),1884,Chile,134,3549456,1.655,0.05499999999999994
NUMBER,Number,1.756,Millions,NUMBER,Number (real number),1885,Chile,135,3553225,1.71,0.04600000000000004
NUMBER,Number,1.598,Millions,NUMBER,Number (real number),1886,Chile,136,3556996,1.756,-0.15799999999999992
NUMBER,Number,1.556,Millions,NUMBER,Number (real number),1887,Chile,137,3560769,1.598,-0.04200000000000004
NUMBER,Number,2.286,Millions,NUMBER,Number (real number),1888,Chile,138,3564544,1.556,0.73
NUMBER,Number,2.125,Millions,NUMBER,Number (real number),1889,Chile,139,3568321,2.286,-0.16100000000000003
NUMBER,Number,2.077,Millions,NUMBER,Number (real number),1890,Chile,140,3572100,2.125,-0.04800000000000004
NUMBER,Number,2.482,Millions,NUMBER,Number (real number),1891,Chile,141,3575881,2.077,0.40500000000000025
NUMBER,Number,2.021,Millions,NUMBER,Number (real number),1892,Chile,142,3579664,2.482,-0.4610000000000003
NUMBER,Number,2.144,Millions,NUMBER,Number (real number),1893,Chile,143,3583449,2.021,0.12300000000000022
NUMBER,Number,3.077,Millions,NUMBER,Number (real number),1894,Chile,144,3587236,2.144,0.9329999999999998
NUMBER,Number,2.95,Millions,NUMBER,Number (real number),1895,Chile,145,3591025,3.077,-0.12699999999999978
NUMBER,Number,3.238,Millions,NUMBER,Number (real number),1896,Chile,146,3594816,2.95,0.2879999999999998
NUMBER,Number,2.716,Millions,NUMBER,Number (real number),1897,Chile,147,3598609,3.238,-0.5219999999999998
NUMBER,Number,3.032,Millions,NUMBER,Number (real number),1898,Chile,148,3602404,2.716,0.31599999999999984
NUMBER,Number,3.053,Millions,NUMBER,Number (real number),1899,Chile,149,3606201,3.032,0.020999999999999908
NUMBER,Number,3.003,Millions,NUMBER,Number (real number),1900,Chile,150,3610000,3.053,-0.04999999999999982
NUMBER,Number,3.195,Millions,NUMBER,Number (real number),1901,Chile,151,3613801,3.003,0.19199999999999973
NUMBER,Number,2.96,Millions,NUMBER,Number (real number),1902,Chile,152,3617604,3.195,-0.23499999999999988
NUMBER,Number,3.155,Millions,NUMBER,Number (real number),1903,Chile,153,3621409,2.96,0.19499999999999984
NUMBER,Number,2.919,Millions,NUMBER,Number (real number),1904,Chile,154,3625216,3.155,-0.23599999999999977
NUMBER,Number,3.79,Millions,NUMBER,Number (real number),1905,Chile,155,3629025,2.919,0.871
NUMBER,Number,3.792,Millions,NUMBER,Number (real number),1906,Chile,156,3632836,3.79,0.0019999999999997797
NUMBER,Number,5.33,Millions,NUMBER,Number (real number),1907,Chile,157,3636649,3.792,1.5380000000000003
NUMBER,Number,4.991,Millions,NUMBER,Number (real number),1908,Chile,158,3640464,5.33,-0.3390000000000004
NUMBER,Number,5.033,Millions,NUMBER,Number (real number),1909,Chile,159,3644281,4.991,0.0420000000000007
NUMBER,Number,5.028,Millions,NUMBER,Number (real number),1910,Chile,160,3648100,5.033,-0.005000000000000782
NUMBER,Number,5.894,Millions,NUMBER,Number (real number),1911,Chile,161,3651921,5.028,0.8660000000000005
NUMBER,Number,6.67,Millions,NUMBER,Number (real number),1912,Chile,162,3655744,5.894,0.7759999999999998
NUMBER,Number,6.512,Millions,NUMBER,Number (real number),1913,Chile,163,3659569,6.67,-0.15800000000000036
NUMBER,Number,5.163,Millions,NUMBER,Number (real number),1914,Chile,164,3663396,6.512,-1.3489999999999993
NUMBER,Number,3.596,Millions,NUMBER,Number (real number),1915,Chile,165,3667225,5.163,-1.5670000000000002
NUMBER,Number,4.366,Millions,NUMBER,Number (real number),1916,Chile,166,3671056,3.596,0.7699999999999996
NUMBER,Number,4.483,Millions,NUMBER,Number (real number),1917,Chile,167,3674889,4.366,0.11699999999999999
NUMBER,Number,4.017,Millions,NUMBER,Number (real number),1918,Chile,168,3678724,4.483,-0.4659999999999993
NUMBER,Number,3.592,Millions,NUMBER,Number (real number),1919,Chile,169,3682561,4.017,-0.42500000000000027
NUMBER,Number,2.895,Millions,NUMBER,Number (real number),1920,Chile,170,3686400,3.592,-0.6970000000000001
NUMBER,Number,3.905,Millions,NUMBER,Number (real number),1921,Chile,171,3690241,2.895,1.0099999999999998
NUMBER,Number,2.449,Millions,NUMBER,Number (real number),1922,Chile,172,3694084,3.905,-1.456
NUMBER,Number,2.775,Millions,NUMBER,Number (real number),1923,Chile,173,3697929,2.449,0.32600000000000007
NUMBER,Number,3.994,Millions,NUMBER,Number (real number),1924,Chile,174,3701776,2.775,1.2190000000000003
NUMBER,Number,3.836,Millions,NUMBER,Number (real number),1925,Chile,175,3705625,3.994,-0.15800000000000036
NUMBER,Number,3.744,Millions,NUMBER,Number (real number),1926,Chile,176,3709476,3.836,-0.09199999999999964
NUMBER,Number,3.698,Millions,NUMBER,Number (real number),1927,Chile,177,3713329,3.744,-0.04600000000000026
NUMBER,Number,3.473,Millions,NUMBER,Number (real number),1928,Chile,178,3717184,3.698,-0.2250000000000001
NUMBER,Number,3.832,Millions,NUMBER,Number (real number),1929,Chile,179,3721041,3.473,0.359
NUMBER,Number,3.533,Millions,NUMBER,Number (real number),1930,Chile,180,3724900,3.832,-0.29899999999999993
NUMBER,Number,2.73,Millions,NUMBER,Number (real number),1931,Chile,181,3728761,3.533,-0.8029999999999999
NUMBER,Number,2.638,Millions,NUMBER,Number (real number),1932,Chile,182,3732624,2.73,-0.09200000000000008
NUMBER,Number,3.549,Millions,NUMBER,Number (real number),1933,Chile,183,3736489,2.638,0.911
NUMBER,Number,4.155,Millions,NUMBER,Number (real number),1934,Chile,184,3740356,3.549,0.6060000000000003
NUMBER,Number,4.18,Millions,NUMBER,Number (real number),1935,Chile,185,3744225,4.155,0.024999999999999467
NUMBER,Number,4.579,Millions,NUMBER,Number (real number),1936,Chile,186,3748096,4.18,0.399
NUMBER,Number,4.999,Millions,NUMBER,Number (real number),1937,Chile,187,3751969,4.579,0.41999999999999993
NUMBER,Number,5.07,Millions,NUMBER,Number (real number),1938,Chile,188,3755844,4.999,0.07100000000000062
NUMBER,Number,4.669,Millions,NUMBER,Number (real number),1939,Chile,189,3759721,5.07,-0.4010000000000007
NUMBER,Number,5.403,Millions,NUMBER,Number (real number),1940,Chile,190,3763600,4.669,0.734
NUMBER,Number,5.269,Millions,NUMBER,Number (real number),1941,Chile,191,3767481,5.403,-0.13399999999999945
NUMBER,Number,5.326,Millions,NUMBER,Number (real number),1942,Chile,192,3771364,5.269,0.056999999999999496
NUMBER,Number,5.583,Millions,NUMBER,Number (real number),1943,Chile,193,3775249,5.326,0.25700000000000056
NUMBER,Number,5.48,Millions,NUMBER,Number (real number),1944,Chile,194,3779136,5.583,-0.10299999999999976
NUMBER,Number,5.233,Millions,NUMBER,Number (real number),1945,Chile,195,3783025,5.48,-0.24700000000000077
NUMBER,Number,5.26,Millions,NUMBER,Number (real number),1946,Chile,196,3786916,5.233,0.027000000000000135
NUMBER,Number,5.45,Millions,NUMBER,Number (real number),1947,Chile,197,3790809,5.26,0.1900000000000004
NUMBER,Number,5.755,Millions,NUMBER,Number (real number),1948,Chile,198,3794704,5.45,0.3049999999999997
NUMBER,Number,5.184,Millions,NUMBER,Number (real number),1949,Chile,199,3798601,5.755,-0.5709999999999997
NUMBER,Number,9.384,Millions,NUMBER,Number (real number),1950,Chile,200,3802500,5.184,4.2
NUMBER,Number,9.982,Millions,NUMBER,Number (real number),1951,Chile,201,3806401,9.384,0.597999999999999
NUMBER,Number,10.604,Millions,NUMBER,Number (real number),1952,Chile,202,3810304,9.982,0.6219999999999999
NUMBER,Number,10.403,Millions,NUMBER,Number (real number),1953,Chile,203,3814209,10.604,-0.20099999999999874
NUMBER,Number,11.08,Millions,NUMBER,Number (real number),1954,Chile,204,3818116,10.403,0.6769999999999996
NUMBER,Number,11.597,Millions,NUMBER,Number (real number),1955,Chile,205,3822025,11.08,0.5169999999999995
NUMBER,Number,11.832,Millions,NUMBER,Number (real number),1956,Chile,206,3825936,11.597,0.2350000000000012
NUMBER,Number,11.726,Millions,NUMBER,Number (real number),1957,Chile,207,3829849,11.832,-0.10599999999999987
NUMBER,Number,12.451,Millions,NUMBER,Number (real number),1958,Chile,208,3833764,11.726,0.7249999999999996
NUMBER,Number,12.703,Millions,NUMBER,Number (real number),1959,Chile,209,3837681,12.451,0.2519999999999989
NUMBER,Number,13.476,Millions,NUMBER,Number (real number),1960,Chile,210,3841600,12.703,0.7730000000000015
NUMBER,Number,14.455,Millions,NUMBER,Number (real number),1961,Chile,211,3845521,13.476,0.9789999999999992
NUMBER,Number,16.707,Millions,NUMBER,Number (real number),1962,Chile,212,3849444,14.455,2.2520000000000007
NUMBER,Number,17.337,Millions,NUMBER,Number (real number),1963,Chile,213,3853369,16.707,0.629999999999999
NUMBER,Number,17.505,Millions,NUMBER,Number (real number),1964,Chile,214,3857296,17.337,0.16799999999999926
NUMBER,Number,17.747,Millions,NUMBER,Number (real number),1965,Chile,215,3861225,17.505,0.24200000000000088
NUMBER,Number,18.772,Millions,NUMBER,Number (real number),1966,Chile,216,3865156,17.747,1.0249999999999986
NUMBER,Number,19.238,Millions,NUMBER,Number (real number),1967,Chile,217,3869089,18.772,0.4660000000000011
NUMBER,Number,21.202,Millions,NUMBER,Number (real number),1968,Chile,218,3873024,19.238,1.9640000000000022
NUMBER,Number,22.531,Millions,NUMBER,Number (real number),1969,Chile,219,3876961,21.202,1.328999999999997
NUMBER,Number,24.636,Millions,NUMBER,Number (real number),1970,Chile,220,3880900,22.531,2.1050000000000004
NUMBER,Number,27.056,Millions,NUMBER,Number (real number),1971,Chile,221,3884841,24.636,2.4200000000000017
NUMBER,Number,28.139,Millions,NUMBER,Number (real number),1972,Chile,222,3888784,27.056,1.0829999999999984
NUMBER,Number,27.588,Millions,NUMBER,Number (real number),1973,Chile,223,3892729,28.139,-0.5509999999999984
NUMBER,Number,25.878,Millions,NUMBER,Number (real number),1974,Chile,224,3896676,27.588,-1.7100000000000009
NUMBER,Number,22.947,Millions,NUMBER,Number (real number),1975,Chile,225,3900625,25.878,-2.931000000000001
NUMBER,Number,24.029,Millions,NUMBER,Number (real number),1976,Chile,226,3904576,22.947,1.0820000000000007
NUMBER,Number,23.017,Millions,NUMBER,Number (real number),1977,Chile,227,3908529,24.029,-1.0120000000000005
NUMBER,Number,22.842,Millions,NUMBER,Number (real number),1978,Chile,228,3912484,23.017,-0.1750000000000007
NUMBER,Number,24.73,Millions,NUMBER,Number (real number),1979,Chile,229,3916441,22.842,1.8880000000000017
NUMBER,Number,25.1,Millions,NUMBER,Number (real number),1980,Chile,230,3920400,24.73,0.370000000000001
NUMBER,Number,24.347,Millions,NUMBER,Number (real number),1981,Chile,231,3924361,25.1,-0.7530000000000001
NUMBER,Number,20.475,Millions,NUMBER,Number (real number),1982,Chile,232,3928324,24.347,-3.872
NUMBER,Number,20.674,Millions,NUMBER,Number (real number),1983,Chile,233,3932289,20.475,0.19899999999999807
NUMBER,Number,22.005,Millions,NUMBER,Number (real number),1984,Chile,234,3936256,20.674,1.3309999999999995
NUMBER,Number,21.292,Millions,NUMBER,Number (real number),1985,Chile,235,3940225,22.005,-0.7129999999999974
NUMBER,Number,22.022,Millions,NUMBER,Number (real number),1986,Chile,236,3944196,21.292,0.7299999999999969
NUMBER,Number,22.41,Millions,NUMBER,Number (real number),1987,Chile,237,3948169,22.022,0.3880000000000017
NUMBER,Number,26.6,Millions,NUMBER,Number (real number),1988,Chile,238,3952144,22.41,4.190000000000001
NUMBER,Number,32.018,Millions,NUMBER,Number (real number),1989,Chile,239,3956121,26.6,5.417999999999999
NUMBER,Number,32.908,Millions,NUMBER,Number (real number),1990,Chile,240,3960100,32.018,0.8900000000000006
NUMBER,Number,30.892,Millions,NUMBER,Number (real number),1991,Chile,241,3964081,32.908,-2.016000000000002
NUMBER,Number,32.001,Millions,NUMBER,Number (real number),1992,Chile,242,3968064,30.892,1.1089999999999982
NUMBER,Number,34.098,Millions,NUMBER,Number (real number),1993,Chile,243,3972049,32.001,2.0970000000000013
NUMBER,Number,37.975,Millions,NUMBER,Number (real number),1994,Chile,244,3976036,34.098,3.8770000000000024
NUMBER,Number,41.563,Millions,NUMBER,Number (real number),1995,Chile,245,3980025,37.975,3.588000000000001
NUMBER,Number,48.226,Millions,NUMBER,Number (real number),1996,Chile,246,3984016,41.563,6.662999999999997
NUMBER,Number,55.942,Millions,NUMBER,Number (real number),1997,Chile,247,3988009,48.226,7.716000000000001
NUMBER,Number,57.258,Millions,NUMBER,Number (real number),1998,Chile,248,3992004,55.942,1.3160000000000025
NUMBER,Number,61.408,Millions,NUMBER,Number (real number),1999,Chile,249,3996001,57.258,4.149999999999999
NUMBER,Number,58.503,Millions,NUMBER,Number (real number),2000,Chile,250,4000000,61.408,-2.905000000000001
NUMBER,Number,52.918,Millions,NUMBER,Number (real number),2001,Chile,251,4004001,58.503,-5.585000000000001
NUMBER,Number,54.836,Millions,NUMBER,Number (real number),2002,Chile,252,4008004,52.918,1.9179999999999993
NUMBER,Number,55.1,Millions,NUMBER,Number (real number),2003,Chile,253,4012009,54.836,0.2640000000000029
NUMBER,Number,59.228,Millions,NUMBER,Number (real number),2004,Chile,254,4016016,55.1,4.128
NUMBER,Number,61.127,Millions,NUMBER,Number (real number),2005,Chile,255,4020025,59.228,1.899000000000001
NUMBER,Number,64.052,Millions,NUMBER,Number (real number),2006,Chile,256,4024036,61.127,2.9250000000000043
NUMBER,Number,70.476,Millions,NUMBER,Number (real number),2007,Chile,257,4028049,64.052,6.423999999999992
NUMBER,Number,70.553,Millions,NUMBER,Number (real number),2008,Chile,258,4032064,70.476,0.07699999999999818
NUMBER,Number,65.96,Millions,NUMBER,Number (real number),2009,Chile,259,4036081,70.553,-4.5930000000000035
NUMBER,Number,71.348,Millions,NUMBER,Number (real number),2010,Chile,260,4040100,65.96,5.388000000000005
NUMBER,Number,78.071,Millions,NUMBER,Number (real number),2011,Chile,261,4044121,71.348,6.722999999999999
NUMBER,Number,79.621,Millions,NUMBER,Number (real number),2012,Chile,262,4048144,78.071,1.5499999999999972
NUMBER,Number,81.737,Millions,NUMBER,Number (real number),2013,Chile,263,4052169,79.621,2.1159999999999997
NUMBER,Number,77.59,Millions,NUMBER,Number (real number),2014,Chile,264,4056196,81.737,-4.146999999999991
NUMBER,Number,81.782,Millions,NUMBER,Number (real number),2015,Chile,265,4060225,77.59,4.191999999999993
NUMBER,Number,84.25,Millions,NUMBER,Number (real number),2016,Chile,266,4064256,81.782,2.4680000000000035
NUMBER,Number,84.138,Millions,NUMBER,Number (real number),2017,Chile,267,4068289,84.25,-0.11199999999999477
NUMBER,Number,84.439,Millions,NUMBER,Number (real number),2018,Chile,268,4072324,84.138,0.3009999999999877
NUMBER,Number,91.977,Millions,NUMBER,Number (real number),2019,Chile,269,4076361,84.439,7.538000000000011
NUMBER,Number,80.178,Millions,NUMBER,Number (real number),2020,Chile,270,4080400,91.977,-11.799000000000007
NUMBER,Number,83.655,Millions,NUMBER,Number (real number),2021,Chile,271,4084441,80.178,3.477000000000004
NUMBER,Number,82.537,Millions,NUMBER,Number (real number),2022,Chile,272,4088484,83.655,-1.117999999999995
NUMBER,Number,77.288,Millions,NUMBER,Number (real number),2023,Chile,273,4092529,82.537,-5.249000000000009
NUMBER,Number,22.736,Millions,NUMBER,Number (real number),1908,China,158,3640464,19.894,2.8420000000000023
NUMBER,Number,24.252,Millions,NUMBER,Number (real number),1909,China,159,3644281,22.736,1.5159999999999982
NUMBER,Number,25.009,Millions,NUMBER,Number (real number),1910,China,160,3648100,24.252,0.7570000000000014
NUMBER,Number,24.631,Millions,NUMBER,Number (real number),1911,China,161,3651921,25.009,-0.3780000000000001
NUMBER,Number,17.029,Millions,NUMBER,Number (real number),1912,China,162,3655744,24.631,-7.602
NUMBER,Number,24.252,Millions,NUMBER,Number (real number),1913,China,163,3659569,17.029,7.222999999999999
NUMBER,Number,26.718,Millions,NUMBER,Number (real number),1914,China,164,3663396,24.252,2.466000000000001
NUMBER,Number,25.421,Millions,NUMBER,Number (real number),1915,China,165,3667225,26.718,-1.2970000000000006
NUMBER,Number,30.131,Millions,NUMBER,Number (real number),1916,China,166,3671056,25.421,4.710000000000001
NUMBER,Number,32.023,Millions,NUMBER,Number (real number),1917,China,167,3674889,30.131,1.892000000000003
NUMBER,Number,34.748,Millions,NUMBER,Number (real number),1918,China,168,3678724,32.023,2.7249999999999943
NUMBER,Number,37.997,Millions,NUMBER,Number (real number),1919,China,169,3682561,34.748,3.2490000000000023
NUMBER,Number,40.278,Millions,NUMBER,Number (real number),1920,China,170,3686400,37.997,2.280999999999999
NUMBER,Number,38.763,Millions,NUMBER,Number (real number),1921,China,171,3690241,40.278,-1.5150000000000006
NUMBER,Number,39.972,Millions,NUMBER,Number (real number),1922,China,172,3694084,38.763,1.2090000000000032
NUMBER,Number,46.518,Millions,NUMBER,Number (real number),1923,China,173,3697929,39.972,6.545999999999999
NUMBER,Number,48.846,Millions,NUMBER,Number (real number),1924,China,174,3701776,46.518,2.327999999999996
NUMBER,Number,45.955,Millions,NUMBER,Number (real number),1925,China,175,3705625,48.846,-2.8909999999999982
NUMBER,Number,43.66,Millions,NUMBER,Number (real number),1926,China,176,3709476,45.955,-2.2950000000000017
NUMBER,Number,45.809,Millions,NUMBER,Number (real number),1927,China,177,3713329,43.66,2.149000000000001
NUMBER,Number,47.591,Millions,NUMBER,Number (real number),1928,China,178,3717184,45.809,1.7820000000000036
NUMBER,Number,48.282,Millions,NUMBER,Number (real number),1929,China,179,3721041,47.591,0.6909999999999954
NUMBER,Number,49.558,Millions,NUMBER,Number (real number),1930,China,180,3724900,48.282,1.2760000000000034
NUMBER,Number,51.905,Millions,NUMBER,Number (real number),1931,China,181,3728761,49.558,2.3470000000000013
NUMBER,Number,50.269,Millions,NUMBER,Number (real number),1932,China,182,3732624,51.905,-1.6360000000000028
NUMBER,Number,54.111,Millions,NUMBER,Number (real number),1933,China,183,3736489,50.269,3.8419999999999987
NUMBER,Number,62.383,Millions,NUMBER,Number (real number),1934,China,184,3740356,54.111,8.272000000000006
NUMBER,Number,72.646,Millions,NUMBER,Number (real number),1935,China,185,3744225,62.383,10.262999999999998
NUMBER,Number,75.477,Millions,NUMBER,Number (real number),1936,China,186,3748096,72.646,2.831000000000003
NUMBER,Number,70.969,Millions,NUMBER,Number (real number),1937,China,187,3751969,75.477,-4.50800000000001
NUMBER,Number,61.366,Millions,NUMBER,Number (real number),1938,China,188,3755844,70.969,-9.602999999999994
NUMBER,Number,74.427,Millions,NUMBER,Number (real number),1939,China,189,3759721,61.366,13.061000000000007
NUMBER,Number,90.791,Millions,NUMBER,Number (real number),1940,China,190,3763600,74.427,16.36399999999999
NUMBER,Number,113.979,Millions,NUMBER,Number (real number),1941,China,191,3767481,90.791,23.188000000000002
NUMBER,Number,127.613,Millions,NUMBER,Number (real number),1942,China,192,3771364,113.979,13.634
NUMBER,Number,108.995,Millions,NUMBER,Number (real number),1943,China,193,3775249,127.613,-18.617999999999995
NUMBER,Number,103.004,Millions,NUMBER,Number (real number),1944,China,194,3779136,108.995,-5.991
NUMBER,Number,55.892,Millions,NUMBER,Number (real number),1945,China,195,3783025,103.004,-47.112
NUMBER,Number,36.107,Millions,NUMBER,Number (real number),1946,China,196,3786916,55.892,-19.785000000000004
NUMBER,Number,41.836,Millions,NUMBER,Number (real number),1947,China,197,3790809,36.107,5.728999999999999
NUMBER,Number,38.4,Millions,NUMBER,Number (real number),1948,China,198,3794704,41.836,-3.436
NUMBER,Number,62.081,Millions,NUMBER,Number (real number),1949,China,199,3798601,38.4,23.681000000000004
NUMBER,Number,78.835,Millions,NUMBER,Number (real number),1950,China,200,3802500,62.081,16.75399999999999
NUMBER,Number,102.115,Millions,NUMBER,Number (real number),1951,China,201,3806401,78.835,23.28
NUMBER,Number,127.999,Millions,NUMBER,Number (real number),1952,China,202,3810304,102.115,25.884
NUMBER,Number,133.783,Millions,NUMBER,Number (real number),1953,China,203,3814209,127.999,5.783999999999992
NUMBER,Number,160.877,Millions,NUMBER,Number (real number),1954,China,204,3818116,133.783,27.094000000000023
NUMBER,Number,190.521,Millions,NUMBER,Number (real number),1955,China,205,3822025,160.877,29.643999999999977
NUMBER,Number,215.824,Millions,NUMBER,Number (real number),1956,China,206,3825936,190.521,25.303000000000026
NUMBER,Number,255.785,Millions,NUMBER,Number (real number),1957,China,207,3829849,215.824,39.960999999999984
NUMBER,Number,524.617,Millions,NUMBER,Number (real number),1958,China,208,3833764,255.785,268.832
NUMBER,Number,720.152,Millions,NUMBER,Number (real number),1959,China,209,3837681,524.617,195.53500000000008
NUMBER,Number,798.8,Millions,NUMBER,Number (real number),1960,China,210,3841600,720.152,78.64799999999991
NUMBER,Number,570.63,Millions,NUMBER,Number (real number),1961,China,211,3845521,798.8,-228.16999999999996
NUMBER,Number,459.618,Millions,NUMBER,Number (real number),1962,China,212,3849444,570.63,-111.012
NUMBER,Number,456.779,Millions,NUMBER,Number (real number),1963,China,213,3853369,459.618,-2.8389999999999986
NUMBER,Number,460.637,Millions,NUMBER,Number (real number),1964,China,214,3857296,456.779,3.858000000000004
NUMBER,Number,500.286,Millions,NUMBER,Number (real number),1965,China,215,3861225,460.637,39.649
NUMBER,Number,549.459,Millions,NUMBER,Number (real number),1966,China,216,3865156,500.286,49.172999999999945
NUMBER,Number,460.226,Millions,NUMBER,Number (real number),1967,China,217,3869089,549.459,-89.23299999999995
NUMBER,Number,495.507,Millions,NUMBER,Number (real number),1968,China,218,3873024,460.226,35.281000000000006
NUMBER,Number,607.683,Millions,NUMBER,Number (real number),1969,China,219,3876961,495.507,112.17599999999999
NUMBER,Number,807.953,Millions,NUMBER,Number (real number),1970,China,220,3880900,607.683,200.26999999999998
NUMBER,Number,909.21,Millions,NUMBER,Number (real number),1971,China,221,3884841,807.953,101.25700000000006
NUMBER,Number,968.646,Millions,NUMBER,Number (real number),1972,China,222,3888784,909.21,59.43599999999992
NUMBER,Number,1008.293,Millions,NUMBER,Number (real number),1973,China,223,3892729,968.646,39.64700000000005
NUMBER,Number,1028.1,Millions,NUMBER,Number (real number),1974,China,224,3896676,1008.293,19.806999999999903
NUMBER,Number,1183.215,Millions,NUMBER,Number (real number),1975,China,225,3900625,1028.1,155.115
NUMBER,Number,1226.421,Millions,NUMBER,Number (real number),1976,China,226,3904576,1183.215,43.20600000000013
NUMBER,Number,1340.831,Millions,NUMBER,Number (real number),1977,China,227,3908529,1226.421,114.40999999999985
NUMBER,Number,1492.778,Millions,NUMBER,Number (real number),1978,China,228,3912484,1340.831,151.94700000000012
NUMBER,Number,1525.661,Millions,NUMBER,Number (real number),1979,China,229,3916441,1492.778,32.88300000000004
NUMBER,Number,1494.496,Millions,NUMBER,Number (real number),1980,China,230,3920400,1525.661,-31.164999999999964
NUMBER,Number,1476.488,Millions,NUMBER,Number (real number),1981,China,231,3924361,1494.496,-18.008000000000038
NUMBER,Number,1606.585,Millions,NUMBER,Number (real number),1982,China,232,3928324,1476.488,130.09699999999998
NUMBER,Number,1694.217,Millions,NUMBER,Number (real number),1983,China,233,3932289,1606.585,87.63200000000006
NUMBER,Number,1844.828,Millions,NUMBER,Number (real number),1984,China,234,3936256,1694.217,150.61099999999988
NUMBER,Number,1998.083,Millions,NUMBER,Number (real number),1985,China,235,3940225,1844.828,153.2550000000001
NUMBER,Number,2104.213,Millions,NUMBER,Number (real number),1986,China,236,3944196,1998.083,106.13000000000011
NUMBER,Number,2257.739,Millions,NUMBER,Number (real number),1987,China,237,3948169,2104.213,153.52599999999984
NUMBER,Number,2425.894,Millions,NUMBER,Number (real number),1988,China,238,3952144,2257.739,168.15499999999975
NUMBER,Number,2463.654,Millions,NUMBER,Number (real number),1989,China,239,3956121,2425.894,37.76000000000022
NUMBER,Number,2484.855,Millions,NUMBER,Number (real number),1990,China,240,3960100,2463.654,21.201000000000022
NUMBER,Number,2606.096,Millions,NUMBER,Number (real number),1991,China,241,3964081,2484.855,121.24099999999999
NUMBER,Number,2730.788,Millions,NUMBER,Number (real number),1992,China,242,3968064,2606.096,124.69200000000001
NUMBER,Number,2921.651,Millions,NUMBER,Number (real number),1993,China,243,3972049,2730.788,190.86299999999983
NUMBER,Number,3103.739,Millions,NUMBER,Number (real number),1994,China,244,3976036,2921.651,182.0880000000002
NUMBER,Number,3361.637,Millions,NUMBER,Number (real number),1995,China,245,3980025,3103.739,257.89800000000014
NUMBER,Number,3508.818,Millions,NUMBER,Number (real number),1996,China,246,3984016,3361.637,147.18100000000004
NUMBER,Number,3515.594,Millions,NUMBER,Number (real number),1997,China,247,3988009,3508.818,6.77599999999984
NUMBER,Number,3364.587,Millions,NUMBER,Number (real number),1998,China,248,3992004,3515.594,-151.00700000000006
NUMBER,Number,3557.275,Millions,NUMBER,Number (real number),1999,China,249,3996001,3364.587,192.6880000000001
NUMBER,Number,3649.227,Millions,NUMBER,Number (real number),2000,China,250,4000000,3557.275,91.95199999999977
NUMBER,Number,3728.51,Millions,NUMBER,Number (real number),2001,China,251,4004001,3649.227,79.28300000000036
NUMBER,Number,4103.046,Millions,NUMBER,Number (real number),2002,China,252,4008004,3728.51,374.53600000000006
NUMBER,Number,4841.119,Millions,NUMBER,Number (real number),2003,China,253,4012009,4103.046,738.0729999999994
NUMBER,Number,5217.351,Millions,NUMBER,Number (real number),2004,China,254,4016016,4841.119,376.23199999999997
NUMBER,Number,5882.106,Millions,NUMBER,Number (real number),2005,China,255,4020025,5217.351,664.7550000000001
NUMBER,Number,6494.331,Millions,NUMBER,Number (real number),2006,China,256,4024036,5882.106,612.2250000000004
NUMBER,Number,6983.547,Millions,NUMBER,Number (real number),2007,China,257,4028049,6494.331,489.21599999999944
NUMBER,Number,7501.498,Millions,NUMBER,Number (real number),2008,China,258,4032064,6983.547,517.951
NUMBER,Number,7891.078,Millions,NUMBER,Number (real number),2009,China,259,4036081,7501.498,389.58000000000084
NUMBER,Number,8620.576,Millions,NUMBER,Number (real number),2010,China,260,4040100,7891.078,729.4979999999987
NUMBER,Number,9532.332,Millions,NUMBER,Number (real number),2011,China,261,4044121,8620.576,911.7560000000012
NUMBER,Number,9779.292,Millions,NUMBER,Number (real number),2012,China,262,4048144,9532.332,246.95999999999913
NUMBER,Number,9956.329,Millions,NUMBER,Number (real number),2013,China,263,4052169,9779.292,177.03700000000026
NUMBER,Number,9990.257,Millions,NUMBER,Number (real number),2014,China,264,4056196,9956.329,33.927999999999884
NUMBER,Number,9863.457,Millions,NUMBER,Number (real number),2015,China,265,4060225,9990.257,-126.79999999999927
NUMBER,Number,9762.714,Millions,NUMBER,Number (real number),2016,China,266,4064256,9863.457,-100.7430000000004
NUMBER,Number,10006.343,Millions,NUMBER,Number (real number),2017,China,267,4068289,9762.714,243.62900000000081
NUMBER,Number,10332.992,Millions,NUMBER,Number (real number),2018,China,268,4072324,10006.343,326.64899999999943
NUMBER,Number,10713.984,Millions,NUMBER,Number (real number),2019,China,269,4076361,10332.992,380.9920000000002
NUMBER,Number,10905.693,Millions,NUMBER,Number (real number),2020,China,270,4080400,10713.984,191.70899999999892
NUMBER,Number,11447.913,Millions,NUMBER,Number (real number),2021,China,271,4084441,10905.693,542.2200000000012
NUMBER,Number,11350.538,Millions,NUMBER,Number (real number),2022,China,272,4088484,11447.913,-97.375
NUMBER,Number,11902.503,Millions,NUMBER,Number (real number),2023,China,273,4092529,11350.538,551.9650000000001
NUMBER,Number,0.018,Millions,NUMBER,Number (real number),1857,Colombia,107,3448449,0.01,0.007999999999999998
NUMBER,Number,0.02,Millions,NUMBER,Number (real number),1858,Colombia,108,3452164,0.018,0.0020000000000000018
NUMBER,Number,0.005,Millions,NUMBER,Number (real number),1859,Colombia,109,3455881,0.02,-0.015
NUMBER,Number,0.009,Millions,NUMBER,Number (real number),1860,Colombia,110,3459600,0.005,0.003999999999999999
NUMBER,Number,0.012,Millions,NUMBER,Number (real number),1861,Colombia,111,3463321,0.009,0.003000000000000001
NUMBER,Number,0.028,Millions,NUMBER,Number (real number),1862,Colombia,112,3467044,0.012,0.016
NUMBER,Number,0.024,Millions,NUMBER,Number (real number),1863,Colombia,113,3470769,0.028,-0.004
NUMBER,Number,0.019,Millions,NUMBER,Number (real number),1864,Colombia,114,3474496,0.024,-0.005000000000000001
NUMBER,Number,0.01,Millions,NUMBER,Number (real number),1865,Colombia,115,3478225,0.019,-0.009
NUMBER,Number,0.078,Millions,NUMBER,Number (real number),1866,Colombia,116,3481956,0.01,0.068
NUMBER,Number,0.047,Millions,NUMBER,Number (real number),1867,Colombia,117,3485689,0.078,-0.031
NUMBER,Number,0.072,Millions,NUMBER,Number (real number),1868,Colombia,118,3489424,0.047,0.024999999999999994
NUMBER,Number,0.021,Millions,NUMBER,Number (real number),1869,Colombia,119,3493161,0.072,-0.05099999999999999
NUMBER,Number,0.055,Millions,NUMBER,Number (real number),1870,Colombia,120,3496900,0.021,0.034
NUMBER,Number,0.119,Millions,NUMBER,Number (real number),1871,Colombia,121,3500641,0.055,0.064
NUMBER,Number,0.104,Millions,NUMBER,Number (real number),1872,Colombia,122,3504384,0.119,-0.015
NUMBER,Number,0.081,Millions,NUMBER,Number (real number),1873,Colombia,123,3508129,0.104,-0.022999999999999993
NUMBER,Number,0.077,Millions,NUMBER,Number (real number),1874,Colombia,124,3511876,0.081,-0.0040000000000000036
NUMBER,Number,0.074,Millions,NUMBER,Number (real number),1875,Colombia,125,3515625,0.077,-0.0030000000000000027
NUMBER,Number,0.068,Millions,NUMBER,Number (real number),1876,Colombia,126,3519376,0.074,-0.0059999999999999915
NUMBER,Number,0.068,Millions,NUMBER,Number (real number),1877,Colombia,127,3523129,0.068,0.0
NUMBER,Number,0.061,Millions,NUMBER,Number (real number),1878,Colombia,128,3526884,0.068,-0.007000000000000006
NUMBER,Number,0.068,Millions,NUMBER,Number (real number),1879,Colombia,129,3530641,0.061,0.007000000000000006
NUMBER,Number,0.073,Millions,NUMBER,Number (real number),1880,Colombia,130,3534400,0.068,0.0049999999999999906
NUMBER,Number,0.059,Millions,NUMBER,Number (real number),1881,Colombia,131,3538161,0.073,-0.013999999999999999
NUMBER,Number,0.087,Millions,NUMBER,Number (real number),1882,Colombia,132,3541924,0.059,0.027999999999999997
NUMBER,Number,0.109,Millions,NUMBER,Number (real number),1883,Colombia,133,3545689,0.087,0.022000000000000006
NUMBER,Number,0.145,Millions,NUMBER,Number (real number),1884,Colombia,134,3549456,0.109,0.03599999999999999
NUMBER,Number,0.219,Millions,NUMBER,Number (real number),1885,Colombia,135,3553225,0.145,0.07400000000000001
NUMBER,Number,0.269,Millions,NUMBER,Number (real number),1886,Colombia,136,3556996,0.219,0.05000000000000002
NUMBER,Number,0.234,Millions,NUMBER,Number (real number),1887,Colombia,137,3560769,0.269,-0.035
NUMBER,Number,0.296,Millions,NUMBER,Number (real number),1888,Colombia,138,3564544,0.234,0.06199999999999997
NUMBER,Number,0.117,Millions,NUMBER,Number (real number),1889,Colombia,139,3568321,0.296,-0.179
NUMBER,Number,0.108,Millions,NUMBER,Number (real number),1890,Colombia,140,3572100,0.117,-0.009000000000000008
NUMBER,Number,0.09,Millions,NUMBER,Number (real number),1891,Colombia,141,3575881,0.108,-0.018000000000000002
NUMBER,Number,0.082,Millions,NUMBER,Number (real number),1892,Colombia,142,3579664,0.09,-0.007999999999999993
NUMBER,Number,0.096,Millions,NUMBER,Number (real number),1893,Colombia,143,3583449,0.082,0.013999999999999999
NUMBER,Number,0.077,Millions,NUMBER,Number (real number),1894,Colombia,144,3587236,0.096,-0.019000000000000003
NUMBER,Number,0.1,Millions,NUMBER,Number (real number),1895,Colombia,145,3591025,0.077,0.023000000000000007
NUMBER,Number,0.098,Millions,NUMBER,Number (real number),1896,Colombia,146,3594816,0.1,-0.0020000000000000018
NUMBER,Number,0.082,Millions,NUMBER,Number (real number),1897,Colombia,147,3598609,0.098,-0.016
NUMBER,Number,0.08,Millions,NUMBER,Number (real number),1898,Colombia,148,3602404,0.082,-0.0020000000000000018
NUMBER,Number,0.074,Millions,NUMBER,Number (real number),1899,Colombia,149,3606201,0.08,-0.006000000000000005
NUMBER,Number,0.092,Millions,NUMBER,Number (real number),1900,Colombia,150,3610000,0.074,0.018000000000000002
NUMBER,Number,0.139,Millions,NUMBER,Number (real number),1901,Colombia,151,3613801,0.092,0.047000000000000014
NUMBER,Number,0.135,Millions,NUMBER,Number (real number),1902,Colombia,152,3617604,0.139,-0.0040000000000000036
NUMBER,Number,0.094,Millions,NUMBER,Number (real number),1903,Colombia,153,3621409,0.135,-0.04100000000000001
NUMBER,Number,0.055,Millions,NUMBER,Number (real number),1904,Colombia,154,3625216,0.094,-0.039
NUMBER,Number,0.023,Millions,NUMBER,Number (real number),1905,Colombia,155,3629025,0.055,-0.032
NUMBER,Number,0.025,Millions,NUMBER,Number (real number),1906,Colombia,156,3632836,0.023,0.0020000000000000018
NUMBER,Number,0.025,Millions,NUMBER,Number (real number),1907,Colombia,157,3636649,0.025,0.0
NUMBER,Number,0.015,Millions,NUMBER,Number (real number),1908,Colombia,158,3640464,0.025,-0.010000000000000002
NUMBER,Number,0.022,Millions,NUMBER,Number (real number),1909,Colombia,159,3644281,0.015,0.006999999999999999
NUMBER,Number,0.014,Millions,NUMBER,Number (real number),1910,Colombia,160,3648100,0.022,-0.007999999999999998
NUMBER,Number,0.02,Millions,NUMBER,Number (real number),1911,Colombia,161,3651921,0.014,0.006
NUMBER,Number,0.021,Millions,NUMBER,Number (real number),1912,Colombia,162,3655744,0.02,0.0010000000000000009
NUMBER,Number,0.045,Millions,NUMBER,Number (real number),1913,Colombia,163,3659569,0.021,0.023999999999999997
NUMBER,Number,0.053,Millions,NUMBER,Number (real number),1914,Colombia,164,3663396,0.045,0.008
NUMBER,Number,0.042,Millions,NUMBER,Number (real number),1915,Colombia,165,3667225,0.053,-0.010999999999999996
NUMBER,Number,0.053,Millions,NUMBER,Number (real number),1916,Colombia,166,3671056,0.042,0.010999999999999996
NUMBER,Number,0.073,Millions,NUMBER,Number (real number),1917,Colombia,167,3674889,0.053,0.019999999999999997
NUMBER,Number,0.065,Millions,NUMBER,Number (real number),1918,Colombia,168,3678724,0.073,-0.007999999999999993
NUMBER,Number,0.123,Millions,NUMBER,Number (real number),1919,Colombia,169,3682561,0.065,0.057999999999999996
NUMBER,Number,0.106,Millions,NUMBER,Number (real number),1920,Colombia,170,3686400,0.123,-0.017
NUMBER,Number,0.161,Millions,NUMBER,Number (real number),1921,Colombia,171,3690241,0.106,0.05500000000000001
NUMBER,Number,0.295,Millions,NUMBER,Number (real number),1922,Colombia,172,3694084,0.161,0.13399999999999998
NUMBER,Number,0.314,Millions,NUMBER,Number (real number),1923,Colombia,173,3697929,0.295,0.019000000000000017
NUMBER,Number,0.341,Millions,NUMBER,Number (real number),1924,Colombia,174,3701776,0.314,0.027000000000000024
NUMBER,Number,0.626,Millions,NUMBER,Number (real number),1925,Colombia,175,3705625,0.341,0.285
NUMBER,Number,1.104,Millions,NUMBER,Number (real number),1926,Colombia,176,3709476,0.626,0.4780000000000001
NUMBER,Number,1.029,Millions,NUMBER,Number (real number),1927,Colombia,177,3713329,1.104,-0.07500000000000018
NUMBER,Number,1.324,Millions,NUMBER,Number (real number),1928,Colombia,178,3717184,1.029,0.29500000000000015
NUMBER,Number,1.306,Millions,NUMBER,Number (real number),1929,Colombia,179,3721041,1.324,-0.018000000000000016
NUMBER,Number,0.733,Millions,NUMBER,Number (real number),1930,Colombia,180,3724900,1.306,-0.5730000000000001
NUMBER,Number,0.758,Millions,NUMBER,Number (real number),1931,Colombia,181,3728761,0.733,0.025000000000000022
NUMBER,Number,0.611,Millions,NUMBER,Number (real number),1932,Colombia,182,3732624,0.758,-0.14700000000000002
NUMBER,Number,0.954,Millions,NUMBER,Number (real number),1933,Colombia,183,3736489,0.611,0.34299999999999997
NUMBER,Number,0.808,Millions,NUMBER,Number (real number),1934,Colombia,184,3740356,0.954,-0.1459999999999999
NUMBER,Number,2.502,Millions,NUMBER,Number (real number),1935,Colombia,185,3744225,0.808,1.6939999999999997
NUMBER,Number,2.89,Millions,NUMBER,Number (real number),1936,Colombia,186,3748096,2.502,0.38800000000000034
NUMBER,Number,2.871,Millions,NUMBER,Number (real number),1937,Colombia,187,3751969,2.89,-0.019000000000000128
NUMBER,Number,3.082,Millions,NUMBER,Number (real number),1938,Colombia,188,3755844,2.871,0.21099999999999985
NUMBER,Number,4.81,Millions,NUMBER,Number (real number),1939,Colombia,189,3759721,3.082,1.7279999999999998
NUMBER,Number,4.3,Millions,NUMBER,Number (real number),1940,Colombia,190,3763600,4.81,-0.5099999999999998
NUMBER,Number,3.953,Millions,NUMBER,Number (real number),1941,Colombia,191,3767481,4.3,-0.347
NUMBER,Number,4.272,Millions,NUMBER,Number (real number),1942,Colombia,192,3771364,3.953,0.3190000000000004
NUMBER,Number,3.938,Millions,NUMBER,Number (real number),1943,Colombia,193,3775249,4.272,-0.3340000000000001
NUMBER,Number,4.913,Millions,NUMBER,Number (real number),1944,Colombia,194,3779136,3.938,0.9750000000000001
NUMBER,Number,4.764,Millions,NUMBER,Number (real number),1945,Colombia,195,3783025,4.913,-0.14900000000000002
NUMBER,Number,5.776,Millions,NUMBER,Number (real number),1946,Colombia,196,3786916,4.764,1.0119999999999996
NUMBER,Number,5.865,Millions,NUMBER,Number (real number),1947,Colombia,197,3790809,5.776,0.08900000000000041
NUMBER,Number,5.18,Millions,NUMBER,Number (real number),1948,Colombia,198,3794704,5.865,-0.6850000000000005
NUMBER,Number,5.867,Millions,NUMBER,Number (real number),1949,Colombia,199,3798601,5.18,0.6870000000000003
NUMBER,Number,7.262,Millions,NUMBER,Number (real number),1950,Colombia,200,3802500,5.867,1.3949999999999996
NUMBER,Number,8.164,Millions,NUMBER,Number (real number),1951,Colombia,201,3806401,7.262,0.9020000000000001
NUMBER,Number,8.633,Millions,NUMBER,Number (real number),1952,Colombia,202,3810304,8.164,0.4689999999999994
NUMBER,Number,10.761,Millions,NUMBER,Number (real number),1953,Colombia,203,3814209,8.633,2.128
NUMBER,Number,9.621,Millions,NUMBER,Number (real number),1954,Colombia,204,3818116,10.761,-1.1399999999999988
NUMBER,Number,11.944,Millions,NUMBER,Number (real number),1955,Colombia,205,3822025,9.621,2.3230000000000004
NUMBER,Number,12.599,Millions,NUMBER,Number (real number),1956,Colombia,206,3825936,11.944,0.6549999999999994
NUMBER,Number,13.651,Millions,NUMBER,Number (real number),1957,Colombia,207,3829849,12.599,1.0519999999999996
NUMBER,Number,13.977,Millions,NUMBER,Number (real number),1958,Colombia,208,3833764,13.651,0.3260000000000005
NUMBER,Number,16.087,Millions,NUMBER,Number (real number),1959,Colombia,209,3837681,13.977,2.1099999999999994
NUMBER,Number,16.39,Millions,NUMBER,Number (real number),1960,Colombia,210,3841600,16.087,0.3030000000000008
NUMBER,Number,18.196,Millions,NUMBER,Number (real number),1961,Colombia,211,3845521,16.39,1.806000000000001
NUMBER,Number,19.419,Millions,NUMBER,Number (real number),1962,Colombia,212,3849444,18.196,1.222999999999999
NUMBER,Number,21.233,Millions,NUMBER,Number (real number),1963,Colombia,213,3853369,19.419,1.814
NUMBER,Number,21.683,Millions,NUMBER,Number (real number),1964,Colombia,214,3857296,21.233,0.4499999999999993
NUMBER,Number,22.859,Millions,NUMBER,Number (real number),1965,Colombia,215,3861225,21.683,1.176000000000002
NUMBER,Number,23.474,Millions,NUMBER,Number (real number),1966,Colombia,216,3865156,22.859,0.6149999999999984
NUMBER,Number,24.687,Millions,NUMBER,Number (real number),1967,Colombia,217,3869089,23.474,1.213000000000001
NUMBER,Number,26.573,Millions,NUMBER,Number (real number),1968,Colombia,218,3873024,24.687,1.8859999999999992
NUMBER,Number,28.016,Millions,NUMBER,Number (real number),1969,Colombia,219,3876961,26.573,1.4429999999999978
NUMBER,Number,28.37,Millions,NUMBER,Number (real number),1970,Colombia,220,3880900,28.016,0.35400000000000276
NUMBER,Number,30.281,Millions,NUMBER,Number (real number),1971,Colombia,221,3884841,28.37,1.9109999999999978
NUMBER,Number,31.425,Millions,NUMBER,Number (real number),1972,Colombia,222,3888784,30.281,1.144000000000002
NUMBER,Number,33.631,Millions,NUMBER,Number (real number),1973,Colombia,223,3892729,31.425,2.2059999999999995
NUMBER,Number,36.394,Millions,NUMBER,Number (real number),1974,Colombia,224,3896676,33.631,2.762999999999998
NUMBER,Number,35.809,Millions,NUMBER,Number (real number),1975,Colombia,225,3900625,36.394,-0.5850000000000009
NUMBER,Number,37.98,Millions,NUMBER,Number (real number),1976,Colombia,226,3904576,35.809,2.1709999999999994
NUMBER,Number,39.241,Millions,NUMBER,Number (real number),1977,Colombia,227,3908529,37.98,1.2610000000000028
NUMBER,Number,41.534,Millions,NUMBER,Number (real number),1978,Colombia,228,3912484,39.241,2.2929999999999993
NUMBER,Number,44.267,Millions,NUMBER,Number (real number),1979,Colombia,229,3916441,41.534,2.733000000000004
NUMBER,Number,44.174,Millions,NUMBER,Number (real number),1980,Colombia,230,3920400,44.267,-0.09300000000000352
NUMBER,Number,44.26,Millions,NUMBER,Number (real number),1981,Colombia,231,3924361,44.174,0.08599999999999852
NUMBER,Number,45.679,Millions,NUMBER,Number (real number),1982,Colombia,232,3928324,44.26,1.419000000000004
NUMBER,Number,49.21,Millions,NUMBER,Number (real number),1983,Colombia,233,3932289,45.679,3.530999999999999
NUMBER,Number,48.702,Millions,NUMBER,Number (real number),1984,Colombia,234,3936256,49.21,-0.5080000000000027
NUMBER,Number,48.079,Millions,NUMBER,Number (real number),1985,Colombia,235,3940225,48.702,-0.6229999999999976
NUMBER,Number,48.754,Millions,NUMBER,Number (real number),1986,Colombia,236,3944196,48.079,0.6749999999999972
NUMBER,Number,50.124,Millions,NUMBER,Number (real number),1987,Colombia,237,3948169,48.754,1.3700000000000045
NUMBER,Number,52.135,Millions,NUMBER,Number (real number),1988,Colombia,238,3952144,50.124,2.0109999999999957
NUMBER,Number,53.082,Millions,NUMBER,Number (real number),1989,Colombia,239,3956121,52.135,0.9470000000000027
NUMBER,Number,56.898,Millions,NUMBER,Number (real number),1990,Colombia,240,3960100,53.082,3.8160000000000025
NUMBER,Number,56.654,Millions,NUMBER,Number (real number),1991,Colombia,241,3964081,56.898,-0.24399999999999977
NUMBER,Number,61.495,Millions,NUMBER,Number (real number),1992,Colombia,242,3968064,56.654,4.840999999999994
NUMBER,Number,63.338,Millions,NUMBER,Number (real number),1993,Colombia,243,3972049,61.495,1.8430000000000035
NUMBER,Number,67.037,Millions,NUMBER,Number (real number),1994,Colombia,244,3976036,63.338,3.699000000000005
NUMBER,Number,59.421,Millions,NUMBER,Number (real number),1995,Colombia,245,3980025,67.037,-7.616000000000007
NUMBER,Number,59.913,Millions,NUMBER,Number (real number),1996,Colombia,246,3984016,59.421,0.49199999999999733
NUMBER,Number,65.256,Millions,NUMBER,Number (real number),1997,Colombia,247,3988009,59.913,5.3430000000000035
NUMBER,Number,65.799,Millions,NUMBER,Number (real number),1998,Colombia,248,3992004,65.256,0.5430000000000064
NUMBER,Number,55.476,Millions,NUMBER,Number (real number),1999,Colombia,249,3996001,65.799,-10.323000000000008
NUMBER,Number,56.591,Millions,NUMBER,Number (real number),2000,Colombia,250,4000000,55.476,1.115000000000002
NUMBER,Number,56.848,Millions,NUMBER,Number (real number),2001,Colombia,251,4004001,56.591,0.2569999999999979
NUMBER,Number,55.901,Millions,NUMBER,Number (real number),2002,Colombia,252,4008004,56.848,-0.9469999999999956
NUMBER,Number,57.378,Millions,NUMBER,Number (real number),2003,Colombia,253,4012009,55.901,1.4769999999999968
NUMBER,Number,54.647,Millions,NUMBER,Number (real number),2004,Colombia,254,4016016,57.378,-2.7310000000000016
NUMBER,Number,60.162,Millions,NUMBER,Number (real number),2005,Colombia,255,4020025,54.647,5.515000000000001
NUMBER,Number,62.304,Millions,NUMBER,Number (real number),2006,Colombia,256,4024036,60.162,2.142000000000003
NUMBER,Number,60.491,Millions,NUMBER,Number (real number),2007,Colombia,257,4028049,62.304,-1.8130000000000024
NUMBER,Number,66.964,Millions,NUMBER,Number (real number),2008,Colombia,258,4032064,60.491,6.472999999999999
NUMBER,Number,72.461,Millions,NUMBER,Number (real number),2009,Colombia,259,4036081,66.964,5.497
NUMBER,Number,76.266,Millions,NUMBER,Number (real number),2010,Colombia,260,4040100,72.461,3.805000000000007
NUMBER,Number,76.224,Millions,NUMBER,Number (real number),2011,Colombia,261,4044121,76.266,-0.04200000000000159
NUMBER,Number,80.255,Millions,NUMBER,Number (real number),2012,Colombia,262,4048144,76.224,4.030999999999992
NUMBER,Number,88.105,Millions,NUMBER,Number (real number),2013,Colombia,263,4052169,80.255,7.8500000000000085
NUMBER,Number,94.078,Millions,NUMBER,Number (real number),2014,Colombia,264,4056196,88.105,5.972999999999999
NUMBER,Number,98.064,Millions,NUMBER,Number (real number),2015,Colombia,265,4060225,94.078,3.98599999999999
NUMBER,Number,94.208,Millions,NUMBER,Number (real number),2016,Colombia,266,4064256,98.064,-3.8559999999999945
NUMBER,Number,86.61,Millions,NUMBER,Number (real number),2017,Colombia,267,4068289,94.208,-7.597999999999999
NUMBER,Number,86.731,Millions,NUMBER,Number (real number),2018,Colombia,268,4072324,86.61,0.12099999999999511
NUMBER,Number,94.498,Millions,NUMBER,Number (real number),2019,Colombia,269,4076361,86.731,7.76700000000001
NUMBER,Number,89.732,Millions,NUMBER,Number (real number),2020,Colombia,270,4080400,94.498,-4.766000000000005
NUMBER,Number,94.323,Millions,NUMBER,Number (real number),2021,Colombia,271,4084441,89.732,4.590999999999994
NUMBER,Number,98.293,Millions,NUMBER,Number (real number),2022,Colombia,272,4088484,94.323,3.970000000000013
NUMBER,Number,105.239,Millions,NUMBER,Number (real number),2023,Colombia,273,4092529,98.293,6.945999999999998
NUMBER,Number,0.011,Millions,NUMBER,Number (real number),1960,Comoros,210,3841600,0.011,0.0
NUMBER,Number,0.011,Millions,NUMBER,Number (real number),1961,Comoros,211,3845521,0.011,0.0
NUMBER,Number,0.011,Millions,NUMBER,Number (real number),1962,Comoros,212,3849444,0.011,0.0
NUMBER,Number,0.011,Millions,NUMBER,Number (real number),1963,Comoros,213,3853369,0.011,0.0
NUMBER,Number,0.011,Millions,NUMBER,Number (real number),1964,Comoros,214,3857296,0.011,0.0
NUMBER,Number,0.015,Millions,NUMBER,Number (real number),1965,Comoros,215,3861225,0.011,0.004
NUMBER,Number,0.018,Millions,NUMBER,Number (real number),1966,Comoros,216,3865156,0.015,0.002999999999999999
NUMBER,Number,0.018,Millions,NUMBER,Number (real number),1967,Comoros,217,3869089,0.018,0.0
NUMBER,Number,0.018,Millions,NUMBER,Number (real number),1968,Comoros,218,3873024,0.018,0.0
NUMBER,Number,0.018,Millions,NUMBER,Number (real number),1969,Comoros,219,3876961,0.018,0.0
NUMBER,Number,0.029,Millions,NUMBER,Number (real number),1970,Comoros,220,3880900,0.018,0.011000000000000003
NUMBER,Number,0.029,Millions,NUMBER,Number (real number),1971,Comoros,221,3884841,0.029,0.0
NUMBER,Number,0.029,Millions,NUMBER,Number (real number),1972,Comoros,222,3888784,0.029,0.0
NUMBER,Number,0.029,Millions,NUMBER,Number (real number),1973,Comoros,223,3892729,0.029,0.0
NUMBER,Number,0.029,Millions,NUMBER,Number (real number),1974,Comoros,224,3896676,0.029,0.0
NUMBER,Number,0.033,Millions,NUMBER,Number (real number),1975,Comoros,225,3900625,0.029,0.004
NUMBER,Number,0.04,Millions,NUMBER,Number (real number),1976,Comoros,226,3904576,0.033,0.006999999999999999
NUMBER,Number,0.04,Millions,NUMBER,Number (real number),1977,Comoros,227,3908529,0.04,0.0
NUMBER,Number,0.029,Millions,NUMBER,Number (real number),1978,Comoros,228,3912484,0.04,-0.011
NUMBER,Number,0.022,Millions,NUMBER,Number (real number),1979,Comoros,229,3916441,0.029,-0.007000000000000003
NUMBER,Number,0.048,Millions,NUMBER,Number (real number),1980,Comoros,230,3920400,0.022,0.026000000000000002
NUMBER,Number,0.048,Millions,NUMBER,Number (real number),1981,Comoros,231,3924361,0.048,0.0
NUMBER,Number,0.048,Millions,NUMBER,Number (real number),1982,Comoros,232,3928324,0.048,0.0
NUMBER,Number,0.048,Millions,NUMBER,Number (real number),1983,Comoros,233,3932289,0.048,0.0
NUMBER,Number,0.048,Millions,NUMBER,Number (real number),1984,Comoros,234,3936256,0.048,0.0
NUMBER,Number,0.048,Millions,NUMBER,Number (real number),1985,Comoros,235,3940225,0.048,0.0
NUMBER,Number,0.044,Millions,NUMBER,Number (real number),1986,Comoros,236,3944196,0.048,-0.0040000000000000036
NUMBER,Number,0.048,Millions,NUMBER,Number (real number),1987,Comoros,237,3948169,0.044,0.0040000000000000036
NUMBER,Number,0.051,Millions,NUMBER,Number (real number),1988,Comoros,238,3952144,0.048,0.0029999999999999957
NUMBER,Number,0.051,Millions,NUMBER,Number (real number),1989,Comoros,239,3956121,0.051,0.0
NUMBER,Number,0.066,Millions,NUMBER,Number (real number),1990,Comoros,240,3960100,0.051,0.015000000000000006
NUMBER,Number,0.066,Millions,NUMBER,Number (real number),1991,Comoros,241,3964081,0.066,0.0
NUMBER,Number,0.07,Millions,NUMBER,Number (real number),1992,Comoros,242,3968064,0.066,0.0040000000000000036
NUMBER,Number,0.073,Millions,NUMBER,Number (real number),1993,Comoros,243,3972049,0.07,0.002999999999999989
NUMBER,Number,0.073,Millions,NUMBER,Number (real number),1994,Comoros,244,3976036,0.073,0.0
NUMBER,Number,0.077,Millions,NUMBER,Number (real number),1995,Comoros,245,3980025,0.073,0.0040000000000000036
NUMBER,Number,0.081,Millions,NUMBER,Number (real number),1996,Comoros,246,3984016,0.077,0.0040000000000000036
NUMBER,Number,0.084,Millions,NUMBER,Number (real number),1997,Comoros,247,3988009,0.081,0.0030000000000000027
NUMBER,Number,0.092,Millions,NUMBER,Number (real number),1998,Comoros,248,3992004,0.084,0.007999999999999993
NUMBER,Number,0.095,Millions,NUMBER,Number (real number),1999,Comoros,249,3996001,0.092,0.0030000000000000027
NUMBER,Number,0.103,Millions,NUMBER,Number (real number),2000,Comoros,250,4000000,0.095,0.007999999999999993
NUMBER,Number,0.106,Millions,NUMBER,Number (real number),2001,Comoros,251,4004001,0.103,0.0030000000000000027
NUMBER,Number,0.106,Millions,NUMBER,Number (real number),2002,Comoros,252,4008004,0.106,0.0
NUMBER,Number,0.136,Millions,NUMBER,Number (real number),2003,Comoros,253,4012009,0.106,0.030000000000000013
NUMBER,Number,0.147,Millions,NUMBER,Number (real number),2004,Comoros,254,4016016,0.136,0.010999999999999982
NUMBER,Number,0.143,Millions,NUMBER,Number (real number),2005,Comoros,255,4020025,0.147,-0.0040000000000000036
NUMBER,Number,0.165,Millions,NUMBER,Number (real number),2006,Comoros,256,4024036,0.143,0.02200000000000002
NUMBER,Number,0.106,Millions,NUMBER,Number (real number),2007,Comoros,257,4028049,0.165,-0.05900000000000001
NUMBER,Number,0.11,Millions,NUMBER,Number (real number),2008,Comoros,258,4032064,0.106,0.0040000000000000036
NUMBER,Number,0.136,Millions,NUMBER,Number (real number),2009,Comoros,259,4036081,0.11,0.02600000000000001
NUMBER,Number,0.161,Millions,NUMBER,Number (real number),2010,Comoros,260,4040100,0.136,0.024999999999999994
NUMBER,Number,0.143,Millions,NUMBER,Number (real number),2011,Comoros,261,4044121,0.161,-0.018000000000000016
NUMBER,Number,0.154,Millions,NUMBER,Number (real number),2012,Comoros,262,4048144,0.143,0.01100000000000001
NUMBER,Number,0.183,Millions,NUMBER,Number (real number),2013,Comoros,263,4052169,0.154,0.028999999999999998
NUMBER,Number,0.161,Millions,NUMBER,Number (real number),2014,Comoros,264,4056196,0.183,-0.021999999999999992
NUMBER,Number,0.18,Millions,NUMBER,Number (real number),2015,Comoros,265,4060225,0.161,0.01899999999999999
NUMBER,Number,0.209,Millions,NUMBER,Number (real number),2016,Comoros,266,4064256,0.18,0.028999999999999998
NUMBER,Number,0.26,Millions,NUMBER,Number (real number),2017,Comoros,267,4068289,0.209,0.05100000000000002
NUMBER,Number,0.286,Millions,NUMBER,Number (real number),2018,Comoros,268,4072324,0.26,0.025999999999999968
NUMBER,Number,0.311,Millions,NUMBER,Number (real number),2019,Comoros,269,4076361,0.286,0.025000000000000022
NUMBER,Number,0.374,Millions,NUMBER,Number (real number),2020,Comoros,270,4080400,0.311,0.063
NUMBER,Number,0.498,Millions,NUMBER,Number (real number),2021,Comoros,271,4084441,0.374,0.124
NUMBER,Number,0.451,Millions,NUMBER,Number (real number),2022,Comoros,272,4088484,0.498,-0.046999999999999986
NUMBER,Number,0.449,Millions,NUMBER,Number (real number),2023,Comoros,273,4092529,0.451,-0.0020000000000000018
NUMBER,Number,0.007,Millions,NUMBER,Number (real number),1921,"Congo, Dem. Rep.",171,3690241,0.004,0.003
NUMBER,Number,0.081,Millions,NUMBER,Number (real number),1922,"Congo, Dem. Rep.",172,3694084,0.007,0.074
NUMBER,Number,0.161,Millions,NUMBER,Number (real number),1923,"Congo, Dem. Rep.",173,3697929,0.081,0.08
NUMBER,Number,0.216,Millions,NUMBER,Number (real number),1924,"Congo, Dem. Rep.",174,3701776,0.161,0.05499999999999999
NUMBER,Number,0.172,Millions,NUMBER,Number (real number),1925,"Congo, Dem. Rep.",175,3705625,0.216,-0.04400000000000001
NUMBER,Number,0.238,Millions,NUMBER,Number (real number),1926,"Congo, Dem. Rep.",176,3709476,0.172,0.066
NUMBER,Number,0.231,Millions,NUMBER,Number (real number),1927,"Congo, Dem. Rep.",177,3713329,0.238,-0.0069999999999999785
NUMBER,Number,0.282,Millions,NUMBER,Number (real number),1928,"Congo, Dem. Rep.",178,3717184,0.231,0.05099999999999996
NUMBER,Number,0.304,Millions,NUMBER,Number (real number),1929,"Congo, Dem. Rep.",179,3721041,0.282,0.02200000000000002
NUMBER,Number,0.388,Millions,NUMBER,Number (real number),1930,"Congo, Dem. Rep.",180,3724900,0.304,0.08400000000000002
NUMBER,Number,0.249,Millions,NUMBER,Number (real number),1931,"Congo, Dem. Rep.",181,3728761,0.388,-0.139
NUMBER,Number,0.051,Millions,NUMBER,Number (real number),1932,"Congo, Dem. Rep.",182,3732624,0.249,-0.198
NUMBER,Number,0.004,Millions,NUMBER,Number (real number),1933,"Congo, Dem. Rep.",183,3736489,0.051,-0.047
NUMBER,Number,0.018,Millions,NUMBER,Number (real number),1934,"Congo, Dem. Rep.",184,3740356,0.004,0.013999999999999999
NUMBER,Number,0.033,Millions,NUMBER,Number (real number),1935,"Congo, Dem. Rep.",185,3744225,0.018,0.015000000000000003
NUMBER,Number,0.04,Millions,NUMBER,Number (real number),1936,"Congo, Dem. Rep.",186,3748096,0.033,0.006999999999999999
NUMBER,Number,0.103,Millions,NUMBER,Number (real number),1937,"Congo, Dem. Rep.",187,3751969,0.04,0.063
NUMBER,Number,0.121,Millions,NUMBER,Number (real number),1938,"Congo, Dem. Rep.",188,3755844,0.103,0.018000000000000002
NUMBER,Number,0.088,Millions,NUMBER,Number (real number),1939,"Congo, Dem. Rep.",189,3759721,0.121,-0.033
NUMBER,Number,0.077,Millions,NUMBER,Number (real number),1940,"Congo, Dem. Rep.",190,3763600,0.088,-0.010999999999999996
NUMBER,Number,0.102,Millions,NUMBER,Number (real number),1941,"Congo, Dem. Rep.",191,3767481,0.077,0.024999999999999994
NUMBER,Number,0.143,Millions,NUMBER,Number (real number),1942,"Congo, Dem. Rep.",192,3771364,0.102,0.040999999999999995
NUMBER,Number,0.22,Millions,NUMBER,Number (real number),1943,"Congo, Dem. Rep.",193,3775249,0.143,0.07700000000000001
NUMBER,Number,0.172,Millions,NUMBER,Number (real number),1944,"Congo, Dem. Rep.",194,3779136,0.22,-0.048000000000000015
NUMBER,Number,0.172,Millions,NUMBER,Number (real number),1945,"Congo, Dem. Rep.",195,3783025,0.172,0.0
NUMBER,Number,0.311,Millions,NUMBER,Number (real number),1946,"Congo, Dem. Rep.",196,3786916,0.172,0.139
NUMBER,Number,0.326,Millions,NUMBER,Number (real number),1947,"Congo, Dem. Rep.",197,3790809,0.311,0.015000000000000013
NUMBER,Number,0.373,Millions,NUMBER,Number (real number),1948,"Congo, Dem. Rep.",198,3794704,0.326,0.046999999999999986
NUMBER,Number,0.476,Millions,NUMBER,Number (real number),1949,"Congo, Dem. Rep.",199,3798601,0.373,0.10299999999999998
NUMBER,Number,1.48,Millions,NUMBER,Number (real number),1950,"Congo, Dem. Rep.",200,3802500,0.476,1.004
NUMBER,Number,1.747,Millions,NUMBER,Number (real number),1951,"Congo, Dem. Rep.",201,3806401,1.48,0.2670000000000001
NUMBER,Number,2.084,Millions,NUMBER,Number (real number),1952,"Congo, Dem. Rep.",202,3810304,1.747,0.33699999999999997
NUMBER,Number,2.289,Millions,NUMBER,Number (real number),1953,"Congo, Dem. Rep.",203,3814209,2.084,0.20500000000000007
NUMBER,Number,2.816,Millions,NUMBER,Number (real number),1954,"Congo, Dem. Rep.",204,3818116,2.289,0.5269999999999997
NUMBER,Number,3.388,Millions,NUMBER,Number (real number),1955,"Congo, Dem. Rep.",205,3822025,2.816,0.5720000000000001
NUMBER,Number,3.175,Millions,NUMBER,Number (real number),1956,"Congo, Dem. Rep.",206,3825936,3.388,-0.21300000000000008
NUMBER,Number,3.329,Millions,NUMBER,Number (real number),1957,"Congo, Dem. Rep.",207,3829849,3.175,0.15400000000000036
NUMBER,Number,2.926,Millions,NUMBER,Number (real number),1958,"Congo, Dem. Rep.",208,3833764,3.329,-0.403
NUMBER,Number,2.699,Millions,NUMBER,Number (real number),1959,"Congo, Dem. Rep.",209,3837681,2.926,-0.2270000000000003
NUMBER,Number,2.319,Millions,NUMBER,Number (real number),1960,"Congo, Dem. Rep.",210,3841600,2.699,-0.3799999999999999
NUMBER,Number,2.355,Millions,NUMBER,Number (real number),1961,"Congo, Dem. Rep.",211,3845521,2.319,0.03600000000000003
NUMBER,Number,2.172,Millions,NUMBER,Number (real number),1962,"Congo, Dem. Rep.",212,3849444,2.355,-0.18299999999999983
NUMBER,Number,2.293,Millions,NUMBER,Number (real number),1963,"Congo, Dem. Rep.",213,3853369,2.172,0.121
NUMBER,Number,1.974,Millions,NUMBER,Number (real number),1964,"Congo, Dem. Rep.",214,3857296,2.293,-0.3190000000000002
NUMBER,Number,2.469,Millions,NUMBER,Number (real number),1965,"Congo, Dem. Rep.",215,3861225,1.974,0.4949999999999999
NUMBER,Number,2.403,Millions,NUMBER,Number (real number),1966,"Congo, Dem. Rep.",216,3865156,2.469,-0.06599999999999984
NUMBER,Number,2.289,Millions,NUMBER,Number (real number),1967,"Congo, Dem. Rep.",217,3869089,2.403,-0.11399999999999988
NUMBER,Number,3.366,Millions,NUMBER,Number (real number),1968,"Congo, Dem. Rep.",218,3873024,2.289,1.077
NUMBER,Number,3.648,Millions,NUMBER,Number (real number),1969,"Congo, Dem. Rep.",219,3876961,3.366,0.28200000000000003
NUMBER,Number,2.71,Millions,NUMBER,Number (real number),1970,"Congo, Dem. Rep.",220,3880900,3.648,-0.9380000000000002
NUMBER,Number,2.959,Millions,NUMBER,Number (real number),1971,"Congo, Dem. Rep.",221,3884841,2.71,0.2490000000000001
NUMBER,Number,3.017,Millions,NUMBER,Number (real number),1972,"Congo, Dem. Rep.",222,3888784,2.959,0.05799999999999983
NUMBER,Number,3.189,Millions,NUMBER,Number (real number),1973,"Congo, Dem. Rep.",223,3892729,3.017,0.17200000000000015
NUMBER,Number,3.365,Millions,NUMBER,Number (real number),1974,"Congo, Dem. Rep.",224,3896676,3.189,0.17600000000000016
NUMBER,Number,3.233,Millions,NUMBER,Number (real number),1975,"Congo, Dem. Rep.",225,3900625,3.365,-0.13200000000000012
NUMBER,Number,3.405,Millions,NUMBER,Number (real number),1976,"Congo, Dem. Rep.",226,3904576,3.233,0.1719999999999997
NUMBER,Number,3.477,Millions,NUMBER,Number (real number),1977,"Congo, Dem. Rep.",227,3908529,3.405,0.07200000000000006
NUMBER,Number,3.526,Millions,NUMBER,Number (real number),1978,"Congo, Dem. Rep.",228,3912484,3.477,0.04899999999999993
NUMBER,Number,3.74,Millions,NUMBER,Number (real number),1979,"Congo, Dem. Rep.",229,3916441,3.526,0.2140000000000004
NUMBER,Number,3.485,Millions,NUMBER,Number (real number),1980,"Congo, Dem. Rep.",230,3920400,3.74,-0.25500000000000034
NUMBER,Number,3.755,Millions,NUMBER,Number (real number),1981,"Congo, Dem. Rep.",231,3924361,3.485,0.27
NUMBER,Number,3.047,Millions,NUMBER,Number (real number),1982,"Congo, Dem. Rep.",232,3928324,3.755,-0.7079999999999997
NUMBER,Number,3.998,Millions,NUMBER,Number (real number),1983,"Congo, Dem. Rep.",233,3932289,3.047,0.9510000000000001
NUMBER,Number,3.932,Millions,NUMBER,Number (real number),1984,"Congo, Dem. Rep.",234,3936256,3.998,-0.06600000000000028
NUMBER,Number,3.612,Millions,NUMBER,Number (real number),1985,"Congo, Dem. Rep.",235,3940225,3.932,-0.31999999999999984
NUMBER,Number,3.346,Millions,NUMBER,Number (real number),1986,"Congo, Dem. Rep.",236,3944196,3.612,-0.266
NUMBER,Number,3.816,Millions,NUMBER,Number (real number),1987,"Congo, Dem. Rep.",237,3948169,3.346,0.46999999999999975
NUMBER,Number,3.978,Millions,NUMBER,Number (real number),1988,"Congo, Dem. Rep.",238,3952144,3.816,0.16200000000000037
NUMBER,Number,4.352,Millions,NUMBER,Number (real number),1989,"Congo, Dem. Rep.",239,3956121,3.978,0.3740000000000001
NUMBER,Number,4.249,Millions,NUMBER,Number (real number),1990,"Congo, Dem. Rep.",240,3960100,4.352,-0.10300000000000065
NUMBER,Number,3.133,Millions,NUMBER,Number (real number),1991,"Congo, Dem. Rep.",241,3964081,4.249,-1.1159999999999997
NUMBER,Number,2.808,Millions,NUMBER,Number (real number),1992,"Congo, Dem. Rep.",242,3968064,3.133,-0.3250000000000002
NUMBER,Number,2.662,Millions,NUMBER,Number (real number),1993,"Congo, Dem. Rep.",243,3972049,2.808,-0.1459999999999999
NUMBER,Number,2.751,Millions,NUMBER,Number (real number),1994,"Congo, Dem. Rep.",244,3976036,2.662,0.08899999999999997
NUMBER,Number,3.096,Millions,NUMBER,Number (real number),1995,"Congo, Dem. Rep.",245,3980025,2.751,0.3450000000000002
NUMBER,Number,3.473,Millions,NUMBER,Number (real number),1996,"Congo, Dem. Rep.",246,3984016,3.096,0.3769999999999998
NUMBER,Number,3.089,Millions,NUMBER,Number (real number),1997,"Congo, Dem. Rep.",247,3988009,3.473,-0.3839999999999999
NUMBER,Number,2.733,Millions,NUMBER,Number (real number),1998,"Congo, Dem. Rep.",248,3992004,3.089,-0.35599999999999987
NUMBER,Number,2.199,Millions,NUMBER,Number (real number),1999,"Congo, Dem. Rep.",249,3996001,2.733,-0.5340000000000003
NUMBER,Number,1.705,Millions,NUMBER,Number (real number),2000,"Congo, Dem. Rep.",250,4000000,2.199,-0.4939999999999998
NUMBER,Number,1.647,Millions,NUMBER,Number (real number),2001,"Congo, Dem. Rep.",251,4004001,1.705,-0.05800000000000005
NUMBER,Number,1.734,Millions,NUMBER,Number (real number),2002,"Congo, Dem. Rep.",252,4008004,1.647,0.08699999999999997
NUMBER,Number,2.096,Millions,NUMBER,Number (real number),2003,"Congo, Dem. Rep.",253,4012009,1.734,0.3620000000000001
NUMBER,Number,2.028,Millions,NUMBER,Number (real number),2004,"Congo, Dem. Rep.",254,4016016,2.096,-0.06800000000000006
NUMBER,Number,2.287,Millions,NUMBER,Number (real number),2005,"Congo, Dem. Rep.",255,4020025,2.028,0.2589999999999999
NUMBER,Number,2.352,Millions,NUMBER,Number (real number),2006,"Congo, Dem. Rep.",256,4024036,2.287,0.06499999999999995
NUMBER,Number,2.623,Millions,NUMBER,Number (real number),2007,"Congo, Dem. Rep.",257,4028049,2.352,0.27100000000000035
NUMBER,Number,2.685,Millions,NUMBER,Number (real number),2008,"Congo, Dem. Rep.",258,4032064,2.623,0.06199999999999983
NUMBER,Number,2.446,Millions,NUMBER,Number (real number),2009,"Congo, Dem. Rep.",259,4036081,2.685,-0.23899999999999988
NUMBER,Number,2.735,Millions,NUMBER,Number (real number),2010,"Congo, Dem. Rep.",260,4040100,2.446,0.2889999999999997
NUMBER,Number,3.041,Millions,NUMBER,Number (real number),2011,"Congo, Dem. Rep.",261,4044121,2.735,0.30600000000000005
NUMBER,Number,2.797,Millions,NUMBER,Number (real number),2012,"Congo, Dem. Rep.",262,4048144,3.041,-0.24399999999999977
NUMBER,Number,3.921,Millions,NUMBER,Number (real number),2013,"Congo, Dem. Rep.",263,4052169,2.797,1.1239999999999997
NUMBER,Number,5.066,Millions,NUMBER,Number (real number),2014,"Congo, Dem. Rep.",264,4056196,3.921,1.145
NUMBER,Number,3.274,Millions,NUMBER,Number (real number),2015,"Congo, Dem. Rep.",265,4060225,5.066,-1.7919999999999998
NUMBER,Number,2.659,Millions,NUMBER,Number (real number),2016,"Congo, Dem. Rep.",266,4064256,3.274,-0.6150000000000002
NUMBER,Number,2.917,Millions,NUMBER,Number (real number),2017,"Congo, Dem. Rep.",267,4068289,2.659,0.258
NUMBER,Number,3.774,Millions,NUMBER,Number (real number),2018,"Congo, Dem. Rep.",268,4072324,2.917,0.8570000000000002
NUMBER,Number,4.121,Millions,NUMBER,Number (real number),2019,"Congo, Dem. Rep.",269,4076361,3.774,0.3470000000000004
NUMBER,Number,4.302,Millions,NUMBER,Number (real number),2020,"Congo, Dem. Rep.",270,4080400,4.121,0.18099999999999916
NUMBER,Number,4.269,Millions,NUMBER,Number (real number),2021,"Congo, Dem. Rep.",271,4084441,4.302,-0.032999999999999474
NUMBER,Number,4.631,Millions,NUMBER,Number (real number),2022,"Congo, Dem. Rep.",272,4088484,4.269,0.3620000000000001
NUMBER,Number,4.616,Millions,NUMBER,Number (real number),2023,"Congo, Dem. Rep.",273,4092529,4.631,-0.015000000000000568
NUMBER,Number,0.118,Millions,NUMBER,Number (real number),1951,"Congo, Rep.",201,3806401,0.089,0.028999999999999998
NUMBER,Number,0.154,Millions,NUMBER,Number (real number),1952,"Congo, Rep.",202,3810304,0.118,0.036000000000000004
NUMBER,Number,0.13,Millions,NUMBER,Number (real number),1953,"Congo, Rep.",203,3814209,0.154,-0.023999999999999994
NUMBER,Number,0.137,Millions,NUMBER,Number (real number),1954,"Congo, Rep.",204,3818116,0.13,0.007000000000000006
NUMBER,Number,0.135,Millions,NUMBER,Number (real number),1955,"Congo, Rep.",205,3822025,0.137,-0.0020000000000000018
NUMBER,Number,0.176,Millions,NUMBER,Number (real number),1956,"Congo, Rep.",206,3825936,0.135,0.04099999999999998
NUMBER,Number,0.189,Millions,NUMBER,Number (real number),1957,"Congo, Rep.",207,3829849,0.176,0.013000000000000012
NUMBER,Number,0.216,Millions,NUMBER,Number (real number),1958,"Congo, Rep.",208,3833764,0.189,0.026999999999999996
NUMBER,Number,0.187,Millions,NUMBER,Number (real number),1959,"Congo, Rep.",209,3837681,0.216,-0.028999999999999998
NUMBER,Number,0.224,Millions,NUMBER,Number (real number),1960,"Congo, Rep.",210,3841600,0.187,0.037000000000000005
NUMBER,Number,0.267,Millions,NUMBER,Number (real number),1961,"Congo, Rep.",211,3845521,0.224,0.04300000000000001
NUMBER,Number,0.238,Millions,NUMBER,Number (real number),1962,"Congo, Rep.",212,3849444,0.267,-0.029000000000000026
NUMBER,Number,0.234,Millions,NUMBER,Number (real number),1963,"Congo, Rep.",213,3853369,0.238,-0.003999999999999976
NUMBER,Number,0.267,Millions,NUMBER,Number (real number),1964,"Congo, Rep.",214,3857296,0.234,0.033
NUMBER,Number,0.245,Millions,NUMBER,Number (real number),1965,"Congo, Rep.",215,3861225,0.267,-0.02200000000000002
NUMBER,Number,0.308,Millions,NUMBER,Number (real number),1966,"Congo, Rep.",216,3865156,0.245,0.063
NUMBER,Number,0.322,Millions,NUMBER,Number (real number),1967,"Congo, Rep.",217,3869089,0.308,0.014000000000000012
NUMBER,Number,0.451,Millions,NUMBER,Number (real number),1968,"Congo, Rep.",218,3873024,0.322,0.129
NUMBER,Number,0.502,Millions,NUMBER,Number (real number),1969,"Congo, Rep.",219,3876961,0.451,0.05099999999999999
NUMBER,Number,0.572,Millions,NUMBER,Number (real number),1970,"Congo, Rep.",220,3880900,0.502,0.06999999999999995
NUMBER,Number,0.685,Millions,NUMBER,Number (real number),1971,"Congo, Rep.",221,3884841,0.572,0.1130000000000001
NUMBER,Number,0.663,Millions,NUMBER,Number (real number),1972,"Congo, Rep.",222,3888784,0.685,-0.02200000000000002
NUMBER,Number,1.22,Millions,NUMBER,Number (real number),1973,"Congo, Rep.",223,3892729,0.663,0.5569999999999999
NUMBER,Number,1.623,Millions,NUMBER,Number (real number),1974,"Congo, Rep.",224,3896676,1.22,0.403
NUMBER,Number,1.099,Millions,NUMBER,Number (real number),1975,"Congo, Rep.",225,3900625,1.623,-0.524
NUMBER,Number,1.235,Millions,NUMBER,Number (real number),1976,"Congo, Rep.",226,3904576,1.099,0.13600000000000012
NUMBER,Number,0.48,Millions,NUMBER,Number (real number),1977,"Congo, Rep.",227,3908529,1.235,-0.7550000000000001
NUMBER,Number,0.322,Millions,NUMBER,Number (real number),1978,"Congo, Rep.",228,3912484,0.48,-0.15799999999999997
NUMBER,Number,0.348,Millions,NUMBER,Number (real number),1979,"Congo, Rep.",229,3916441,0.322,0.025999999999999968
NUMBER,Number,0.406,Millions,NUMBER,Number (real number),1980,"Congo, Rep.",230,3920400,0.348,0.05800000000000005
NUMBER,Number,0.471,Millions,NUMBER,Number (real number),1981,"Congo, Rep.",231,3924361,0.406,0.06499999999999995
NUMBER,Number,1.343,Millions,NUMBER,Number (real number),1982,"Congo, Rep.",232,3928324,0.471,0.872
NUMBER,Number,1.142,Millions,NUMBER,Number (real number),1983,"Congo, Rep.",233,3932289,1.343,-0.20100000000000007
NUMBER,Number,1.14,Millions,NUMBER,Number (real number),1984,"Congo, Rep.",234,3936256,1.142,-0.0020000000000000018
NUMBER,Number,1.275,Millions,NUMBER,Number (real number),1985,"Congo, Rep.",235,3940225,1.14,0.135
NUMBER,Number,1.062,Millions,NUMBER,Number (real number),1986,"Congo, Rep.",236,3944196,1.275,-0.21299999999999986
NUMBER,Number,1.32,Millions,NUMBER,Number (real number),1987,"Congo, Rep.",237,3948169,1.062,0.258
NUMBER,Number,1.493,Millions,NUMBER,Number (real number),1988,"Congo, Rep.",238,3952144,1.32,0.17300000000000004
NUMBER,Number,1.496,Millions,NUMBER,Number (real number),1989,"Congo, Rep.",239,3956121,1.493,0.0029999999999998916
NUMBER,Number,1.008,Millions,NUMBER,Number (real number),1990,"Congo, Rep.",240,3960100,1.496,-0.488
NUMBER,Number,1.083,Millions,NUMBER,Number (real number),1991,"Congo, Rep.",241,3964081,1.008,0.07499999999999996
NUMBER,Number,1.289,Millions,NUMBER,Number (real number),1992,"Congo, Rep.",242,3968064,1.083,0.20599999999999996
NUMBER,Number,1.16,Millions,NUMBER,Number (real number),1993,"Congo, Rep.",243,3972049,1.289,-0.129
NUMBER,Number,3.384,Millions,NUMBER,Number (real number),1994,"Congo, Rep.",244,3976036,1.16,2.224
NUMBER,Number,3.225,Millions,NUMBER,Number (real number),1995,"Congo, Rep.",245,3980025,3.384,-0.1589999999999998
NUMBER,Number,4.037,Millions,NUMBER,Number (real number),1996,"Congo, Rep.",246,3984016,3.225,0.8119999999999998
NUMBER,Number,4.831,Millions,NUMBER,Number (real number),1997,"Congo, Rep.",247,3988009,4.037,0.7940000000000005
NUMBER,Number,3.869,Millions,NUMBER,Number (real number),1998,"Congo, Rep.",248,3992004,4.831,-0.9620000000000002
NUMBER,Number,3.916,Millions,NUMBER,Number (real number),1999,"Congo, Rep.",249,3996001,3.869,0.04699999999999971
NUMBER,Number,4.284,Millions,NUMBER,Number (real number),2000,"Congo, Rep.",250,4000000,3.916,0.3679999999999999
NUMBER,Number,4.178,Millions,NUMBER,Number (real number),2001,"Congo, Rep.",251,4004001,4.284,-0.10599999999999987
NUMBER,Number,2.72,Millions,NUMBER,Number (real number),2002,"Congo, Rep.",252,4008004,4.178,-1.4579999999999997
NUMBER,Number,3.258,Millions,NUMBER,Number (real number),2003,"Congo, Rep.",253,4012009,2.72,0.5379999999999998
NUMBER,Number,3.549,Millions,NUMBER,Number (real number),2004,"Congo, Rep.",254,4016016,3.258,0.2909999999999999
NUMBER,Number,4.352,Millions,NUMBER,Number (real number),2005,"Congo, Rep.",255,4020025,3.549,0.8030000000000004
NUMBER,Number,4.786,Millions,NUMBER,Number (real number),2006,"Congo, Rep.",256,4024036,4.352,0.4339999999999993
NUMBER,Number,4.259,Millions,NUMBER,Number (real number),2007,"Congo, Rep.",257,4028049,4.786,-0.5269999999999992
NUMBER,Number,4.27,Millions,NUMBER,Number (real number),2008,"Congo, Rep.",258,4032064,4.259,0.010999999999999233
NUMBER,Number,4.944,Millions,NUMBER,Number (real number),2009,"Congo, Rep.",259,4036081,4.27,0.6740000000000004
NUMBER,Number,5.5,Millions,NUMBER,Number (real number),2010,"Congo, Rep.",260,4040100,4.944,0.556
NUMBER,Number,5.046,Millions,NUMBER,Number (real number),2011,"Congo, Rep.",261,4044121,5.5,-0.45399999999999974
NUMBER,Number,5.018,Millions,NUMBER,Number (real number),2012,"Congo, Rep.",262,4048144,5.046,-0.02800000000000047
NUMBER,Number,5.89,Millions,NUMBER,Number (real number),2013,"Congo, Rep.",263,4052169,5.018,0.8719999999999999
NUMBER,Number,5.471,Millions,NUMBER,Number (real number),2014,"Congo, Rep.",264,4056196,5.89,-0.4189999999999996
NUMBER,Number,5.637,Millions,NUMBER,Number (real number),2015,"Congo, Rep.",265,4060225,5.471,0.16599999999999948
NUMBER,Number,5.729,Millions,NUMBER,Number (real number),2016,"Congo, Rep.",266,4064256,5.637,0.09200000000000053
NUMBER,Number,5.653,Millions,NUMBER,Number (real number),2017,"Congo, Rep.",267,4068289,5.729,-0.07600000000000051
NUMBER,Number,6.547,Millions,NUMBER,Number (real number),2018,"Congo, Rep.",268,4072324,5.653,0.8940000000000001
NUMBER,Number,7.294,Millions,NUMBER,Number (real number),2019,"Congo, Rep.",269,4076361,6.547,0.7469999999999999
NUMBER,Number,7.677,Millions,NUMBER,Number (real number),2020,"Congo, Rep.",270,4080400,7.294,0.383
NUMBER,Number,7.415,Millions,NUMBER,Number (real number),2021,"Congo, Rep.",271,4084441,7.677,-0.26199999999999957
NUMBER,Number,8.111,Millions,NUMBER,Number (real number),2022,"Congo, Rep.",272,4088484,7.415,0.6960000000000006
NUMBER,Number,7.674,Millions,NUMBER,Number (real number),2023,"Congo, Rep.",273,4092529,8.111,-0.4370000000000003
NUMBER,Number,0.0,Millions,NUMBER,Number (real number),1871,Costa Rica,121,3500641,0.0,0.0
NUMBER,Number,0.0,Millions,NUMBER,Number (real number),1872,Costa Rica,122,3504384,0.0,0.0
NUMBER,Number,0.0,Millions,NUMBER,Number (real number),1873,Costa Rica,123,3508129,0.0,0.0
NUMBER,Number,0.0,Millions,NUMBER,Number (real number),1874,Costa Rica,124,3511876,0.0,0.0
NUMBER,Number,0.0,Millions,NUMBER,Number (real number),1875,Costa Rica,125,3515625,0.0,0.0
NUMBER,Number,0.0,Millions,NUMBER,Number (real number),1876,Costa Rica,126,3519376,0.0,0.0
NUMBER,Number,0.0,Millions,NUMBER,Number (real number),1877,Costa Rica,127,3523129,0.0,0.0
NUMBER,Number,0.001,Millions,NUMBER,Number (real number),1878,Costa Rica,128,3526884,0.0,0.001
NUMBER,Number,0.001,Millions,NUMBER,Number (real number),1879,Costa Rica,129,3530641,0.001,0.0
NUMBER,Number,0.001,Millions,NUMBER,Number (real number),1880,Costa Rica,130,3534400,0.001,0.0
NUMBER,Number,0.0,Millions,NUMBER,Number (real number),1881,Costa Rica,131,3538161,0.001,-0.001
NUMBER,Number,0.0,Millions,NUMBER,Number (real number),1882,Costa Rica,132,3541924,0.0,0.0
NUMBER,Number,0.001,Millions,NUMBER,Number (real number),1883,Costa Rica,133,3545689,0.0,0.001
NUMBER,Number,0.002,Millions,NUMBER,Number (real number),1884,Costa Rica,134,3549456,0.001,0.001
NUMBER,Number,0.001,Millions,NUMBER,Number (real number),1885,Costa Rica,135,3553225,0.002,-0.001
NUMBER,Number,0.003,Millions,NUMBER,Number (real number),1886,Costa Rica,136,3556996,0.001,0.002
NUMBER,Number,0.002,Millions,NUMBER,Number (real number),1887,Costa Rica,137,3560769,0.003,-0.001
NUMBER,Number,0.001,Millions,NUMBER,Number (real number),1888,Costa Rica,138,3564544,0.002,-0.001
NUMBER,Number,0.006,Millions,NUMBER,Number (real number),1889,Costa Rica,139,3568321,0.001,0.005
NUMBER,Number,0.016,Millions,NUMBER,Number (real number),1890,Costa Rica,140,3572100,0.006,0.01
NUMBER,Number,0.012,Millions,NUMBER,Number (real number),1891,Costa Rica,141,3575881,0.016,-0.004
NUMBER,Number,0.036,Millions,NUMBER,Number (real number),1892,Costa Rica,142,3579664,0.012,0.023999999999999997
NUMBER,Number,0.028,Millions,NUMBER,Number (real number),1893,Costa Rica,143,3583449,0.036,-0.007999999999999997
NUMBER,Number,0.03,Millions,NUMBER,Number (real number),1894,Costa Rica,144,3587236,0.028,0.0019999999999999983
NUMBER,Number,0.023,Millions,NUMBER,Number (real number),1895,Costa Rica,145,3591025,0.03,-0.006999999999999999
NUMBER,Number,0.027,Millions,NUMBER,Number (real number),1896,Costa Rica,146,3594816,0.023,0.004
NUMBER,Number,0.023,Millions,NUMBER,Number (real number),1897,Costa Rica,147,3598609,0.027,-0.004
NUMBER,Number,0.033,Millions,NUMBER,Number (real number),1898,Costa Rica,148,3602404,0.023,0.010000000000000002
NUMBER,Number,0.03,Millions,NUMBER,Number (real number),1899,Costa Rica,149,3606201,0.033,-0.0030000000000000027
NUMBER,Number,0.03,Millions,NUMBER,Number (real number),1900,Costa Rica,150,3610000,0.03,0.0
NUMBER,Number,0.032,Millions,NUMBER,Number (real number),1901,Costa Rica,151,3613801,0.03,0.0020000000000000018
NUMBER,Number,0.022,Millions,NUMBER,Number (real number),1902,Costa Rica,152,3617604,0.032,-0.010000000000000002
NUMBER,Number,0.038,Millions,NUMBER,Number (real number),1903,Costa Rica,153,3621409,0.022,0.016
NUMBER,Number,0.035,Millions,NUMBER,Number (real number),1904,Costa Rica,154,3625216,0.038,-0.0029999999999999957
NUMBER,Number,0.024,Millions,NUMBER,Number (real number),1905,Costa Rica,155,3629025,0.035,-0.011000000000000003
NUMBER,Number,0.077,Millions,NUMBER,Number (real number),1906,Costa Rica,156,3632836,0.024,0.053
NUMBER,Number,0.062,Millions,NUMBER,Number (real number),1907,Costa Rica,157,3636649,0.077,-0.015
NUMBER,Number,0.09,Millions,NUMBER,Number (real number),1908,Costa Rica,158,3640464,0.062,0.027999999999999997
NUMBER,Number,0.052,Millions,NUMBER,Number (real number),1909,Costa Rica,159,3644281,0.09,-0.038
NUMBER,Number,0.098,Millions,NUMBER,Number (real number),1910,Costa Rica,160,3648100,0.052,0.046000000000000006
NUMBER,Number,0.111,Millions,NUMBER,Number (real number),1911,Costa Rica,161,3651921,0.098,0.012999999999999998
NUMBER,Number,0.112,Millions,NUMBER,Number (real number),1912,Costa Rica,162,3655744,0.111,0.0010000000000000009
NUMBER,Number,0.112,Millions,NUMBER,Number (real number),1913,Costa Rica,163,3659569,0.112,0.0
NUMBER,Number,0.099,Millions,NUMBER,Number (real number),1914,Costa Rica,164,3663396,0.112,-0.012999999999999998
NUMBER,Number,0.072,Millions,NUMBER,Number (real number),1915,Costa Rica,165,3667225,0.099,-0.02700000000000001
NUMBER,Number,0.058,Millions,NUMBER,Number (real number),1916,Costa Rica,166,3671056,0.072,-0.013999999999999992
NUMBER,Number,0.027,Millions,NUMBER,Number (real number),1917,Costa Rica,167,3674889,0.058,-0.031000000000000003
NUMBER,Number,0.004,Millions,NUMBER,Number (real number),1918,Costa Rica,168,3678724,0.027,-0.023
NUMBER,Number,0.031,Millions,NUMBER,Number (real number),1919,Costa Rica,169,3682561,0.004,0.027
NUMBER,Number,0.036,Millions,NUMBER,Number (real number),1920,Costa Rica,170,3686400,0.031,0.0049999999999999975
NUMBER,Number,0.009,Millions,NUMBER,Number (real number),1921,Costa Rica,171,3690241,0.036,-0.026999999999999996
NUMBER,Number,0.006,Millions,NUMBER,Number (real number),1922,Costa Rica,172,3694084,0.009,-0.002999999999999999
NUMBER,Number,0.008,Millions,NUMBER,Number (real number),1923,Costa Rica,173,3697929,0.006,0.002
NUMBER,Number,0.009,Millions,NUMBER,Number (real number),1924,Costa Rica,174,3701776,0.008,0.0009999999999999992
NUMBER,Number,0.003,Millions,NUMBER,Number (real number),1925,Costa Rica,175,3705625,0.009,-0.005999999999999999
NUMBER,Number,0.002,Millions,NUMBER,Number (real number),1926,Costa Rica,176,3709476,0.003,-0.001
NUMBER,Number,0.002,Millions,NUMBER,Number (real number),1927,Costa Rica,177,3713329,0.002,0.0
NUMBER,Number,0.02,Millions,NUMBER,Number (real number),1928,Costa Rica,178,3717184,0.002,0.018000000000000002
NUMBER,Number,0.02,Millions,NUMBER,Number (real number),1929,Costa Rica,179,3721041,0.02,0.0
NUMBER,Number,0.011,Millions,NUMBER,Number (real number),1930,Costa Rica,180,3724900,0.02,-0.009000000000000001
NUMBER,Number,0.006,Millions,NUMBER,Number (real number),1931,Costa Rica,181,3728761,0.011,-0.004999999999999999
NUMBER,Number,0.007,Millions,NUMBER,Number (real number),1932,Costa Rica,182,3732624,0.006,0.001
NUMBER,Number,0.0,Millions,NUMBER,Number (real number),1933,Costa Rica,183,3736489,0.007,-0.007
NUMBER,Number,0.0,Millions,NUMBER,Number (real number),1934,Costa Rica,184,3740356,0.0,0.0
NUMBER,Number,0.008,Millions,NUMBER,Number (real number),1935,Costa Rica,185,3744225,0.0,0.008
NUMBER,Number,0.001,Millions,NUMBER,Number (real number),1936,Costa Rica,186,3748096,0.008,-0.007
NUMBER,Number,0.008,Millions,NUMBER,Number (real number),1937,Costa Rica,187,3751969,0.001,0.007
NUMBER,Number,0.001,Millions,NUMBER,Number (real number),1938,Costa Rica,188,3755844,0.008,-0.007
NUMBER,Number,0.0,Millions,NUMBER,Number (real number),1939,Costa Rica,189,3759721,0.001,-0.001
NUMBER,Number,0.004,Millions,NUMBER,Number (real number),1940,Costa Rica,190,3763600,0.0,0.004
NUMBER,Number,0.0,Millions,NUMBER,Number (real number),1941,Costa Rica,191,3767481,0.004,-0.004
NUMBER,Number,0.001,Millions,NUMBER,Number (real number),1942,Costa Rica,192,3771364,0.0,0.001
NUMBER,Number,0.001,Millions,NUMBER,Number (real number),1943,Costa Rica,193,3775249,0.001,0.0
NUMBER,Number,0.006,Millions,NUMBER,Number (real number),1944,Costa Rica,194,3779136,0.001,0.005
NUMBER,Number,0.0,Millions,NUMBER,Number (real number),1945,Costa Rica,195,3783025,0.006,-0.006
NUMBER,Number,0.0,Millions,NUMBER,Number (real number),1946,Costa Rica,196,3786916,0.0,0.0
NUMBER,Number,0.0,Millions,NUMBER,Number (real number),1947,Costa Rica,197,3790809,0.0,0.0
NUMBER,Number,0.008,Millions,NUMBER,Number (real number),1948,Costa Rica,198,3794704,0.0,0.008
NUMBER,Number,0.0,Millions,NUMBER,Number (real number),1949,Costa Rica,199,3798601,0.008,-0.008
NUMBER,Number,0.286,Millions,NUMBER,Number (real number),1950,Costa Rica,200,3802500,0.0,0.286
NUMBER,Number,0.312,Millions,NUMBER,Number (real number),1951,Costa Rica,201,3806401,0.286,0.026000000000000023
NUMBER,Number,0.388,Millions,NUMBER,Number (real number),1952,Costa Rica,202,3810304,0.312,0.07600000000000001
NUMBER,Number,0.432,Millions,NUMBER,Number (real number),1953,Costa Rica,203,3814209,0.388,0.043999999999999984
NUMBER,Number,0.407,Millions,NUMBER,Number (real number),1954,Costa Rica,204,3818116,0.432,-0.025000000000000022
NUMBER,Number,0.348,Millions,NUMBER,Number (real number),1955,Costa Rica,205,3822025,0.407,-0.059
NUMBER,Number,0.484,Millions,NUMBER,Number (real number),1956,Costa Rica,206,3825936,0.348,0.136
NUMBER,Number,0.462,Millions,NUMBER,Number (real number),1957,Costa Rica,207,3829849,0.484,-0.021999999999999964
NUMBER,Number,0.447,Millions,NUMBER,Number (real number),1958,Costa Rica,208,3833764,0.462,-0.015000000000000013
NUMBER,Number,0.385,Millions,NUMBER,Number (real number),1959,Costa Rica,209,3837681,0.447,-0.062
NUMBER,Number,0.491,Millions,NUMBER,Number (real number),1960,Costa Rica,210,3841600,0.385,0.10599999999999998
NUMBER,Number,0.491,Millions,NUMBER,Number (real number),1961,Costa Rica,211,3845521,0.491,0.0
NUMBER,Number,0.55,Millions,NUMBER,Number (real number),1962,Costa Rica,212,3849444,0.491,0.05900000000000005
NUMBER,Number,0.601,Millions,NUMBER,Number (real number),1963,Costa Rica,213,3853369,0.55,0.050999999999999934
NUMBER,Number,0.674,Millions,NUMBER,Number (real number),1964,Costa Rica,214,3857296,0.601,0.07300000000000006
NUMBER,Number,0.846,Millions,NUMBER,Number (real number),1965,Costa Rica,215,3861225,0.674,0.17199999999999993
NUMBER,Number,0.992,Millions,NUMBER,Number (real number),1966,Costa Rica,216,3865156,0.846,0.14600000000000002
NUMBER,Number,0.875,Millions,NUMBER,Number (real number),1967,Costa Rica,217,3869089,0.992,-0.11699999999999999
NUMBER,Number,1.036,Millions,NUMBER,Number (real number),1968,Costa Rica,218,3873024,0.875,0.16100000000000003
NUMBER,Number,1.146,Millions,NUMBER,Number (real number),1969,Costa Rica,219,3876961,1.036,0.10999999999999988
NUMBER,Number,1.249,Millions,NUMBER,Number (real number),1970,Costa Rica,220,3880900,1.146,0.1030000000000002
NUMBER,Number,1.527,Millions,NUMBER,Number (real number),1971,Costa Rica,221,3884841,1.249,0.2779999999999998
NUMBER,Number,1.761,Millions,NUMBER,Number (real number),1972,Costa Rica,222,3888784,1.527,0.23399999999999999
NUMBER,Number,2.043,Millions,NUMBER,Number (real number),1973,Costa Rica,223,3892729,1.761,0.28200000000000025
NUMBER,Number,1.904,Millions,NUMBER,Number (real number),1974,Costa Rica,224,3896676,2.043,-0.13900000000000023
NUMBER,Number,2.036,Millions,NUMBER,Number (real number),1975,Costa Rica,225,3900625,1.904,0.13200000000000012
NUMBER,Number,2.082,Millions,NUMBER,Number (real number),1976,Costa Rica,226,3904576,2.036,0.04599999999999982
NUMBER,Number,2.607,Millions,NUMBER,Number (real number),1977,Costa Rica,227,3908529,2.082,0.5250000000000004
NUMBER,Number,2.912,Millions,NUMBER,Number (real number),1978,Costa Rica,228,3912484,2.607,0.3049999999999997
NUMBER,Number,2.781,Millions,NUMBER,Number (real number),1979,Costa Rica,229,3916441,2.912,-0.13099999999999978
NUMBER,Number,2.448,Millions,NUMBER,Number (real number),1980,Costa Rica,230,3920400,2.781,-0.3330000000000002
NUMBER,Number,2.236,Millions,NUMBER,Number (real number),1981,Costa Rica,231,3924361,2.448,-0.21199999999999974
NUMBER,Number,2.071,Millions,NUMBER,Number (real number),1982,Costa Rica,232,3928324,2.236,-0.16500000000000004
NUMBER,Number,2.089,Millions,NUMBER,Number (real number),1983,Costa Rica,233,3932289,2.071,0.017999999999999794
NUMBER,Number,1.981,Millions,NUMBER,Number (real number),1984,Costa Rica,234,3936256,2.089,-0.10799999999999987
NUMBER,Number,2.242,Millions,NUMBER,Number (real number),1985,Costa Rica,235,3940225,1.981,0.2609999999999999
NUMBER,Number,2.578,Millions,NUMBER,Number (real number),1986,Costa Rica,236,3944196,2.242,0.33599999999999985
NUMBER,Number,2.724,Millions,NUMBER,Number (real number),1987,Costa Rica,237,3948169,2.578,0.14600000000000035
NUMBER,Number,2.906,Millions,NUMBER,Number (real number),1988,Costa Rica,238,3952144,2.724,0.18199999999999994
NUMBER,Number,2.933,Millions,NUMBER,Number (real number),1989,Costa Rica,239,3956121,2.906,0.02699999999999969
NUMBER,Number,2.913,Millions,NUMBER,Number (real number),1990,Costa Rica,240,3960100,2.933,-0.020000000000000018
NUMBER,Number,3.288,Millions,NUMBER,Number (real number),1991,Costa Rica,241,3964081,2.913,0.375
NUMBER,Number,3.742,Millions,NUMBER,Number (real number),1992,Costa Rica,242,3968064,3.288,0.4540000000000002
NUMBER,Number,3.891,Millions,NUMBER,Number (real number),1993,Costa Rica,243,3972049,3.742,0.14900000000000002
NUMBER,Number,5.2,Millions,NUMBER,Number (real number),1994,Costa Rica,244,3976036,3.891,1.3090000000000002
NUMBER,Number,4.801,Millions,NUMBER,Number (real number),1995,Costa Rica,245,3980025,5.2,-0.399
NUMBER,Number,4.686,Millions,NUMBER,Number (real number),1996,Costa Rica,246,3984016,4.801,-0.11500000000000021
NUMBER,Number,4.916,Millions,NUMBER,Number (real number),1997,Costa Rica,247,3988009,4.686,0.23000000000000043
NUMBER,Number,5.234,Millions,NUMBER,Number (real number),1998,Costa Rica,248,3992004,4.916,0.3179999999999996
NUMBER,Number,5.438,Millions,NUMBER,Number (real number),1999,Costa Rica,249,3996001,5.234,0.20399999999999974
NUMBER,Number,5.394,Millions,NUMBER,Number (real number),2000,Costa Rica,250,4000000,5.438,-0.043999999999999595
NUMBER,Number,5.667,Millions,NUMBER,Number (real number),2001,Costa Rica,251,4004001,5.394,0.2729999999999997
NUMBER,Number,6.245,Millions,NUMBER,Number (real number),2002,Costa Rica,252,4008004,5.667,0.5780000000000003
NUMBER,Number,6.583,Millions,NUMBER,Number (real number),2003,Costa Rica,253,4012009,6.245,0.3380000000000001
NUMBER,Number,6.842,Millions,NUMBER,Number (real number),2004,Costa Rica,254,4016016,6.583,0.25899999999999945
NUMBER,Number,6.723,Millions,NUMBER,Number (real number),2005,Costa Rica,255,4020025,6.842,-0.11899999999999977
NUMBER,Number,7.007,Millions,NUMBER,Number (real number),2006,Costa Rica,256,4024036,6.723,0.2839999999999998
NUMBER,Number,7.961,Millions,NUMBER,Number (real number),2007,Costa Rica,257,4028049,7.007,0.9540000000000006
NUMBER,Number,7.99,Millions,NUMBER,Number (real number),2008,Costa Rica,258,4032064,7.961,0.028999999999999915
NUMBER,Number,7.748,Millions,NUMBER,Number (real number),2009,Costa Rica,259,4036081,7.99,-0.242
NUMBER,Number,7.493,Millions,NUMBER,Number (real number),2010,Costa Rica,260,4040100,7.748,-0.2549999999999999
NUMBER,Number,7.311,Millions,NUMBER,Number (real number),2011,Costa Rica,261,4044121,7.493,-0.18200000000000038
NUMBER,Number,7.26,Millions,NUMBER,Number (real number),2012,Costa Rica,262,4048144,7.311,-0.051000000000000156
NUMBER,Number,7.632,Millions,NUMBER,Number (real number),2013,Costa Rica,263,4052169,7.26,0.3719999999999999
NUMBER,Number,7.748,Millions,NUMBER,Number (real number),2014,Costa Rica,264,4056196,7.632,0.11600000000000055
NUMBER,Number,7.406,Millions,NUMBER,Number (real number),2015,Costa Rica,265,4060225,7.748,-0.3420000000000005
NUMBER,Number,7.856,Millions,NUMBER,Number (real number),2016,Costa Rica,266,4064256,7.406,0.4500000000000002
NUMBER,Number,8.029,Millions,NUMBER,Number (real number),2017,Costa Rica,267,4068289,7.856,0.17300000000000004
NUMBER,Number,8.012,Millions,NUMBER,Number (real number),2018,Costa Rica,268,4072324,8.029,-0.01699999999999946
NUMBER,Number,7.698,Millions,NUMBER,Number (real number),2019,Costa Rica,269,4076361,8.012,-0.31400000000000006
NUMBER,Number,6.771,Millions,NUMBER,Number (real number),2020,Costa Rica,270,4080400,7.698,-0.9270000000000005
NUMBER,Number,7.647,Millions,NUMBER,Number (real number),2021,Costa Rica,271,4084441,6.771,0.8760000000000003
NUMBER,Number,7.847,Millions,NUMBER,Number (real number),2022,Costa Rica,272,4088484,7.647,0.20000000000000018
NUMBER,Number,8.279,Millions,NUMBER,Number (real number),2023,Costa Rica,273,4092529,7.847,0.4319999999999995
NUMBER,Number,0.461,Millions,NUMBER,Number (real number),1951,Cote d'Ivoire,201,3806401,0.551,-0.09000000000000002
NUMBER,Number,0.515,Millions,NUMBER,Number (real number),1952,Cote d'Ivoire,202,3810304,0.461,0.05399999999999999
NUMBER,Number,0.428,Millions,NUMBER,Number (real number),1953,Cote d'Ivoire,203,3814209,0.515,-0.08700000000000002
NUMBER,Number,0.505,Millions,NUMBER,Number (real number),1954,Cote d'Ivoire,204,3818116,0.428,0.07700000000000001
NUMBER,Number,0.503,Millions,NUMBER,Number (real number),1955,Cote d'Ivoire,205,3822025,0.505,-0.0020000000000000018
NUMBER,Number,0.582,Millions,NUMBER,Number (real number),1956,Cote d'Ivoire,206,3825936,0.503,0.07899999999999996
NUMBER,Number,0.596,Millions,NUMBER,Number (real number),1957,Cote d'Ivoire,207,3829849,0.582,0.014000000000000012
NUMBER,Number,0.498,Millions,NUMBER,Number (real number),1958,Cote d'Ivoire,208,3833764,0.596,-0.09799999999999998
NUMBER,Number,0.546,Millions,NUMBER,Number (real number),1959,Cote d'Ivoire,209,3837681,0.498,0.04800000000000004
NUMBER,Number,0.462,Millions,NUMBER,Number (real number),1960,Cote d'Ivoire,210,3841600,0.546,-0.08400000000000002
NUMBER,Number,0.553,Millions,NUMBER,Number (real number),1961,Cote d'Ivoire,211,3845521,0.462,0.09100000000000003
NUMBER,Number,0.586,Millions,NUMBER,Number (real number),1962,Cote d'Ivoire,212,3849444,0.553,0.03299999999999992
NUMBER,Number,0.623,Millions,NUMBER,Number (real number),1963,Cote d'Ivoire,213,3853369,0.586,0.03700000000000003
NUMBER,Number,0.762,Millions,NUMBER,Number (real number),1964,Cote d'Ivoire,214,3857296,0.623,0.139
NUMBER,Number,1.172,Millions,NUMBER,Number (real number),1965,Cote d'Ivoire,215,3861225,0.762,0.4099999999999999
NUMBER,Number,1.238,Millions,NUMBER,Number (real number),1966,Cote d'Ivoire,216,3865156,1.172,0.06600000000000006
NUMBER,Number,1.359,Millions,NUMBER,Number (real number),1967,Cote d'Ivoire,217,3869089,1.238,0.121
NUMBER,Number,1.598,Millions,NUMBER,Number (real number),1968,Cote d'Ivoire,218,3873024,1.359,0.2390000000000001
NUMBER,Number,1.891,Millions,NUMBER,Number (real number),1969,Cote d'Ivoire,219,3876961,1.598,0.2929999999999999
NUMBER,Number,2.242,Millions,NUMBER,Number (real number),1970,Cote d'Ivoire,220,3880900,1.891,0.351
NUMBER,Number,2.455,Millions,NUMBER,Number (real number),1971,Cote d'Ivoire,221,3884841,2.242,0.21300000000000008
NUMBER,Number,2.711,Millions,NUMBER,Number (real number),1972,Cote d'Ivoire,222,3888784,2.455,0.2559999999999998
NUMBER,Number,2.876,Millions,NUMBER,Number (real number),1973,Cote d'Ivoire,223,3892729,2.711,0.16500000000000004
NUMBER,Number,3.243,Millions,NUMBER,Number (real number),1974,Cote d'Ivoire,224,3896676,2.876,0.367
NUMBER,Number,3.986,Millions,NUMBER,Number (real number),1975,Cote d'Ivoire,225,3900625,3.243,0.7430000000000003
NUMBER,Number,3.961,Millions,NUMBER,Number (real number),1976,Cote d'Ivoire,226,3904576,3.986,-0.025000000000000355
NUMBER,Number,4.052,Millions,NUMBER,Number (real number),1977,Cote d'Ivoire,227,3908529,3.961,0.09099999999999975
NUMBER,Number,4.814,Millions,NUMBER,Number (real number),1978,Cote d'Ivoire,228,3912484,4.052,0.7620000000000005
NUMBER,Number,5.419,Millions,NUMBER,Number (real number),1979,Cote d'Ivoire,229,3916441,4.814,0.6049999999999995
NUMBER,Number,5.569,Millions,NUMBER,Number (real number),1980,Cote d'Ivoire,230,3920400,5.419,0.15000000000000036
NUMBER,Number,3.866,Millions,NUMBER,Number (real number),1981,Cote d'Ivoire,231,3924361,5.569,-1.7029999999999998
NUMBER,Number,5.555,Millions,NUMBER,Number (real number),1982,Cote d'Ivoire,232,3928324,3.866,1.6889999999999996
NUMBER,Number,4.518,Millions,NUMBER,Number (real number),1983,Cote d'Ivoire,233,3932289,5.555,-1.037
NUMBER,Number,5.133,Millions,NUMBER,Number (real number),1984,Cote d'Ivoire,234,3936256,4.518,0.6150000000000002
NUMBER,Number,6.984,Millions,NUMBER,Number (real number),1985,Cote d'Ivoire,235,3940225,5.133,1.851
NUMBER,Number,5.577,Millions,NUMBER,Number (real number),1986,Cote d'Ivoire,236,3944196,6.984,-1.407
NUMBER,Number,7.35,Millions,NUMBER,Number (real number),1987,Cote d'Ivoire,237,3948169,5.577,1.7729999999999997
NUMBER,Number,8.805,Millions,NUMBER,Number (real number),1988,Cote d'Ivoire,238,3952144,7.35,1.455
NUMBER,Number,8.266,Millions,NUMBER,Number (real number),1989,Cote d'Ivoire,239,3956121,8.805,-0.5389999999999997
NUMBER,Number,4.782,Millions,NUMBER,Number (real number),1990,Cote d'Ivoire,240,3960100,8.266,-3.484
NUMBER,Number,4.309,Millions,NUMBER,Number (real number),1991,Cote d'Ivoire,241,3964081,4.782,-0.47299999999999986
NUMBER,Number,3.844,Millions,NUMBER,Number (real number),1992,Cote d'Ivoire,242,3968064,4.309,-0.4650000000000003
NUMBER,Number,5.093,Millions,NUMBER,Number (real number),1993,Cote d'Ivoire,243,3972049,3.844,1.249
NUMBER,Number,4.133,Millions,NUMBER,Number (real number),1994,Cote d'Ivoire,244,3976036,5.093,-0.96
NUMBER,Number,6.225,Millions,NUMBER,Number (real number),1995,Cote d'Ivoire,245,3980025,4.133,2.0919999999999996
NUMBER,Number,7.526,Millions,NUMBER,Number (real number),1996,Cote d'Ivoire,246,3984016,6.225,1.3010000000000002
NUMBER,Number,7.211,Millions,NUMBER,Number (real number),1997,Cote d'Ivoire,247,3988009,7.526,-0.3149999999999995
NUMBER,Number,6.755,Millions,NUMBER,Number (real number),1998,Cote d'Ivoire,248,3992004,7.211,-0.4560000000000004
NUMBER,Number,6.092,Millions,NUMBER,Number (real number),1999,Cote d'Ivoire,249,3996001,6.755,-0.6630000000000003
NUMBER,Number,6.634,Millions,NUMBER,Number (real number),2000,Cote d'Ivoire,250,4000000,6.092,0.5420000000000007
NUMBER,Number,7.65,Millions,NUMBER,Number (real number),2001,Cote d'Ivoire,251,4004001,6.634,1.016
NUMBER,Number,7.45,Millions,NUMBER,Number (real number),2002,Cote d'Ivoire,252,4008004,7.65,-0.20000000000000018
NUMBER,Number,5.301,Millions,NUMBER,Number (real number),2003,Cote d'Ivoire,253,4012009,7.45,-2.149
NUMBER,Number,7.386,Millions,NUMBER,Number (real number),2004,Cote d'Ivoire,254,4016016,5.301,2.085
NUMBER,Number,7.564,Millions,NUMBER,Number (real number),2005,Cote d'Ivoire,255,4020025,7.386,0.17799999999999994
NUMBER,Number,6.887,Millions,NUMBER,Number (real number),2006,Cote d'Ivoire,256,4024036,7.564,-0.6770000000000005
NUMBER,Number,6.653,Millions,NUMBER,Number (real number),2007,Cote d'Ivoire,257,4028049,6.887,-0.23399999999999999
NUMBER,Number,6.713,Millions,NUMBER,Number (real number),2008,Cote d'Ivoire,258,4032064,6.653,0.0600000000000005
NUMBER,Number,5.66,Millions,NUMBER,Number (real number),2009,Cote d'Ivoire,259,4036081,6.713,-1.053
NUMBER,Number,6.225,Millions,NUMBER,Number (real number),2010,Cote d'Ivoire,260,4040100,5.66,0.5649999999999995
NUMBER,Number,6.523,Millions,NUMBER,Number (real number),2011,Cote d'Ivoire,261,4044121,6.225,0.29800000000000004
NUMBER,Number,8.54,Millions,NUMBER,Number (real number),2012,Cote d'Ivoire,262,4048144,6.523,2.0169999999999995
NUMBER,Number,9.68,Millions,NUMBER,Number (real number),2013,Cote d'Ivoire,263,4052169,8.54,1.1400000000000006
NUMBER,Number,9.903,Millions,NUMBER,Number (real number),2014,Cote d'Ivoire,264,4056196,9.68,0.22300000000000075
NUMBER,Number,9.555,Millions,NUMBER,Number (real number),2015,Cote d'Ivoire,265,4060225,9.903,-0.34800000000000075
NUMBER,Number,11.983,Millions,NUMBER,Number (real number),2016,Cote d'Ivoire,266,4064256,9.555,2.428000000000001
NUMBER,Number,12.002,Millions,NUMBER,Number (real number),2017,Cote d'Ivoire,267,4068289,11.983,0.019000000000000128
NUMBER,Number,10.415,Millions,NUMBER,Number (real number),2018,Cote d'Ivoire,268,4072324,12.002,-1.5870000000000015
NUMBER,Number,10.535,Millions,NUMBER,Number (real number),2019,Cote d'Ivoire,269,4076361,10.415,0.120000000000001
NUMBER,Number,11.016,Millions,NUMBER,Number (real number),2020,Cote d'Ivoire,270,4080400,10.535,0.48099999999999987
NUMBER,Number,13.669,Millions,NUMBER,Number (real number),2021,Cote d'Ivoire,271,4084441,11.016,2.6530000000000005
NUMBER,Number,13.644,Millions,NUMBER,Number (real number),2022,Cote d'Ivoire,272,4088484,13.669,-0.025000000000000355
NUMBER,Number,13.196,Millions,NUMBER,Number (real number),2023,Cote d'Ivoire,273,4092529,13.644,-0.4480000000000004
NUMBER,Number,0.015,Millions,NUMBER,Number (real number),1890,Croatia,140,3572100,0.005,0.009999999999999998
NUMBER,Number,0.017,Millions,NUMBER,Number (real number),1891,Croatia,141,3575881,0.015,0.0020000000000000018
NUMBER,Number,0.019,Millions,NUMBER,Number (real number),1892,Croatia,142,3579664,0.017,0.0019999999999999983
NUMBER,Number,0.034,Millions,NUMBER,Number (real number),1893,Croatia,143,3583449,0.019,0.015000000000000003
NUMBER,Number,0.065,Millions,NUMBER,Number (real number),1894,Croatia,144,3587236,0.034,0.031
NUMBER,Number,0.065,Millions,NUMBER,Number (real number),1895,Croatia,145,3591025,0.065,0.0
NUMBER,Number,0.072,Millions,NUMBER,Number (real number),1896,Croatia,146,3594816,0.065,0.006999999999999992
NUMBER,Number,0.056,Millions,NUMBER,Number (real number),1897,Croatia,147,3598609,0.072,-0.015999999999999993
NUMBER,Number,0.085,Millions,NUMBER,Number (real number),1898,Croatia,148,3602404,0.056,0.029000000000000005
NUMBER,Number,0.099,Millions,NUMBER,Number (real number),1899,Croatia,149,3606201,0.085,0.013999999999999999
NUMBER,Number,0.134,Millions,NUMBER,Number (real number),1900,Croatia,150,3610000,0.099,0.035
NUMBER,Number,0.147,Millions,NUMBER,Number (real number),1901,Croatia,151,3613801,0.134,0.012999999999999984
NUMBER,Number,0.137,Millions,NUMBER,Number (real number),1902,Croatia,152,3617604,0.147,-0.009999999999999981
NUMBER,Number,0.149,Millions,NUMBER,Number (real number),1903,Croatia,153,3621409,0.137,0.011999999999999983
NUMBER,Number,0.159,Millions,NUMBER,Number (real number),1904,Croatia,154,3625216,0.149,0.010000000000000009
NUMBER,Number,0.172,Millions,NUMBER,Number (real number),1905,Croatia,155,3629025,0.159,0.012999999999999984
NUMBER,Number,0.206,Millions,NUMBER,Number (real number),1906,Croatia,156,3632836,0.172,0.034
NUMBER,Number,0.21,Millions,NUMBER,Number (real number),1907,Croatia,157,3636649,0.206,0.0040000000000000036
NUMBER,Number,0.226,Millions,NUMBER,Number (real number),1908,Croatia,158,3640464,0.21,0.016000000000000014
NUMBER,Number,0.232,Millions,NUMBER,Number (real number),1909,Croatia,159,3644281,0.226,0.006000000000000005
NUMBER,Number,0.23,Millions,NUMBER,Number (real number),1910,Croatia,160,3648100,0.232,-0.0020000000000000018
NUMBER,Number,0.249,Millions,NUMBER,Number (real number),1911,Croatia,161,3651921,0.23,0.01899999999999999
NUMBER,Number,0.255,Millions,NUMBER,Number (real number),1912,Croatia,162,3655744,0.249,0.006000000000000005
NUMBER,Number,0.7,Millions,NUMBER,Number (real number),1913,Croatia,163,3659569,0.255,0.44499999999999995
NUMBER,Number,0.502,Millions,NUMBER,Number (real number),1919,Croatia,169,3682561,0.7,-0.19799999999999995
NUMBER,Number,0.666,Millions,NUMBER,Number (real number),1920,Croatia,170,3686400,0.502,0.16400000000000003
NUMBER,Number,0.71,Millions,NUMBER,Number (real number),1921,Croatia,171,3690241,0.666,0.04399999999999993
NUMBER,Number,1.031,Millions,NUMBER,Number (real number),1922,Croatia,172,3694084,0.71,0.32099999999999995
NUMBER,Number,1.125,Millions,NUMBER,Number (real number),1923,Croatia,173,3697929,1.031,0.09400000000000008
NUMBER,Number,1.153,Millions,NUMBER,Number (real number),1924,Croatia,174,3701776,1.125,0.028000000000000025
NUMBER,Number,1.266,Millions,NUMBER,Number (real number),1925,Croatia,175,3705625,1.153,0.11299999999999999
NUMBER,Number,1.232,Millions,NUMBER,Number (real number),1926,Croatia,176,3709476,1.266,-0.03400000000000003
NUMBER,Number,1.393,Millions,NUMBER,Number (real number),1927,Croatia,177,3713329,1.232,0.16100000000000003
NUMBER,Number,1.56,Millions,NUMBER,Number (real number),1928,Croatia,178,3717184,1.393,0.16700000000000004
NUMBER,Number,1.725,Millions,NUMBER,Number (real number),1929,Croatia,179,3721041,1.56,0.16500000000000004
NUMBER,Number,1.623,Millions,NUMBER,Number (real number),1930,Croatia,180,3724900,1.725,-0.10200000000000009
NUMBER,Number,1.477,Millions,NUMBER,Number (real number),1931,Croatia,181,3728761,1.623,-0.1459999999999999
NUMBER,Number,1.35,Millions,NUMBER,Number (real number),1932,Croatia,182,3732624,1.477,-0.127
NUMBER,Number,1.249,Millions,NUMBER,Number (real number),1933,Croatia,183,3736489,1.35,-0.10099999999999998
NUMBER,Number,1.299,Millions,NUMBER,Number (real number),1934,Croatia,184,3740356,1.249,0.04999999999999982
NUMBER,Number,1.358,Millions,NUMBER,Number (real number),1935,Croatia,185,3744225,1.299,0.05900000000000016
NUMBER,Number,1.343,Millions,NUMBER,Number (real number),1936,Croatia,186,3748096,1.358,-0.015000000000000124
NUMBER,Number,1.497,Millions,NUMBER,Number (real number),1937,Croatia,187,3751969,1.343,0.15400000000000014
NUMBER,Number,1.414,Millions,NUMBER,Number (real number),1938,Croatia,188,3755844,1.497,-0.08300000000000018
NUMBER,Number,1.485,Millions,NUMBER,Number (real number),1939,Croatia,189,3759721,1.414,0.07100000000000017
NUMBER,Number,1.732,Millions,NUMBER,Number (real number),1940,Croatia,190,3763600,1.485,0.2469999999999999
NUMBER,Number,0.061,Millions,NUMBER,Number (real number),1943,Croatia,193,3775249,1.732,-1.671
NUMBER,Number,0.015,Millions,NUMBER,Number (real number),1944,Croatia,194,3779136,0.061,-0.046
NUMBER,Number,0.87,Millions,NUMBER,Number (real number),1945,Croatia,195,3783025,0.015,0.855
NUMBER,Number,1.709,Millions,NUMBER,Number (real number),1946,Croatia,196,3786916,0.87,0.8390000000000001
NUMBER,Number,2.37,Millions,NUMBER,Number (real number),1947,Croatia,197,3790809,1.709,0.661
NUMBER,Number,2.675,Millions,NUMBER,Number (real number),1948,Croatia,198,3794704,2.37,0.3049999999999997
NUMBER,Number,3.058,Millions,NUMBER,Number (real number),1949,Croatia,199,3798601,2.675,0.383
NUMBER,Number,2.946,Millions,NUMBER,Number (real number),1950,Croatia,200,3802500,3.058,-0.11199999999999966
NUMBER,Number,2.789,Millions,NUMBER,Number (real number),1951,Croatia,201,3806401,2.946,-0.15700000000000003
NUMBER,Number,2.795,Millions,NUMBER,Number (real number),1952,Croatia,202,3810304,2.789,0.005999999999999783
NUMBER,Number,2.78,Millions,NUMBER,Number (real number),1953,Croatia,203,3814209,2.795,-0.015000000000000124
NUMBER,Number,3.318,Millions,NUMBER,Number (real number),1954,Croatia,204,3818116,2.78,0.5380000000000003
NUMBER,Number,3.799,Millions,NUMBER,Number (real number),1955,Croatia,205,3822025,3.318,0.48099999999999987
NUMBER,Number,4.348,Millions,NUMBER,Number (real number),1956,Croatia,206,3825936,3.799,0.5489999999999999
NUMBER,Number,4.717,Millions,NUMBER,Number (real number),1957,Croatia,207,3829849,4.348,0.3689999999999998
NUMBER,Number,4.65,Millions,NUMBER,Number (real number),1958,Croatia,208,3833764,4.717,-0.06699999999999928
NUMBER,Number,5.332,Millions,NUMBER,Number (real number),1959,Croatia,209,3837681,4.65,0.6819999999999995
NUMBER,Number,5.826,Millions,NUMBER,Number (real number),1960,Croatia,210,3841600,5.332,0.4939999999999998
NUMBER,Number,6.11,Millions,NUMBER,Number (real number),1961,Croatia,211,3845521,5.826,0.2840000000000007
NUMBER,Number,6.269,Millions,NUMBER,Number (real number),1962,Croatia,212,3849444,6.11,0.1589999999999998
NUMBER,Number,6.975,Millions,NUMBER,Number (real number),1963,Croatia,213,3853369,6.269,0.7059999999999995
NUMBER,Number,7.908,Millions,NUMBER,Number (real number),1964,Croatia,214,3857296,6.975,0.9330000000000007
NUMBER,Number,8.144,Millions,NUMBER,Number (real number),1965,Croatia,215,3861225,7.908,0.23599999999999977
NUMBER,Number,8.072,Millions,NUMBER,Number (real number),1966,Croatia,216,3865156,8.144,-0.07200000000000095
NUMBER,Number,8.161,Millions,NUMBER,Number (real number),1967,Croatia,217,3869089,8.072,0.08900000000000041
NUMBER,Number,8.729,Millions,NUMBER,Number (real number),1968,Croatia,218,3873024,8.161,0.5679999999999996
NUMBER,Number,9.053,Millions,NUMBER,Number (real number),1969,Croatia,219,3876961,8.729,0.3240000000000016
NUMBER,Number,11.841,Millions,NUMBER,Number (real number),1970,Croatia,220,3880900,9.053,2.7879999999999985
NUMBER,Number,12.754,Millions,NUMBER,Number (real number),1971,Croatia,221,3884841,11.841,0.9130000000000003
NUMBER,Number,11.937,Millions,NUMBER,Number (real number),1972,Croatia,222,3888784,12.754,-0.8170000000000002
NUMBER,Number,14.278,Millions,NUMBER,Number (real number),1973,Croatia,223,3892729,11.937,2.341000000000001
NUMBER,Number,14.334,Millions,NUMBER,Number (real number),1974,Croatia,224,3896676,14.278,0.05599999999999916
NUMBER,Number,14.949,Millions,NUMBER,Number (real number),1975,Croatia,225,3900625,14.334,0.6150000000000002
NUMBER,Number,15.425,Millions,NUMBER,Number (real number),1976,Croatia,226,3904576,14.949,0.47600000000000087
NUMBER,Number,14.993,Millions,NUMBER,Number (real number),1977,Croatia,227,3908529,15.425,-0.4320000000000004
NUMBER,Number,16.761,Millions,NUMBER,Number (real number),1978,Croatia,228,3912484,14.993,1.767999999999999
NUMBER,Number,18.236,Millions,NUMBER,Number (real number),1979,Croatia,229,3916441,16.761,1.4750000000000014
NUMBER,Number,17.924,Millions,NUMBER,Number (real number),1980,Croatia,230,3920400,18.236,-0.31200000000000117
NUMBER,Number,19.479,Millions,NUMBER,Number (real number),1981,Croatia,231,3924361,17.924,1.5549999999999997
NUMBER,Number,17.89,Millions,NUMBER,Number (real number),1982,Croatia,232,3928324,19.479,-1.5889999999999986
NUMBER,Number,19.266,Millions,NUMBER,Number (real number),1983,Croatia,233,3932289,17.89,1.3759999999999977
NUMBER,Number,20.32,Millions,NUMBER,Number (real number),1984,Croatia,234,3936256,19.266,1.054000000000002
NUMBER,Number,20.73,Millions,NUMBER,Number (real number),1985,Croatia,235,3940225,20.32,0.41000000000000014
NUMBER,Number,21.656,Millions,NUMBER,Number (real number),1986,Croatia,236,3944196,20.73,0.9259999999999984
NUMBER,Number,21.138,Millions,NUMBER,Number (real number),1987,Croatia,237,3948169,21.656,-0.5179999999999971
NUMBER,Number,21.82,Millions,NUMBER,Number (real number),1988,Croatia,238,3952144,21.138,0.6819999999999986
NUMBER,Number,21.751,Millions,NUMBER,Number (real number),1989,Croatia,239,3956121,21.82,-0.06899999999999906
NUMBER,Number,22.874,Millions,NUMBER,Number (real number),1990,Croatia,240,3960100,21.751,1.1229999999999976
NUMBER,Number,16.993,Millions,NUMBER,Number (real number),1991,Croatia,241,3964081,22.874,-5.881
NUMBER,Number,16.375,Millions,NUMBER,Number (real number),1992,Croatia,242,3968064,16.993,-0.6179999999999986
NUMBER,Number,16.808,Millions,NUMBER,Number (real number),1993,Croatia,243,3972049,16.375,0.43299999999999983
NUMBER,Number,16.052,Millions,NUMBER,Number (real number),1994,Croatia,244,3976036,16.808,-0.7560000000000002
NUMBER,Number,16.811,Millions,NUMBER,Number (real number),1995,Croatia,245,3980025,16.052,0.7590000000000003
NUMBER,Number,17.336,Millions,NUMBER,Number (real number),1996,Croatia,246,3984016,16.811,0.5249999999999986
NUMBER,Number,18.567,Millions,NUMBER,Number (real number),1997,Croatia,247,3988009,17.336,1.2310000000000016
NUMBER,Number,19.039,Millions,NUMBER,Number (real number),1998,Croatia,248,3992004,18.567,0.4720000000000013
NUMBER,Number,20.081,Millions,NUMBER,Number (real number),1999,Croatia,249,3996001,19.039,1.041999999999998
NUMBER,Number,19.652,Millions,NUMBER,Number (real number),2000,Croatia,250,4000000,20.081,-0.4289999999999985
NUMBER,Number,20.776,Millions,NUMBER,Number (real number),2001,Croatia,251,4004001,19.652,1.1239999999999988
NUMBER,Number,21.916,Millions,NUMBER,Number (real number),2002,Croatia,252,4008004,20.776,1.1400000000000006
NUMBER,Number,23.227,Millions,NUMBER,Number (real number),2003,Croatia,253,4012009,21.916,1.311
NUMBER,Number,22.855,Millions,NUMBER,Number (real number),2004,Croatia,254,4016016,23.227,-0.3719999999999999
NUMBER,Number,23.298,Millions,NUMBER,Number (real number),2005,Croatia,255,4020025,22.855,0.44299999999999784
NUMBER,Number,23.499,Millions,NUMBER,Number (real number),2006,Croatia,256,4024036,23.298,0.2010000000000005
NUMBER,Number,24.805,Millions,NUMBER,Number (real number),2007,Croatia,257,4028049,23.499,1.306000000000001
NUMBER,Number,23.52,Millions,NUMBER,Number (real number),2008,Croatia,258,4032064,24.805,-1.2850000000000001
NUMBER,Number,21.756,Millions,NUMBER,Number (real number),2009,Croatia,259,4036081,23.52,-1.7639999999999993
NUMBER,Number,20.986,Millions,NUMBER,Number (real number),2010,Croatia,260,4040100,21.756,-0.7699999999999996
NUMBER,Number,20.621,Millions,NUMBER,Number (real number),2011,Croatia,261,4044121,20.986,-0.365000000000002
NUMBER,Number,19.056,Millions,NUMBER,Number (real number),2012,Croatia,262,4048144,20.621,-1.5649999999999977
NUMBER,Number,18.406,Millions,NUMBER,Number (real number),2013,Croatia,263,4052169,19.056,-0.6500000000000021
NUMBER,Number,17.657,Millions,NUMBER,Number (real number),2014,Croatia,264,4056196,18.406,-0.7489999999999988
NUMBER,Number,17.803,Millions,NUMBER,Number (real number),2015,Croatia,265,4060225,17.657,0.1460000000000008
NUMBER,Number,18.09,Millions,NUMBER,Number (real number),2016,Croatia,266,4064256,17.803,0.28699999999999903
NUMBER,Number,18.719,Millions,NUMBER,Number (real number),2017,Croatia,267,4068289,18.09,0.6290000000000013
NUMBER,Number,17.703,Millions,NUMBER,Number (real number),2018,Croatia,268,4072324,18.719,-1.0160000000000018
NUMBER,Number,17.83,Millions,NUMBER,Number (real number),2019,Croatia,269,4076361,17.703,0.1269999999999989
NUMBER,Number,16.882,Millions,NUMBER,Number (real number),2020,Croatia,270,4080400,17.83,-0.9479999999999968
NUMBER,Number,17.411,Millions,NUMBER,Number (real number),2021,Croatia,271,4084441,16.882,0.5289999999999999
NUMBER,Number,17.608,Millions,NUMBER,Number (real number),2022,Croatia,272,4088484,17.411,0.19699999999999918
NUMBER,Number,17.524,Millions,NUMBER,Number (real number),2023,Croatia,273,4092529,17.608,-0.08399999999999963
NUMBER,Number,0.361,Millions,NUMBER,Number (real number),1857,Cuba,107,3448449,0.385,-0.02400000000000002
NUMBER,Number,0.338,Millions,NUMBER,Number (real number),1858,Cuba,108,3452164,0.361,-0.022999999999999965
NUMBER,Number,0.317,Millions,NUMBER,Number (real number),1859,Cuba,109,3455881,0.338,-0.02100000000000002
NUMBER,Number,0.298,Millions,NUMBER,Number (real number),1860,Cuba,110,3459600,0.317,-0.019000000000000017
NUMBER,Number,0.442,Millions,NUMBER,Number (real number),1861,Cuba,111,3463321,0.298,0.14400000000000002
NUMBER,Number,0.592,Millions,NUMBER,Number (real number),1862,Cuba,112,3467044,0.442,0.14999999999999997
NUMBER,Number,0.371,Millions,NUMBER,Number (real number),1863,Cuba,113,3470769,0.592,-0.22099999999999997
NUMBER,Number,0.611,Millions,NUMBER,Number (real number),1864,Cuba,114,3474496,0.371,0.24
NUMBER,Number,0.589,Millions,NUMBER,Number (real number),1865,Cuba,115,3478225,0.611,-0.02200000000000002
NUMBER,Number,0.592,Millions,NUMBER,Number (real number),1866,Cuba,116,3481956,0.589,0.0030000000000000027
NUMBER,Number,0.634,Millions,NUMBER,Number (real number),1867,Cuba,117,3485689,0.592,0.04200000000000004
NUMBER,Number,0.6,Millions,NUMBER,Number (real number),1868,Cuba,118,3489424,0.634,-0.03400000000000003
NUMBER,Number,0.685,Millions,NUMBER,Number (real number),1869,Cuba,119,3493161,0.6,0.08500000000000008
NUMBER,Number,0.626,Millions,NUMBER,Number (real number),1870,Cuba,120,3496900,0.685,-0.05900000000000005
NUMBER,Number,0.609,Millions,NUMBER,Number (real number),1871,Cuba,121,3500641,0.626,-0.017000000000000015
NUMBER,Number,0.619,Millions,NUMBER,Number (real number),1872,Cuba,122,3504384,0.609,0.010000000000000009
NUMBER,Number,0.642,Millions,NUMBER,Number (real number),1873,Cuba,123,3508129,0.619,0.02300000000000002
NUMBER,Number,0.651,Millions,NUMBER,Number (real number),1874,Cuba,124,3511876,0.642,0.009000000000000008
NUMBER,Number,0.653,Millions,NUMBER,Number (real number),1875,Cuba,125,3515625,0.651,0.0020000000000000018
NUMBER,Number,0.562,Millions,NUMBER,Number (real number),1876,Cuba,126,3519376,0.653,-0.09099999999999997
NUMBER,Number,0.589,Millions,NUMBER,Number (real number),1877,Cuba,127,3523129,0.562,0.026999999999999913
NUMBER,Number,0.686,Millions,NUMBER,Number (real number),1878,Cuba,128,3526884,0.589,0.09700000000000009
NUMBER,Number,0.697,Millions,NUMBER,Number (real number),1879,Cuba,129,3530641,0.686,0.010999999999999899
NUMBER,Number,0.59,Millions,NUMBER,Number (real number),1880,Cuba,130,3534400,0.697,-0.10699999999999998
NUMBER,Number,0.606,Millions,NUMBER,Number (real number),1881,Cuba,131,3538161,0.59,0.016000000000000014
NUMBER,Number,0.615,Millions,NUMBER,Number (real number),1882,Cuba,132,3541924,0.606,0.009000000000000008
NUMBER,Number,0.596,Millions,NUMBER,Number (real number),1883,Cuba,133,3545689,0.615,-0.019000000000000017
NUMBER,Number,0.585,Millions,NUMBER,Number (real number),1884,Cuba,134,3549456,0.596,-0.01100000000000001
NUMBER,Number,0.609,Millions,NUMBER,Number (real number),1885,Cuba,135,3553225,0.585,0.02400000000000002
NUMBER,Number,0.576,Millions,NUMBER,Number (real number),1886,Cuba,136,3556996,0.609,-0.03300000000000003
NUMBER,Number,0.643,Millions,NUMBER,Number (real number),1887,Cuba,137,3560769,0.576,0.06700000000000006
NUMBER,Number,0.716,Millions,NUMBER,Number (real number),1888,Cuba,138,3564544,0.643,0.07299999999999995
NUMBER,Number,0.793,Millions,NUMBER,Number (real number),1889,Cuba,139,3568321,0.716,0.07700000000000007
NUMBER,Number,0.772,Millions,NUMBER,Number (real number),1890,Cuba,140,3572100,0.793,-0.02100000000000002
NUMBER,Number,0.924,Millions,NUMBER,Number (real number),1891,Cuba,141,3575881,0.772,0.15200000000000002
NUMBER,Number,1.022,Millions,NUMBER,Number (real number),1892,Cuba,142,3579664,0.924,0.09799999999999998
NUMBER,Number,0.968,Millions,NUMBER,Number (real number),1893,Cuba,143,3583449,1.022,-0.05400000000000005
NUMBER,Number,1.043,Millions,NUMBER,Number (real number),1894,Cuba,144,3587236,0.968,0.07499999999999996
NUMBER,Number,0.996,Millions,NUMBER,Number (real number),1895,Cuba,145,3591025,1.043,-0.04699999999999993
NUMBER,Number,0.799,Millions,NUMBER,Number (real number),1896,Cuba,146,3594816,0.996,-0.19699999999999995
NUMBER,Number,0.755,Millions,NUMBER,Number (real number),1897,Cuba,147,3598609,0.799,-0.04400000000000004
NUMBER,Number,0.838,Millions,NUMBER,Number (real number),1898,Cuba,148,3602404,0.755,0.08299999999999996
NUMBER,Number,0.941,Millions,NUMBER,Number (real number),1899,Cuba,149,3606201,0.838,0.10299999999999998
NUMBER,Number,0.944,Millions,NUMBER,Number (real number),1900,Cuba,150,3610000,0.941,0.0030000000000000027
NUMBER,Number,1.016,Millions,NUMBER,Number (real number),1901,Cuba,151,3613801,0.944,0.07200000000000006
NUMBER,Number,0.992,Millions,NUMBER,Number (real number),1902,Cuba,152,3617604,1.016,-0.02400000000000002
NUMBER,Number,1.214,Millions,NUMBER,Number (real number),1903,Cuba,153,3621409,0.992,0.22199999999999998
NUMBER,Number,1.349,Millions,NUMBER,Number (real number),1904,Cuba,154,3625216,1.214,0.135
NUMBER,Number,1.646,Millions,NUMBER,Number (real number),1905,Cuba,155,3629025,1.349,0.29699999999999993
NUMBER,Number,1.884,Millions,NUMBER,Number (real number),1906,Cuba,156,3632836,1.646,0.238
NUMBER,Number,1.946,Millions,NUMBER,Number (real number),1907,Cuba,157,3636649,1.884,0.062000000000000055
NUMBER,Number,1.897,Millions,NUMBER,Number (real number),1908,Cuba,158,3640464,1.946,-0.04899999999999993
NUMBER,Number,2.005,Millions,NUMBER,Number (real number),1909,Cuba,159,3644281,1.897,0.10799999999999987
NUMBER,Number,2.386,Millions,NUMBER,Number (real number),1910,Cuba,160,3648100,2.005,0.3810000000000002
NUMBER,Number,2.819,Millions,NUMBER,Number (real number),1911,Cuba,161,3651921,2.386,0.43299999999999983
NUMBER,Number,3.279,Millions,NUMBER,Number (real number),1912,Cuba,162,3655744,2.819,0.45999999999999996
NUMBER,Number,3.289,Millions,NUMBER,Number (real number),1913,Cuba,163,3659569,3.279,0.010000000000000231
NUMBER,Number,3.013,Millions,NUMBER,Number (real number),1914,Cuba,164,3663396,3.289,-0.27600000000000025
NUMBER,Number,3.135,Millions,NUMBER,Number (real number),1915,Cuba,165,3667225,3.013,0.12199999999999989
NUMBER,Number,3.642,Millions,NUMBER,Number (real number),1916,Cuba,166,3671056,3.135,0.5070000000000001
NUMBER,Number,3.984,Millions,NUMBER,Number (real number),1917,Cuba,167,3674889,3.642,0.3420000000000001
NUMBER,Number,3.893,Millions,NUMBER,Number (real number),1918,Cuba,168,3678724,3.984,-0.09100000000000019
NUMBER,Number,2.687,Millions,NUMBER,Number (real number),1919,Cuba,169,3682561,3.893,-1.206
NUMBER,Number,3.63,Millions,NUMBER,Number (real number),1920,Cuba,170,3686400,2.687,0.9430000000000001
NUMBER,Number,1.513,Millions,NUMBER,Number (real number),1921,Cuba,171,3690241,3.63,-2.117
NUMBER,Number,1.381,Millions,NUMBER,Number (real number),1922,Cuba,172,3694084,1.513,-0.1319999999999999
NUMBER,Number,1.797,Millions,NUMBER,Number (real number),1923,Cuba,173,3697929,1.381,0.4159999999999999
NUMBER,Number,1.572,Millions,NUMBER,Number (real number),1924,Cuba,174,3701776,1.797,-0.22499999999999987
NUMBER,Number,1.704,Millions,NUMBER,Number (real number),1925,Cuba,175,3705625,1.572,0.1319999999999999
NUMBER,Number,1.636,Millions,NUMBER,Number (real number),1926,Cuba,176,3709476,1.704,-0.06800000000000006
NUMBER,Number,1.652,Millions,NUMBER,Number (real number),1927,Cuba,177,3713329,1.636,0.016000000000000014
NUMBER,Number,1.595,Millions,NUMBER,Number (real number),1928,Cuba,178,3717184,1.652,-0.05699999999999994
NUMBER,Number,0.86,Millions,NUMBER,Number (real number),1929,Cuba,179,3721041,1.595,-0.735
NUMBER,Number,1.298,Millions,NUMBER,Number (real number),1930,Cuba,180,3724900,0.86,0.43800000000000006
NUMBER,Number,0.96,Millions,NUMBER,Number (real number),1931,Cuba,181,3728761,1.298,-0.3380000000000001
NUMBER,Number,0.773,Millions,NUMBER,Number (real number),1932,Cuba,182,3732624,0.96,-0.18699999999999994
NUMBER,Number,0.758,Millions,NUMBER,Number (real number),1933,Cuba,183,3736489,0.773,-0.015000000000000013
NUMBER,Number,0.815,Millions,NUMBER,Number (real number),1934,Cuba,184,3740356,0.758,0.05699999999999994
NUMBER,Number,0.792,Millions,NUMBER,Number (real number),1935,Cuba,185,3744225,0.815,-0.02299999999999991
NUMBER,Number,0.923,Millions,NUMBER,Number (real number),1936,Cuba,186,3748096,0.792,0.131
NUMBER,Number,0.984,Millions,NUMBER,Number (real number),1937,Cuba,187,3751969,0.923,0.06099999999999994
NUMBER,Number,0.884,Millions,NUMBER,Number (real number),1938,Cuba,188,3755844,0.984,-0.09999999999999998
NUMBER,Number,0.704,Millions,NUMBER,Number (real number),1939,Cuba,189,3759721,0.884,-0.18000000000000005
NUMBER,Number,0.681,Millions,NUMBER,Number (real number),1940,Cuba,190,3763600,0.704,-0.02299999999999991
NUMBER,Number,0.562,Millions,NUMBER,Number (real number),1941,Cuba,191,3767481,0.681,-0.119
NUMBER,Number,0.47,Millions,NUMBER,Number (real number),1942,Cuba,192,3771364,0.562,-0.09200000000000008
NUMBER,Number,0.734,Millions,NUMBER,Number (real number),1943,Cuba,193,3775249,0.47,0.264
NUMBER,Number,0.527,Millions,NUMBER,Number (real number),1944,Cuba,194,3779136,0.734,-0.20699999999999996
NUMBER,Number,0.557,Millions,NUMBER,Number (real number),1945,Cuba,195,3783025,0.527,0.030000000000000027
NUMBER,Number,0.478,Millions,NUMBER,Number (real number),1946,Cuba,196,3786916,0.557,-0.07900000000000007
NUMBER,Number,0.557,Millions,NUMBER,Number (real number),1947,Cuba,197,3790809,0.478,0.07900000000000007
NUMBER,Number,0.419,Millions,NUMBER,Number (real number),1948,Cuba,198,3794704,0.557,-0.13800000000000007
NUMBER,Number,0.339,Millions,NUMBER,Number (real number),1949,Cuba,199,3798601,0.419,-0.07999999999999996
NUMBER,Number,5.641,Millions,NUMBER,Number (real number),1950,Cuba,200,3802500,0.339,5.302
NUMBER,Number,6.469,Millions,NUMBER,Number (real number),1951,Cuba,201,3806401,5.641,0.8280000000000003
NUMBER,Number,6.282,Millions,NUMBER,Number (real number),1952,Cuba,202,3810304,6.469,-0.18700000000000028
NUMBER,Number,6.191,Millions,NUMBER,Number (real number),1953,Cuba,203,3814209,6.282,-0.09100000000000019
NUMBER,Number,5.949,Millions,NUMBER,Number (real number),1954,Cuba,204,3818116,6.191,-0.242
NUMBER,Number,6.777,Millions,NUMBER,Number (real number),1955,Cuba,205,3822025,5.949,0.8280000000000003
NUMBER,Number,5.842,Millions,NUMBER,Number (real number),1956,Cuba,206,3825936,6.777,-0.9350000000000005
NUMBER,Number,13.866,Millions,NUMBER,Number (real number),1957,Cuba,207,3829849,5.842,8.024000000000001
NUMBER,Number,17.995,Millions,NUMBER,Number (real number),1958,Cuba,208,3833764,13.866,4.129000000000001
NUMBER,Number,15.665,Millions,NUMBER,Number (real number),1959,Cuba,209,3837681,17.995,-2.330000000000002
NUMBER,Number,13.687,Millions,NUMBER,Number (real number),1960,Cuba,210,3841600,15.665,-1.9779999999999998
NUMBER,Number,12.168,Millions,NUMBER,Number (real number),1961,Cuba,211,3845521,13.687,-1.5190000000000001
NUMBER,Number,14.155,Millions,NUMBER,Number (real number),1962,Cuba,212,3849444,12.168,1.987
NUMBER,Number,13.026,Millions,NUMBER,Number (real number),1963,Cuba,213,3853369,14.155,-1.1289999999999996
NUMBER,Number,14.279,Millions,NUMBER,Number (real number),1964,Cuba,214,3857296,13.026,1.2530000000000001
NUMBER,Number,14.594,Millions,NUMBER,Number (real number),1965,Cuba,215,3861225,14.279,0.3149999999999995
NUMBER,Number,15.169,Millions,NUMBER,Number (real number),1966,Cuba,216,3865156,14.594,0.5750000000000011
NUMBER,Number,15.737,Millions,NUMBER,Number (real number),1967,Cuba,217,3869089,15.169,0.5679999999999996
NUMBER,Number,16.02,Millions,NUMBER,Number (real number),1968,Cuba,218,3873024,15.737,0.2829999999999995
NUMBER,Number,17.243,Millions,NUMBER,Number (real number),1969,Cuba,219,3876961,16.02,1.222999999999999
NUMBER,Number,18.654,Millions,NUMBER,Number (real number),1970,Cuba,220,3880900,17.243,1.4110000000000014
NUMBER,Number,19.589,Millions,NUMBER,Number (real number),1971,Cuba,221,3884841,18.654,0.9349999999999987
NUMBER,Number,20.777,Millions,NUMBER,Number (real number),1972,Cuba,222,3888784,19.589,1.1880000000000024
NUMBER,Number,22.375,Millions,NUMBER,Number (real number),1973,Cuba,223,3892729,20.777,1.597999999999999
NUMBER,Number,22.888,Millions,NUMBER,Number (real number),1974,Cuba,224,3896676,22.375,0.5130000000000017
NUMBER,Number,27.039,Millions,NUMBER,Number (real number),1975,Cuba,225,3900625,22.888,4.151
NUMBER,Number,27.197,Millions,NUMBER,Number (real number),1976,Cuba,226,3904576,27.039,0.1579999999999977
NUMBER,Number,29.374,Millions,NUMBER,Number (real number),1977,Cuba,227,3908529,27.197,2.1769999999999996
NUMBER,Number,30.661,Millions,NUMBER,Number (real number),1978,Cuba,228,3912484,29.374,1.2870000000000026
NUMBER,Number,31.685,Millions,NUMBER,Number (real number),1979,Cuba,229,3916441,30.661,1.0239999999999974
NUMBER,Number,31.374,Millions,NUMBER,Number (real number),1980,Cuba,230,3920400,31.685,-0.31099999999999994
NUMBER,Number,32.723,Millions,NUMBER,Number (real number),1981,Cuba,231,3924361,31.374,1.3490000000000002
NUMBER,Number,34.527,Millions,NUMBER,Number (real number),1982,Cuba,232,3928324,32.723,1.804000000000002
NUMBER,Number,30.821,Millions,NUMBER,Number (real number),1983,Cuba,233,3932289,34.527,-3.7059999999999995
NUMBER,Number,32.581,Millions,NUMBER,Number (real number),1984,Cuba,234,3936256,30.821,1.7600000000000016
NUMBER,Number,32.556,Millions,NUMBER,Number (real number),1985,Cuba,235,3940225,32.581,-0.025000000000005684
NUMBER,Number,33.547,Millions,NUMBER,Number (real number),1986,Cuba,236,3944196,32.556,0.9909999999999997
NUMBER,Number,33.933,Millions,NUMBER,Number (real number),1987,Cuba,237,3948169,33.547,0.3860000000000028
NUMBER,Number,35.616,Millions,NUMBER,Number (real number),1988,Cuba,238,3952144,33.933,1.6829999999999998
NUMBER,Number,35.719,Millions,NUMBER,Number (real number),1989,Cuba,239,3956121,35.616,0.10300000000000153
NUMBER,Number,29.648,Millions,NUMBER,Number (real number),1990,Cuba,240,3960100,35.719,-6.0710000000000015
NUMBER,Number,27.17,Millions,NUMBER,Number (real number),1991,Cuba,241,3964081,29.648,-2.477999999999998
NUMBER,Number,20.593,Millions,NUMBER,Number (real number),1992,Cuba,242,3968064,27.17,-6.577000000000002
NUMBER,Number,19.823,Millions,NUMBER,Number (real number),1993,Cuba,243,3972049,20.593,-0.7699999999999996
NUMBER,Number,21.382,Millions,NUMBER,Number (real number),1994,Cuba,244,3976036,19.823,1.559000000000001
NUMBER,Number,22.835,Millions,NUMBER,Number (real number),1995,Cuba,245,3980025,21.382,1.4529999999999994
NUMBER,Number,23.333,Millions,NUMBER,Number (real number),1996,Cuba,246,3984016,22.835,0.49799999999999756
NUMBER,Number,24.809,Millions,NUMBER,Number (real number),1997,Cuba,247,3988009,23.333,1.4760000000000026
NUMBER,Number,24.294,Millions,NUMBER,Number (real number),1998,Cuba,248,3992004,24.809,-0.5150000000000006
NUMBER,Number,24.467,Millions,NUMBER,Number (real number),1999,Cuba,249,3996001,24.294,0.17299999999999827
NUMBER,Number,25.284,Millions,NUMBER,Number (real number),2000,Cuba,250,4000000,24.467,0.8170000000000002
NUMBER,Number,24.681,Millions,NUMBER,Number (real number),2001,Cuba,251,4004001,25.284,-0.602999999999998
NUMBER,Number,25.154,Millions,NUMBER,Number (real number),2002,Cuba,252,4008004,24.681,0.472999999999999
NUMBER,Number,25.569,Millions,NUMBER,Number (real number),2003,Cuba,253,4012009,25.154,0.41499999999999915
NUMBER,Number,24.547,Millions,NUMBER,Number (real number),2004,Cuba,254,4016016,25.569,-1.0219999999999985
NUMBER,Number,25.677,Millions,NUMBER,Number (real number),2005,Cuba,255,4020025,24.547,1.129999999999999
NUMBER,Number,26.785,Millions,NUMBER,Number (real number),2006,Cuba,256,4024036,25.677,1.1080000000000005
NUMBER,Number,25.724,Millions,NUMBER,Number (real number),2007,Cuba,257,4028049,26.785,-1.061
NUMBER,Number,27.738,Millions,NUMBER,Number (real number),2008,Cuba,258,4032064,25.724,2.0139999999999993
NUMBER,Number,27.821,Millions,NUMBER,Number (real number),2009,Cuba,259,4036081,27.738,0.08300000000000196
NUMBER,Number,33.038,Millions,NUMBER,Number (real number),2010,Cuba,260,4040100,27.821,5.216999999999995
NUMBER,Number,29.068,Millions,NUMBER,Number (real number),2011,Cuba,261,4044121,33.038,-3.9699999999999953
NUMBER,Number,29.476,Millions,NUMBER,Number (real number),2012,Cuba,262,4048144,29.068,0.4079999999999977
NUMBER,Number,27.898,Millions,NUMBER,Number (real number),2013,Cuba,263,4052169,29.476,-1.5779999999999994
NUMBER,Number,27.37,Millions,NUMBER,Number (real number),2014,Cuba,264,4056196,27.898,-0.5279999999999987
NUMBER,Number,29.091,Millions,NUMBER,Number (real number),2015,Cuba,265,4060225,27.37,1.721
NUMBER,Number,27.769,Millions,NUMBER,Number (real number),2016,Cuba,266,4064256,29.091,-1.3220000000000027
NUMBER,Number,24.566,Millions,NUMBER,Number (real number),2017,Cuba,267,4068289,27.769,-3.2029999999999994
NUMBER,Number,23.019,Millions,NUMBER,Number (real number),2018,Cuba,268,4072324,24.566,-1.5470000000000006
NUMBER,Number,22.494,Millions,NUMBER,Number (real number),2019,Cuba,269,4076361,23.019,-0.5249999999999986
NUMBER,Number,21.277,Millions,NUMBER,Number (real number),2020,Cuba,270,4080400,22.494,-1.2169999999999987
NUMBER,Number,22.553,Millions,NUMBER,Number (real number),2021,Cuba,271,4084441,21.277,1.2759999999999998
NUMBER,Number,21.882,Millions,NUMBER,Number (real number),2022,Cuba,272,4088484,22.553,-0.6709999999999994
NUMBER,Number,23.097,Millions,NUMBER,Number (real number),2023,Cuba,273,4092529,21.882,1.2149999999999999
NUMBER,Number,0.0,Millions,NUMBER,Number (real number),1927,Curacao,177,3713329,0.0,0.0
NUMBER,Number,0.0,Millions,NUMBER,Number (real number),1928,Curacao,178,3717184,0.0,0.0
NUMBER,Number,0.0,Millions,NUMBER,Number (real number),1929,Curacao,179,3721041,0.0,0.0
NUMBER,Number,0.0,Millions,NUMBER,Number (real number),1930,Curacao,180,3724900,0.0,0.0
NUMBER,Number,0.0,Millions,NUMBER,Number (real number),1931,Curacao,181,3728761,0.0,0.0
NUMBER,Number,0.0,Millions,NUMBER,Number (real number),1932,Curacao,182,3732624,0.0,0.0
NUMBER,Number,0.0,Millions,NUMBER,Number (real number),1933,Curacao,183,3736489,0.0,0.0
NUMBER,Number,0.0,Millions,NUMBER,Number (real number),1934,Curacao,184,3740356,0.0,0.0
NUMBER,Number,0.0,Millions,NUMBER,Number (real number),1935,Curacao,185,3744225,0.0,0.0
NUMBER,Number,0.0,Millions,NUMBER,Number (real number),1936,Curacao,186,3748096,0.0,0.0
NUMBER,Number,0.0,Millions,NUMBER,Number (real number),1937,Curacao,187,3751969,0.0,0.0
NUMBER,Number,0.0,Millions,NUMBER,Number (real number),1938,Curacao,188,3755844,0.0,0.0
NUMBER,Number,0.0,Millions,NUMBER,Number (real number),1939,Curacao,189,3759721,0.0,0.0
NUMBER,Number,0.0,Millions,NUMBER,Number (real number),1940,Curacao,190,3763600,0.0,0.0
NUMBER,Number,0.0,Millions,NUMBER,Number (real number),1941,Curacao,191,3767481,0.0,0.0
NUMBER,Number,0.0,Millions,NUMBER,Number (real number),1942,Curacao,192,3771364,0.0,0.0
NUMBER,Number,0.0,Millions,NUMBER,Number (real number),1943,Curacao,193,3775249,0.0,0.0
NUMBER,Number,0.0,Millions,NUMBER,Number (real number),1944,Curacao,194,3779136,0.0,0.0
NUMBER,Number,0.0,Millions,NUMBER,Number (real number),1945,Curacao,195,3783025,0.0,0.0
NUMBER,Number,0.0,Millions,NUMBER,Number (real number),1946,Curacao,196,3786916,0.0,0.0
NUMBER,Number,0.0,Millions,NUMBER,Number (real number),1947,Curacao,197,3790809,0.0,0.0
NUMBER,Number,0.0,Millions,NUMBER,Number (real number),1948,Curacao,198,3794704,0.0,0.0
NUMBER,Number,0.0,Millions,NUMBER,Number (real number),1949,Curacao,199,3798601,0.0,0.0
NUMBER,Number,6.164,Millions,NUMBER,Number (real number),1950,Curacao,200,3802500,0.0,6.164
NUMBER,Number,9.722,Millions,NUMBER,Number (real number),1951,Curacao,201,3806401,6.164,3.558
NUMBER,Number,5.613,Millions,NUMBER,Number (real number),1952,Curacao,202,3810304,9.722,-4.108999999999999
NUMBER,Number,6.497,Millions,NUMBER,Number (real number),1953,Curacao,203,3814209,5.613,0.8839999999999995
NUMBER,Number,13.141,Millions,NUMBER,Number (real number),1954,Curacao,204,3818116,6.497,6.644
NUMBER,Number,10.87,Millions,NUMBER,Number (real number),1955,Curacao,205,3822025,13.141,-2.271000000000001
NUMBER,Number,14.058,Millions,NUMBER,Number (real number),1956,Curacao,206,3825936,10.87,3.1880000000000006
NUMBER,Number,9.602,Millions,NUMBER,Number (real number),1957,Curacao,207,3829849,14.058,-4.4559999999999995
NUMBER,Number,8.411,Millions,NUMBER,Number (real number),1958,Curacao,208,3833764,9.602,-1.1910000000000007
NUMBER,Number,10.827,Millions,NUMBER,Number (real number),1959,Curacao,209,3837681,8.411,2.4160000000000004
NUMBER,Number,9.309,Millions,NUMBER,Number (real number),1960,Curacao,210,3841600,10.827,-1.5180000000000007
NUMBER,Number,9.716,Millions,NUMBER,Number (real number),1961,Curacao,211,3845521,9.309,0.40700000000000003
NUMBER,Number,10.67,Millions,NUMBER,Number (real number),1962,Curacao,212,3849444,9.716,0.9540000000000006
NUMBER,Number,10.22,Millions,NUMBER,Number (real number),1963,Curacao,213,3853369,10.67,-0.4499999999999993
NUMBER,Number,9.937,Millions,NUMBER,Number (real number),1964,Curacao,214,3857296,10.22,-0.28300000000000125
NUMBER,Number,8.916,Millions,NUMBER,Number (real number),1965,Curacao,215,3861225,9.937,-1.020999999999999
NUMBER,Number,8.337,Millions,NUMBER,Number (real number),1966,Curacao,216,3865156,8.916,-0.5790000000000006
NUMBER,Number,10.27,Millions,NUMBER,Number (real number),1967,Curacao,217,3869089,8.337,1.9329999999999998
NUMBER,Number,9.55,Millions,NUMBER,Number (real number),1968,Curacao,218,3873024,10.27,-0.7199999999999989
NUMBER,Number,12.498,Millions,NUMBER,Number (real number),1969,Curacao,219,3876961,9.55,2.9479999999999986
NUMBER,Number,13.978,Millions,NUMBER,Number (real number),1970,Curacao,220,3880900,12.498,1.4800000000000004
NUMBER,Number,12.165,Millions,NUMBER,Number (real number),1971,Curacao,221,3884841,13.978,-1.8130000000000006
NUMBER,Number,11.796,Millions,NUMBER,Number (real number),1972,Curacao,222,3888784,12.165,-0.3689999999999998
NUMBER,Number,13.086,Millions,NUMBER,Number (real number),1973,Curacao,223,3892729,11.796,1.290000000000001
NUMBER,Number,11.861,Millions,NUMBER,Number (real number),1974,Curacao,224,3896676,13.086,-1.2249999999999996
NUMBER,Number,8.589,Millions,NUMBER,Number (real number),1975,Curacao,225,3900625,11.861,-3.2720000000000002
NUMBER,Number,18.348,Millions,NUMBER,Number (real number),1976,Curacao,226,3904576,8.589,9.758999999999999
NUMBER,Number,9.583,Millions,NUMBER,Number (real number),1977,Curacao,227,3908529,18.348,-8.764999999999999
NUMBER,Number,8.162,Millions,NUMBER,Number (real number),1978,Curacao,228,3912484,9.583,-1.4209999999999994
NUMBER,Number,8.562,Millions,NUMBER,Number (real number),1979,Curacao,229,3916441,8.162,0.3999999999999986
NUMBER,Number,8.811,Millions,NUMBER,Number (real number),1980,Curacao,230,3920400,8.562,0.24900000000000055
NUMBER,Number,8.392,Millions,NUMBER,Number (real number),1981,Curacao,231,3924361,8.811,-0.4190000000000005
NUMBER,Number,9.383,Millions,NUMBER,Number (real number),1982,Curacao,232,3928324,8.392,0.9909999999999997
NUMBER,Number,4.822,Millions,NUMBER,Number (real number),1983,Curacao,233,3932289,9.383,-4.560999999999999
NUMBER,Number,12.042,Millions,NUMBER,Number (real number),1984,Curacao,234,3936256,4.822,7.22
NUMBER,Number,14.095,Millions,NUMBER,Number (real number),1985,Curacao,235,3940225,12.042,2.053000000000001
NUMBER,Number,2.702,Millions,NUMBER,Number (real number),1986,Curacao,236,3944196,14.095,-11.393
NUMBER,Number,2.402,Millions,NUMBER,Number (real number),1987,Curacao,237,3948169,2.702,-0.2999999999999998
NUMBER,Number,2.366,Millions,NUMBER,Number (real number),1988,Curacao,238,3952144,2.402,-0.03600000000000003
NUMBER,Number,4.505,Millions,NUMBER,Number (real number),1989,Curacao,239,3956121,2.366,2.139
NUMBER,Number,4.824,Millions,NUMBER,Number (real number),1990,Curacao,240,3960100,4.505,0.31899999999999995
NUMBER,Number,3.849,Millions,NUMBER,Number (real number),1991,Curacao,241,3964081,4.824,-0.9749999999999996
NUMBER,Number,3.171,Millions,NUMBER,Number (real number),1992,Curacao,242,3968064,3.849,-0.6780000000000004
NUMBER,Number,4.896,Millions,NUMBER,Number (real number),1993,Curacao,243,3972049,3.171,1.725
NUMBER,Number,4.694,Millions,NUMBER,Number (real number),1994,Curacao,244,3976036,4.896,-0.20199999999999996
NUMBER,Number,4.645,Millions,NUMBER,Number (real number),1995,Curacao,245,3980025,4.694,-0.04900000000000038
NUMBER,Number,4.345,Millions,NUMBER,Number (real number),1996,Curacao,246,3984016,4.645,-0.2999999999999998
NUMBER,Number,4.547,Millions,NUMBER,Number (real number),1997,Curacao,247,3988009,4.345,0.20199999999999996
NUMBER,Number,0.251,Millions,NUMBER,Number (real number),1998,Curacao,248,3992004,4.547,-4.295999999999999
NUMBER,Number,1.881,Millions,NUMBER,Number (real number),1999,Curacao,249,3996001,0.251,1.63
NUMBER,Number,4.99,Millions,NUMBER,Number (real number),2000,Curacao,250,4000000,1.881,3.109
NUMBER,Number,5.081,Millions,NUMBER,Number (real number),2001,Curacao,251,4004001,4.99,0.09100000000000019
NUMBER,Number,4.899,Millions,NUMBER,Number (real number),2002,Curacao,252,4008004,5.081,-0.18200000000000038
NUMBER,Number,4.902,Millions,NUMBER,Number (real number),2003,Curacao,253,4012009,4.899,0.0030000000000001137
NUMBER,Number,5.143,Millions,NUMBER,Number (real number),2004,Curacao,254,4016016,4.902,0.24099999999999966
NUMBER,Number,5.098,Millions,NUMBER,Number (real number),2005,Curacao,255,4020025,5.143,-0.04499999999999993
NUMBER,Number,5.313,Millions,NUMBER,Number (real number),2006,Curacao,256,4024036,5.098,0.21499999999999986
NUMBER,Number,5.981,Millions,NUMBER,Number (real number),2007,Curacao,257,4028049,5.313,0.6680000000000001
NUMBER,Number,5.753,Millions,NUMBER,Number (real number),2008,Curacao,258,4032064,5.981,-0.22799999999999976
NUMBER,Number,5.887,Millions,NUMBER,Number (real number),2009,Curacao,259,4036081,5.753,0.13399999999999945
NUMBER,Number,4.055,Millions,NUMBER,Number (real number),2010,Curacao,260,4040100,5.887,-1.8319999999999999
NUMBER,Number,5.173,Millions,NUMBER,Number (real number),2011,Curacao,261,4044121,4.055,1.1180000000000003
NUMBER,Number,6.287,Millions,NUMBER,Number (real number),2012,Curacao,262,4048144,5.173,1.1139999999999999
NUMBER,Number,5.932,Millions,NUMBER,Number (real number),2013,Curacao,263,4052169,6.287,-0.35499999999999954
NUMBER,Number,6.797,Millions,NUMBER,Number (real number),2014,Curacao,264,4056196,5.932,0.8649999999999993
NUMBER,Number,7.332,Millions,NUMBER,Number (real number),2015,Curacao,265,4060225,6.797,0.5350000000000001
NUMBER,Number,6.203,Millions,NUMBER,Number (real number),2016,Curacao,266,4064256,7.332,-1.1289999999999996
NUMBER,Number,4.968,Millions,NUMBER,Number (real number),2017,Curacao,267,4068289,6.203,-1.2350000000000003
NUMBER,Number,4.32,Millions,NUMBER,Number (real number),2018,Curacao,268,4072324,4.968,-0.6479999999999997
NUMBER,Number,2.253,Millions,NUMBER,Number (real number),2019,Curacao,269,4076361,4.32,-2.067
NUMBER,Number,1.814,Millions,NUMBER,Number (real number),2020,Curacao,270,4080400,2.253,-0.43900000000000006
NUMBER,Number,2.001,Millions,NUMBER,Number (real number),2021,Curacao,271,4084441,1.814,0.18699999999999983
NUMBER,Number,1.94,Millions,NUMBER,Number (real number),2022,Curacao,272,4088484,2.001,-0.06099999999999994
NUMBER,Number,2.023,Millions,NUMBER,Number (real number),2023,Curacao,273,4092529,1.94,0.08300000000000018
NUMBER,Number,0.282,Millions,NUMBER,Number (real number),1951,Cyprus,201,3806401,0.267,0.014999999999999958
NUMBER,Number,0.315,Millions,NUMBER,Number (real number),1952,Cyprus,202,3810304,0.282,0.03300000000000003
NUMBER,Number,0.366,Millions,NUMBER,Number (real number),1953,Cyprus,203,3814209,0.315,0.05099999999999999
NUMBER,Number,0.443,Millions,NUMBER,Number (real number),1954,Cyprus,204,3818116,0.366,0.07700000000000001
NUMBER,Number,0.451,Millions,NUMBER,Number (real number),1955,Cyprus,205,3822025,0.443,0.008000000000000007
NUMBER,Number,0.674,Millions,NUMBER,Number (real number),1956,Cyprus,206,3825936,0.451,0.22300000000000003
NUMBER,Number,0.817,Millions,NUMBER,Number (real number),1957,Cyprus,207,3829849,0.674,0.1429999999999999
NUMBER,Number,0.765,Millions,NUMBER,Number (real number),1958,Cyprus,208,3833764,0.817,-0.051999999999999935
NUMBER,Number,0.831,Millions,NUMBER,Number (real number),1959,Cyprus,209,3837681,0.765,0.06599999999999995
NUMBER,Number,0.886,Millions,NUMBER,Number (real number),1960,Cyprus,210,3841600,0.831,0.05500000000000005
NUMBER,Number,0.864,Millions,NUMBER,Number (real number),1961,Cyprus,211,3845521,0.886,-0.02200000000000002
NUMBER,Number,0.905,Millions,NUMBER,Number (real number),1962,Cyprus,212,3849444,0.864,0.041000000000000036
NUMBER,Number,0.985,Millions,NUMBER,Number (real number),1963,Cyprus,213,3853369,0.905,0.07999999999999996
NUMBER,Number,1.0,Millions,NUMBER,Number (real number),1964,Cyprus,214,3857296,0.985,0.015000000000000013
NUMBER,Number,1.15,Millions,NUMBER,Number (real number),1965,Cyprus,215,3861225,1.0,0.1499999999999999
NUMBER,Number,1.242,Millions,NUMBER,Number (real number),1966,Cyprus,216,3865156,1.15,0.09200000000000008
NUMBER,Number,1.362,Millions,NUMBER,Number (real number),1967,Cyprus,217,3869089,1.242,0.1200000000000001
NUMBER,Number,1.622,Millions,NUMBER,Number (real number),1968,Cyprus,218,3873024,1.362,0.26
NUMBER,Number,1.67,Millions,NUMBER,Number (real number),1969,Cyprus,219,3876961,1.622,0.04799999999999982
NUMBER,Number,1.703,Millions,NUMBER,Number (real number),1970,Cyprus,220,3880900,1.67,0.03300000000000014
NUMBER,Number,1.884,Millions,NUMBER,Number (real number),1971,Cyprus,221,3884841,1.703,0.18099999999999983
NUMBER,Number,2.406,Millions,NUMBER,Number (real number),1972,Cyprus,222,3888784,1.884,0.5220000000000002
NUMBER,Number,2.504,Millions,NUMBER,Number (real number),1973,Cyprus,223,3892729,2.406,0.09799999999999986
NUMBER,Number,1.929,Millions,NUMBER,Number (real number),1974,Cyprus,224,3896676,2.504,-0.575
NUMBER,Number,1.991,Millions,NUMBER,Number (real number),1975,Cyprus,225,3900625,1.929,0.062000000000000055
NUMBER,Number,2.488,Millions,NUMBER,Number (real number),1976,Cyprus,226,3904576,1.991,0.4969999999999999
NUMBER,Number,2.699,Millions,NUMBER,Number (real number),1977,Cyprus,227,3908529,2.488,0.21099999999999985
NUMBER,Number,2.845,Millions,NUMBER,Number (real number),1978,Cyprus,228,3912484,2.699,0.14600000000000035
NUMBER,Number,3.045,Millions,NUMBER,Number (real number),1979,Cyprus,229,3916441,2.845,0.19999999999999973
NUMBER,Number,3.261,Millions,NUMBER,Number (real number),1980,Cyprus,230,3920400,3.045,0.2160000000000002
NUMBER,Number,3.096,Millions,NUMBER,Number (real number),1981,Cyprus,231,3924361,3.261,-0.16500000000000004
NUMBER,Number,3.157,Millions,NUMBER,Number (real number),1982,Cyprus,232,3928324,3.096,0.06099999999999994
NUMBER,Number,3.151,Millions,NUMBER,Number (real number),1983,Cyprus,233,3932289,3.157,-0.006000000000000227
NUMBER,Number,3.235,Millions,NUMBER,Number (real number),1984,Cyprus,234,3936256,3.151,0.08400000000000007
NUMBER,Number,3.145,Millions,NUMBER,Number (real number),1985,Cyprus,235,3940225,3.235,-0.08999999999999986
NUMBER,Number,3.606,Millions,NUMBER,Number (real number),1986,Cyprus,236,3944196,3.145,0.46099999999999985
NUMBER,Number,4.185,Millions,NUMBER,Number (real number),1987,Cyprus,237,3948169,3.606,0.5789999999999997
NUMBER,Number,4.198,Millions,NUMBER,Number (real number),1988,Cyprus,238,3952144,4.185,0.013000000000000789
NUMBER,Number,4.43,Millions,NUMBER,Number (real number),1989,Cyprus,239,3956121,4.198,0.23199999999999932
NUMBER,Number,4.644,Millions,NUMBER,Number (real number),1990,Cyprus,240,3960100,4.43,0.2140000000000004
NUMBER,Number,5.132,Millions,NUMBER,Number (real number),1991,Cyprus,241,3964081,4.644,0.48799999999999955
NUMBER,Number,5.504,Millions,NUMBER,Number (real number),1992,Cyprus,242,3968064,5.132,0.3719999999999999
NUMBER,Number,5.748,Millions,NUMBER,Number (real number),1993,Cyprus,243,3972049,5.504,0.24400000000000066
NUMBER,Number,5.99,Millions,NUMBER,Number (real number),1994,Cyprus,244,3976036,5.748,0.242
NUMBER,Number,5.86,Millions,NUMBER,Number (real number),1995,Cyprus,245,3980025,5.99,-0.1299999999999999
NUMBER,Number,6.21,Millions,NUMBER,Number (real number),1996,Cyprus,246,3984016,5.86,0.34999999999999964
NUMBER,Number,6.296,Millions,NUMBER,Number (real number),1997,Cyprus,247,3988009,6.21,0.0860000000000003
NUMBER,Number,6.59,Millions,NUMBER,Number (real number),1998,Cyprus,248,3992004,6.296,0.2939999999999996
NUMBER,Number,6.856,Millions,NUMBER,Number (real number),1999,Cyprus,249,3996001,6.59,0.266
NUMBER,Number,7.102,Millions,NUMBER,Number (real number),2000,Cyprus,250,4000000,6.856,0.24600000000000044
NUMBER,Number,6.976,Millions,NUMBER,Number (real number),2001,Cyprus,251,4004001,7.102,-0.12600000000000033
NUMBER,Number,7.167,Millions,NUMBER,Number (real number),2002,Cyprus,252,4008004,6.976,0.19099999999999984
NUMBER,Number,7.557,Millions,NUMBER,Number (real number),2003,Cyprus,253,4012009,7.167,0.39000000000000057
NUMBER,Number,7.787,Millions,NUMBER,Number (real number),2004,Cyprus,254,4016016,7.557,0.22999999999999954
NUMBER,Number,7.958,Millions,NUMBER,Number (real number),2005,Cyprus,255,4020025,7.787,0.17100000000000026
NUMBER,Number,8.186,Millions,NUMBER,Number (real number),2006,Cyprus,256,4024036,7.958,0.22799999999999976
NUMBER,Number,8.504,Millions,NUMBER,Number (real number),2007,Cyprus,257,4028049,8.186,0.3179999999999996
NUMBER,Number,8.717,Millions,NUMBER,Number (real number),2008,Cyprus,258,4032064,8.504,0.21300000000000097
NUMBER,Number,8.471,Millions,NUMBER,Number (real number),2009,Cyprus,259,4036081,8.717,-0.24600000000000044
NUMBER,Number,8.102,Millions,NUMBER,Number (real number),2010,Cyprus,260,4040100,8.471,-0.3689999999999998
NUMBER,Number,7.789,Millions,NUMBER,Number (real number),2011,Cyprus,261,4044121,8.102,-0.3130000000000006
NUMBER,Number,7.264,Millions,NUMBER,Number (real number),2012,Cyprus,262,4048144,7.789,-0.5249999999999995
NUMBER,Number,6.584,Millions,NUMBER,Number (real number),2013,Cyprus,263,4052169,7.264,-0.6800000000000006
NUMBER,Number,6.952,Millions,NUMBER,Number (real number),2014,Cyprus,264,4056196,6.584,0.3680000000000003
NUMBER,Number,6.973,Millions,NUMBER,Number (real number),2015,Cyprus,265,4060225,6.952,0.020999999999999908
NUMBER,Number,7.375,Millions,NUMBER,Number (real number),2016,Cyprus,266,4064256,6.973,0.40200000000000014
NUMBER,Number,7.505,Millions,NUMBER,Number (real number),2017,Cyprus,267,4068289,7.375,0.1299999999999999
NUMBER,Number,7.323,Millions,NUMBER,Number (real number),2018,Cyprus,268,4072324,7.505,-0.1819999999999995
NUMBER,Number,7.344,Millions,NUMBER,Number (real number),2019,Cyprus,269,4076361,7.323,0.020999999999999908
NUMBER,Number,7.015,Millions,NUMBER,Number (real number),2020,Cyprus,270,4080400,7.344,-0.3290000000000006
NUMBER,Number,7.17,Millions,NUMBER,Number (real number),2021,Cyprus,271,4084441,7.015,0.15500000000000025
NUMBER,Number,7.198,Millions,NUMBER,Number (real number),2022,Cyprus,272,4088484,7.17,0.02800000000000047
NUMBER,Number,7.174,Millions,NUMBER,Number (real number),2023,Cyprus,273,4092529,7.198,-0.02400000000000002
NUMBER,Number,0.665,Millions,NUMBER,Number (real number),1861,Czechia,111,3463321,0.202,0.463
NUMBER,Number,1.131,Millions,NUMBER,Number (real number),1862,Czechia,112,3467044,0.665,0.46599999999999997
NUMBER,Number,1.597,Millions,NUMBER,Number (real number),1863,Czechia,113,3470769,1.131,0.46599999999999997
NUMBER,Number,2.063,Millions,NUMBER,Number (real number),1864,Czechia,114,3474496,1.597,0.4660000000000002
NUMBER,Number,2.528,Millions,NUMBER,Number (real number),1865,Czechia,115,3478225,2.063,0.46499999999999986
NUMBER,Number,2.994,Millions,NUMBER,Number (real number),1866,Czechia,116,3481956,2.528,0.4660000000000002
NUMBER,Number,3.457,Millions,NUMBER,Number (real number),1867,Czechia,117,3485689,2.994,0.46299999999999963
NUMBER,Number,3.923,Millions,NUMBER,Number (real number),1868,Czechia,118,3489424,3.457,0.4660000000000002
NUMBER,Number,4.389,Millions,NUMBER,Number (real number),1869,Czechia,119,3493161,3.923,0.4660000000000002
NUMBER,Number,4.855,Millions,NUMBER,Number (real number),1870,Czechia,120,3496900,4.389,0.4660000000000002
NUMBER,Number,5.32,Millions,NUMBER,Number (real number),1871,Czechia,121,3500641,4.855,0.46499999999999986
NUMBER,Number,5.783,Millions,NUMBER,Number (real number),1872,Czechia,122,3504384,5.32,0.4630000000000001
NUMBER,Number,6.249,Millions,NUMBER,Number (real number),1873,Czechia,123,3508129,5.783,0.4659999999999993
NUMBER,Number,6.715,Millions,NUMBER,Number (real number),1874,Czechia,124,3511876,6.249,0.4660000000000002
NUMBER,Number,7.181,Millions,NUMBER,Number (real number),1875,Czechia,125,3515625,6.715,0.4660000000000002
NUMBER,Number,12.412,Millions,NUMBER,Number (real number),1876,Czechia,126,3519376,7.181,5.231000000000001
NUMBER,Number,13.041,Millions,NUMBER,Number (real number),1877,Czechia,127,3523129,12.412,0.6289999999999996
NUMBER,Number,13.671,Millions,NUMBER,Number (real number),1878,Czechia,128,3526884,13.041,0.629999999999999
NUMBER,Number,14.691,Millions,NUMBER,Number (real number),1879,Czechia,129,3530641,13.671,1.0200000000000014
NUMBER,Number,15.564,Millions,NUMBER,Number (real number),1880,Czechia,130,3534400,14.691,0.8729999999999993
NUMBER,Number,16.438,Millions,NUMBER,Number (real number),1881,Czechia,131,3538161,15.564,0.8739999999999988
NUMBER,Number,16.809,Millions,NUMBER,Number (real number),1882,Czechia,132,3541924,16.438,0.3710000000000022
NUMBER,Number,17.954,Millions,NUMBER,Number (real number),1883,Czechia,133,3545689,16.809,1.1449999999999996
NUMBER,Number,18.545,Millions,NUMBER,Number (real number),1884,Czechia,134,3549456,17.954,0.5910000000000011
NUMBER,Number,19.471,Millions,NUMBER,Number (real number),1885,Czechia,135,3553225,18.545,0.9259999999999984
NUMBER,Number,20.469,Millions,NUMBER,Number (real number),1886,Czechia,136,3556996,19.471,0.9980000000000011
NUMBER,Number,21.5,Millions,NUMBER,Number (real number),1887,Czechia,137,3560769,20.469,1.0309999999999988
NUMBER,Number,23.044,Millions,NUMBER,Number (real number),1888,Czechia,138,3564544,21.5,1.5440000000000005
NUMBER,Number,24.397,Millions,NUMBER,Number (real number),1889,Czechia,139,3568321,23.044,1.352999999999998
NUMBER,Number,26.091,Millions,NUMBER,Number (real number),1890,Czechia,140,3572100,24.397,1.6940000000000026
NUMBER,Number,27.05,Millions,NUMBER,Number (real number),1891,Czechia,141,3575881,26.091,0.9589999999999996
NUMBER,Number,27.461,Millions,NUMBER,Number (real number),1892,Czechia,142,3579664,27.05,0.4109999999999978
NUMBER,Number,28.071,Millions,NUMBER,Number (real number),1893,Czechia,143,3583449,27.461,0.610000000000003
NUMBER,Number,28.775,Millions,NUMBER,Number (real number),1894,Czechia,144,3587236,28.071,0.7039999999999971
NUMBER,Number,29.864,Millions,NUMBER,Number (real number),1895,Czechia,145,3591025,28.775,1.0890000000000022
NUMBER,Number,30.599,Millions,NUMBER,Number (real number),1896,Czechia,146,3594816,29.864,0.7349999999999994
NUMBER,Number,32.385,Millions,NUMBER,Number (real number),1897,Czechia,147,3598609,30.599,1.7859999999999978
NUMBER,Number,33.108,Millions,NUMBER,Number (real number),1898,Czechia,148,3602404,32.385,0.722999999999999
NUMBER,Number,33.968,Millions,NUMBER,Number (real number),1899,Czechia,149,3606201,33.108,0.8600000000000065
NUMBER,Number,33.721,Millions,NUMBER,Number (real number),1900,Czechia,150,3610000,33.968,-0.247000000000007
NUMBER,Number,35.235,Millions,NUMBER,Number (real number),1901,Czechia,151,3613801,33.721,1.514000000000003
NUMBER,Number,35.706,Millions,NUMBER,Number (real number),1902,Czechia,152,3617604,35.235,0.47100000000000364
NUMBER,Number,36.377,Millions,NUMBER,Number (real number),1903,Czechia,153,3621409,35.706,0.6709999999999994
NUMBER,Number,36.732,Millions,NUMBER,Number (real number),1904,Czechia,154,3625216,36.377,0.3549999999999969
NUMBER,Number,37.813,Millions,NUMBER,Number (real number),1905,Czechia,155,3629025,36.732,1.081000000000003
NUMBER,Number,39.488,Millions,NUMBER,Number (real number),1906,Czechia,156,3632836,37.813,1.6749999999999972
NUMBER,Number,41.5,Millions,NUMBER,Number (real number),1907,Czechia,157,3636649,39.488,2.0120000000000005
NUMBER,Number,42.266,Millions,NUMBER,Number (real number),1908,Czechia,158,3640464,41.5,0.7659999999999982
NUMBER,Number,42.008,Millions,NUMBER,Number (real number),1909,Czechia,159,3644281,42.266,-0.25799999999999557
NUMBER,Number,41.57,Millions,NUMBER,Number (real number),1910,Czechia,160,3648100,42.008,-0.4380000000000024
NUMBER,Number,42.096,Millions,NUMBER,Number (real number),1911,Czechia,161,3651921,41.57,0.5259999999999962
NUMBER,Number,44.791,Millions,NUMBER,Number (real number),1912,Czechia,162,3655744,42.096,2.6950000000000003
NUMBER,Number,46.851,Millions,NUMBER,Number (real number),1913,Czechia,163,3659569,44.791,2.0600000000000023
NUMBER,Number,42.712,Millions,NUMBER,Number (real number),1914,Czechia,164,3663396,46.851,-4.138999999999996
NUMBER,Number,42.618,Millions,NUMBER,Number (real number),1915,Czechia,165,3667225,42.712,-0.0940000000000012
NUMBER,Number,45.36,Millions,NUMBER,Number (real number),1916,Czechia,166,3671056,42.618,2.7419999999999973
NUMBER,Number,42.654,Millions,NUMBER,Number (real number),1917,Czechia,167,3674889,45.36,-2.705999999999996
NUMBER,Number,36.366,Millions,NUMBER,Number (real number),1918,Czechia,168,3678724,42.654,-6.288000000000004
NUMBER,Number,34.356,Millions,NUMBER,Number (real number),1919,Czechia,169,3682561,36.366,-2.009999999999998
NUMBER,Number,34.073,Millions,NUMBER,Number (real number),1920,Czechia,170,3686400,34.356,-0.28300000000000125
NUMBER,Number,32.723,Millions,NUMBER,Number (real number),1921,Czechia,171,3690241,34.073,-1.3500000000000014
NUMBER,Number,29.205,Millions,NUMBER,Number (real number),1922,Czechia,172,3694084,32.723,-3.5180000000000007
NUMBER,Number,30.868,Millions,NUMBER,Number (real number),1923,Czechia,173,3697929,29.205,1.6630000000000003
NUMBER,Number,37.888,Millions,NUMBER,Number (real number),1924,Czechia,174,3701776,30.868,7.02
NUMBER,Number,35.656,Millions,NUMBER,Number (real number),1925,Czechia,175,3705625,37.888,-2.2319999999999993
NUMBER,Number,36.152,Millions,NUMBER,Number (real number),1926,Czechia,176,3709476,35.656,0.4960000000000022
NUMBER,Number,38.797,Millions,NUMBER,Number (real number),1927,Czechia,177,3713329,36.152,2.644999999999996
NUMBER,Number,40.849,Millions,NUMBER,Number (real number),1928,Czechia,178,3717184,38.797,2.0519999999999996
NUMBER,Number,45.695,Millions,NUMBER,Number (real number),1929,Czechia,179,3721041,40.849,4.846000000000004
NUMBER,Number,40.313,Millions,NUMBER,Number (real number),1930,Czechia,180,3724900,45.695,-5.381999999999998
NUMBER,Number,37.72,Millions,NUMBER,Number (real number),1931,Czechia,181,3728761,40.313,-2.5930000000000035
NUMBER,Number,32.877,Millions,NUMBER,Number (real number),1932,Czechia,182,3732624,37.72,-4.842999999999996
NUMBER,Number,30.066,Millions,NUMBER,Number (real number),1933,Czechia,183,3736489,32.877,-2.8110000000000035
NUMBER,Number,30.033,Millions,NUMBER,Number (real number),1934,Czechia,184,3740356,30.066,-0.0329999999999977
NUMBER,Number,30.919,Millions,NUMBER,Number (real number),1935,Czechia,185,3744225,30.033,0.8859999999999992
NUMBER,Number,33.594,Millions,NUMBER,Number (real number),1936,Czechia,186,3748096,30.919,2.6750000000000007
NUMBER,Number,40.694,Millions,NUMBER,Number (real number),1937,Czechia,187,3751969,33.594,7.100000000000001
NUMBER,Number,46.59,Millions,NUMBER,Number (real number),1938,Czechia,188,3755844,40.694,5.896000000000001
NUMBER,Number,51.194,Millions,NUMBER,Number (real number),1939,Czechia,189,3759721,46.59,4.603999999999999
NUMBER,Number,57.696,Millions,NUMBER,Number (real number),1940,Czechia,190,3763600,51.194,6.501999999999995
NUMBER,Number,58.076,Millions,NUMBER,Number (real number),1941,Czechia,191,3767481,57.696,0.38000000000000256
NUMBER,Number,62.637,Millions,NUMBER,Number (real number),1942,Czechia,192,3771364,58.076,4.561
NUMBER,Number,69.156,Millions,NUMBER,Number (real number),1943,Czechia,193,3775249,62.637,6.5190000000000055
NUMBER,Number,65.928,Millions,NUMBER,Number (real number),1944,Czechia,194,3779136,69.156,-3.2280000000000086
NUMBER,Number,34.988,Millions,NUMBER,Number (real number),1945,Czechia,195,3783025,65.928,-30.939999999999998
NUMBER,Number,43.569,Millions,NUMBER,Number (real number),1946,Czechia,196,3786916,34.988,8.581000000000003
NUMBER,Number,49.453,Millions,NUMBER,Number (real number),1947,Czechia,197,3790809,43.569,5.884
NUMBER,Number,53.451,Millions,NUMBER,Number (real number),1948,Czechia,198,3794704,49.453,3.9979999999999976
NUMBER,Number,56.189,Millions,NUMBER,Number (real number),1949,Czechia,199,3798601,53.451,2.7379999999999995
NUMBER,Number,57.854,Millions,NUMBER,Number (real number),1950,Czechia,200,3802500,56.189,1.6649999999999991
NUMBER,Number,61.651,Millions,NUMBER,Number (real number),1951,Czechia,201,3806401,57.854,3.797000000000004
NUMBER,Number,65.919,Millions,NUMBER,Number (real number),1952,Czechia,202,3810304,61.651,4.267999999999994
NUMBER,Number,68.322,Millions,NUMBER,Number (real number),1953,Czechia,203,3814209,65.919,2.403000000000006
NUMBER,Number,72.966,Millions,NUMBER,Number (real number),1954,Czechia,204,3818116,68.322,4.643999999999991
NUMBER,Number,75.747,Millions,NUMBER,Number (real number),1955,Czechia,205,3822025,72.966,2.781000000000006
NUMBER,Number,81.281,Millions,NUMBER,Number (real number),1956,Czechia,206,3825936,75.747,5.534000000000006
NUMBER,Number,84.904,Millions,NUMBER,Number (real number),1957,Czechia,207,3829849,81.281,3.6229999999999905
NUMBER,Number,92.772,Millions,NUMBER,Number (real number),1958,Czechia,208,3833764,84.904,7.868000000000009
NUMBER,Number,92.872,Millions,NUMBER,Number (real number),1959,Czechia,209,3837681,92.772,0.09999999999999432
NUMBER,Number,99.053,Millions,NUMBER,Number (real number),1960,Czechia,210,3841600,92.872,6.180999999999997
NUMBER,Number,107.505,Millions,NUMBER,Number (real number),1961,Czechia,211,3845521,99.053,8.451999999999998
NUMBER,Number,114.564,Millions,NUMBER,Number (real number),1962,Czechia,212,3849444,107.505,7.0589999999999975
NUMBER,Number,120.492,Millions,NUMBER,Number (real number),1963,Czechia,213,3853369,114.564,5.9280000000000115
NUMBER,Number,125.402,Millions,NUMBER,Number (real number),1964,Czechia,214,3857296,120.492,4.909999999999997
NUMBER,Number,122.2,Millions,NUMBER,Number (real number),1965,Czechia,215,3861225,125.402,-3.201999999999998
NUMBER,Number,121.522,Millions,NUMBER,Number (real number),1966,Czechia,216,3865156,122.2,-0.6779999999999973
NUMBER,Number,121.279,Millions,NUMBER,Number (real number),1967,Czechia,217,3869089,121.522,-0.2430000000000092
NUMBER,Number,126.88,Millions,NUMBER,Number (real number),1968,Czechia,218,3873024,121.279,5.600999999999999
NUMBER,Number,134.694,Millions,NUMBER,Number (real number),1969,Czechia,219,3876961,126.88,7.813999999999993
NUMBER,Number,154.42,Millions,NUMBER,Number (real number),1970,Czechia,220,3880900,134.694,19.726
NUMBER,Number,161.977,Millions,NUMBER,Number (real number),1971,Czechia,221,3884841,154.42,7.557000000000016
NUMBER,Number,163.451,Millions,NUMBER,Number (real number),1972,Czechia,222,3888784,161.977,1.4739999999999895
NUMBER,Number,164.108,Millions,NUMBER,Number (real number),1973,Czechia,223,3892729,163.451,0.6570000000000107
NUMBER,Number,166.0,Millions,NUMBER,Number (real number),1974,Czechia,224,3896676,164.108,1.891999999999996
NUMBER,Number,173.668,Millions,NUMBER,Number (real number),1975,Czechia,225,3900625,166.0,7.668000000000006
NUMBER,Number,180.411,Millions,NUMBER,Number (real number),1976,Czechia,226,3904576,173.668,6.742999999999995
NUMBER,Number,185.792,Millions,NUMBER,Number (real number),1977,Czechia,227,3908529,180.411,5.381
NUMBER,Number,187.464,Millions,NUMBER,Number (real number),1978,Czechia,228,3912484,185.792,1.671999999999997
NUMBER,Number,182.557,Millions,NUMBER,Number (real number),1979,Czechia,229,3916441,187.464,-4.907000000000011
NUMBER,Number,184.677,Millions,NUMBER,Number (real number),1980,Czechia,230,3920400,182.557,2.1200000000000045
NUMBER,Number,182.648,Millions,NUMBER,Number (real number),1981,Czechia,231,3924361,184.677,-2.0289999999999964
NUMBER,Number,180.846,Millions,NUMBER,Number (real number),1982,Czechia,232,3928324,182.648,-1.8019999999999925
NUMBER,Number,181.076,Millions,NUMBER,Number (real number),1983,Czechia,233,3932289,180.846,0.22999999999998977
NUMBER,Number,187.168,Millions,NUMBER,Number (real number),1984,Czechia,234,3936256,181.076,6.092000000000013
NUMBER,Number,184.6,Millions,NUMBER,Number (real number),1985,Czechia,235,3940225,187.168,-2.568000000000012
NUMBER,Number,185.854,Millions,NUMBER,Number (real number),1986,Czechia,236,3944196,184.6,1.254000000000019
NUMBER,Number,183.641,Millions,NUMBER,Number (real number),1987,Czechia,237,3948169,185.854,-2.2130000000000223
NUMBER,Number,180.617,Millions,NUMBER,Number (real number),1988,Czechia,238,3952144,183.641,-3.024000000000001
NUMBER,Number,172.331,Millions,NUMBER,Number (real number),1989,Czechia,239,3956121,180.617,-8.286000000000001
NUMBER,Number,164.25,Millions,NUMBER,Number (real number),1990,Czechia,240,3960100,172.331,-8.080999999999989
NUMBER,Number,148.883,Millions,NUMBER,Number (real number),1991,Czechia,241,3964081,164.25,-15.36699999999999
NUMBER,Number,145.706,Millions,NUMBER,Number (real number),1992,Czechia,242,3968064,148.883,-3.177000000000021
NUMBER,Number,140.124,Millions,NUMBER,Number (real number),1993,Czechia,243,3972049,145.706,-5.581999999999994
NUMBER,Number,132.668,Millions,NUMBER,Number (real number),1994,Czechia,244,3976036,140.124,-7.455999999999989
NUMBER,Number,131.622,Millions,NUMBER,Number (real number),1995,Czechia,245,3980025,132.668,-1.0459999999999923
NUMBER,Number,135.019,Millions,NUMBER,Number (real number),1996,Czechia,246,3984016,131.622,3.3969999999999914
NUMBER,Number,130.942,Millions,NUMBER,Number (real number),1997,Czechia,247,3988009,135.019,-4.076999999999998
NUMBER,Number,125.716,Millions,NUMBER,Number (real number),1998,Czechia,248,3992004,130.942,-5.226000000000013
NUMBER,Number,116.672,Millions,NUMBER,Number (real number),1999,Czechia,249,3996001,125.716,-9.043999999999997
NUMBER,Number,127.236,Millions,NUMBER,Number (real number),2000,Czechia,250,4000000,116.672,10.564000000000007
NUMBER,Number,127.145,Millions,NUMBER,Number (real number),2001,Czechia,251,4004001,127.236,-0.09100000000000819
NUMBER,Number,123.968,Millions,NUMBER,Number (real number),2002,Czechia,252,4008004,127.145,-3.1769999999999925
NUMBER,Number,127.572,Millions,NUMBER,Number (real number),2003,Czechia,253,4012009,123.968,3.603999999999999
NUMBER,Number,128.292,Millions,NUMBER,Number (real number),2004,Czechia,254,4016016,127.572,0.7199999999999989
NUMBER,Number,125.691,Millions,NUMBER,Number (real number),2005,Czechia,255,4020025,128.292,-2.600999999999999
NUMBER,Number,126.537,Millions,NUMBER,Number (real number),2006,Czechia,256,4024036,125.691,0.8460000000000036
NUMBER,Number,128.366,Millions,NUMBER,Number (real number),2007,Czechia,257,4028049,126.537,1.8290000000000077
NUMBER,Number,122.935,Millions,NUMBER,Number (real number),2008,Czechia,258,4032064,128.366,-5.431000000000012
NUMBER,Number,114.983,Millions,NUMBER,Number (real number),2009,Czechia,259,4036081,122.935,-7.951999999999998
NUMBER,Number,117.476,Millions,NUMBER,Number (real number),2010,Czechia,260,4040100,114.983,2.492999999999995
NUMBER,Number,115.189,Millions,NUMBER,Number (real number),2011,Czechia,261,4044121,117.476,-2.287000000000006
NUMBER,Number,111.287,Millions,NUMBER,Number (real number),2012,Czechia,262,4048144,115.189,-3.901999999999987
NUMBER,Number,106.722,Millions,NUMBER,Number (real number),2013,Czechia,263,4052169,111.287,-4.565000000000012
NUMBER,Number,104.246,Millions,NUMBER,Number (real number),2014,Czechia,264,4056196,106.722,-2.475999999999999
NUMBER,Number,105.001,Millions,NUMBER,Number (real number),2015,Czechia,265,4060225,104.246,0.7550000000000097
NUMBER,Number,106.648,Millions,NUMBER,Number (real number),2016,Czechia,266,4064256,105.001,1.6469999999999914
NUMBER,Number,107.746,Millions,NUMBER,Number (real number),2017,Czechia,267,4068289,106.648,1.097999999999999
NUMBER,Number,106.336,Millions,NUMBER,Number (real number),2018,Czechia,268,4072324,107.746,-1.4099999999999966
NUMBER,Number,101.009,Millions,NUMBER,Number (real number),2019,Czechia,269,4076361,106.336,-5.326999999999998
NUMBER,Number,91.674,Millions,NUMBER,Number (real number),2020,Czechia,270,4080400,101.009,-9.334999999999994
NUMBER,Number,96.645,Millions,NUMBER,Number (real number),2021,Czechia,271,4084441,91.674,4.970999999999989
NUMBER,Number,95.108,Millions,NUMBER,Number (real number),2022,Czechia,272,4088484,96.645,-1.536999999999992
NUMBER,Number,85.624,Millions,NUMBER,Number (real number),2023,Czechia,273,4092529,95.108,-9.484000000000009
NUMBER,Number,0.158,Millions,NUMBER,Number (real number),1844,Denmark,94,3400336,0.136,0.021999999999999992
NUMBER,Number,0.209,Millions,NUMBER,Number (real number),1845,Denmark,95,3404025,0.158,0.05099999999999999
NUMBER,Number,0.227,Millions,NUMBER,Number (real number),1846,Denmark,96,3407716,0.209,0.018000000000000016
NUMBER,Number,0.172,Millions,NUMBER,Number (real number),1847,Denmark,97,3411409,0.227,-0.05500000000000002
NUMBER,Number,0.311,Millions,NUMBER,Number (real number),1848,Denmark,98,3415104,0.172,0.139
NUMBER,Number,0.271,Millions,NUMBER,Number (real number),1849,Denmark,99,3418801,0.311,-0.03999999999999998
NUMBER,Number,0.341,Millions,NUMBER,Number (real number),1850,Denmark,100,3422500,0.271,0.07
NUMBER,Number,0.311,Millions,NUMBER,Number (real number),1851,Denmark,101,3426201,0.341,-0.030000000000000027
NUMBER,Number,0.333,Millions,NUMBER,Number (real number),1852,Denmark,102,3429904,0.311,0.02200000000000002
NUMBER,Number,0.359,Millions,NUMBER,Number (real number),1853,Denmark,103,3433609,0.333,0.025999999999999968
NUMBER,Number,0.458,Millions,NUMBER,Number (real number),1854,Denmark,104,3437316,0.359,0.09900000000000003
NUMBER,Number,0.454,Millions,NUMBER,Number (real number),1855,Denmark,105,3441025,0.458,-0.0040000000000000036
NUMBER,Number,0.649,Millions,NUMBER,Number (real number),1856,Denmark,106,3444736,0.454,0.195
NUMBER,Number,0.663,Millions,NUMBER,Number (real number),1857,Denmark,107,3448449,0.649,0.014000000000000012
NUMBER,Number,0.491,Millions,NUMBER,Number (real number),1858,Denmark,108,3452164,0.663,-0.17200000000000004
NUMBER,Number,0.627,Millions,NUMBER,Number (real number),1859,Denmark,109,3455881,0.491,0.136
NUMBER,Number,0.542,Millions,NUMBER,Number (real number),1860,Denmark,110,3459600,0.627,-0.08499999999999996
NUMBER,Number,0.784,Millions,NUMBER,Number (real number),1861,Denmark,111,3463321,0.542,0.242
NUMBER,Number,0.678,Millions,NUMBER,Number (real number),1862,Denmark,112,3467044,0.784,-0.10599999999999998
NUMBER,Number,0.755,Millions,NUMBER,Number (real number),1863,Denmark,113,3470769,0.678,0.07699999999999996
NUMBER,Number,0.649,Millions,NUMBER,Number (real number),1864,Denmark,114,3474496,0.755,-0.10599999999999998
NUMBER,Number,1.015,Millions,NUMBER,Number (real number),1865,Denmark,115,3478225,0.649,0.3659999999999999
NUMBER,Number,0.938,Millions,NUMBER,Number (real number),1866,Denmark,116,3481956,1.015,-0.07699999999999996
NUMBER,Number,0.916,Millions,NUMBER,Number (real number),1867,Denmark,117,3485689,0.938,-0.02199999999999991
NUMBER,Number,1.085,Millions,NUMBER,Number (real number),1868,Denmark,118,3489424,0.916,0.16899999999999993
NUMBER,Number,0.945,Millions,NUMBER,Number (real number),1869,Denmark,119,3493161,1.085,-0.14
NUMBER,Number,1.143,Millions,NUMBER,Number (real number),1870,Denmark,120,3496900,0.945,0.19800000000000006
NUMBER,Number,1.187,Millions,NUMBER,Number (real number),1871,Denmark,121,3500641,1.143,0.04400000000000004
NUMBER,Number,1.14,Millions,NUMBER,Number (real number),1872,Denmark,122,3504384,1.187,-0.04700000000000015
NUMBER,Number,1.15,Millions,NUMBER,Number (real number),1873,Denmark,123,3508129,1.14,0.010000000000000009
NUMBER,Number,1.242,Millions,NUMBER,Number (real number),1874,Denmark,124,3511876,1.15,0.09200000000000008
NUMBER,Number,1.458,Millions,NUMBER,Number (real number),1875,Denmark,125,3515625,1.242,0.21599999999999997
NUMBER,Number,1.543,Millions,NUMBER,Number (real number),1876,Denmark,126,3519376,1.458,0.08499999999999996
NUMBER,Number,1.524,Millions,NUMBER,Number (real number),1877,Denmark,127,3523129,1.543,-0.018999999999999906
NUMBER,Number,1.447,Millions,NUMBER,Number (real number),1878,Denmark,128,3526884,1.524,-0.07699999999999996
NUMBER,Number,1.634,Millions,NUMBER,Number (real number),1879,Denmark,129,3530641,1.447,0.18699999999999983
NUMBER,Number,1.861,Millions,NUMBER,Number (real number),1880,Denmark,130,3534400,1.634,0.2270000000000001
NUMBER,Number,1.971,Millions,NUMBER,Number (real number),1881,Denmark,131,3538161,1.861,0.1100000000000001
NUMBER,Number,2.114,Millions,NUMBER,Number (real number),1882,Denmark,132,3541924,1.971,0.1429999999999998
NUMBER,Number,2.429,Millions,NUMBER,Number (real number),1883,Denmark,133,3545689,2.114,0.31499999999999995
NUMBER,Number,2.418,Millions,NUMBER,Number (real number),1884,Denmark,134,3549456,2.429,-0.010999999999999677
NUMBER,Number,2.535,Millions,NUMBER,Number (real number),1885,Denmark,135,3553225,2.418,0.11699999999999999
NUMBER,Number,2.429,Millions,NUMBER,Number (real number),1886,Denmark,136,3556996,2.535,-0.10600000000000032
NUMBER,Number,2.492,Millions,NUMBER,Number (real number),1887,Denmark,137,3560769,2.429,0.06300000000000017
NUMBER,Number,2.803,Millions,NUMBER,Number (real number),1888,Denmark,138,3564544,2.492,0.31099999999999994
NUMBER,Number,2.993,Millions,NUMBER,Number (real number),1889,Denmark,139,3568321,2.803,0.18999999999999995
NUMBER,Number,2.869,Millions,NUMBER,Number (real number),1890,Denmark,140,3572100,2.993,-0.12399999999999967
NUMBER,Number,3.085,Millions,NUMBER,Number (real number),1891,Denmark,141,3575881,2.869,0.21599999999999975
NUMBER,Number,3.169,Millions,NUMBER,Number (real number),1892,Denmark,142,3579664,3.085,0.08400000000000007
NUMBER,Number,2.997,Millions,NUMBER,Number (real number),1893,Denmark,143,3583449,3.169,-0.17200000000000015
NUMBER,Number,3.4,Millions,NUMBER,Number (real number),1894,Denmark,144,3587236,2.997,0.403
NUMBER,Number,3.525,Millions,NUMBER,Number (real number),1895,Denmark,145,3591025,3.4,0.125
NUMBER,Number,4.313,Millions,NUMBER,Number (real number),1896,Denmark,146,3594816,3.525,0.7879999999999998
NUMBER,Number,4.624,Millions,NUMBER,Number (real number),1897,Denmark,147,3598609,4.313,0.31099999999999994
NUMBER,Number,4.804,Millions,NUMBER,Number (real number),1898,Denmark,148,3602404,4.624,0.1800000000000006
NUMBER,Number,5.251,Millions,NUMBER,Number (real number),1899,Denmark,149,3606201,4.804,0.44700000000000006
NUMBER,Number,5.148,Millions,NUMBER,Number (real number),1900,Denmark,150,3610000,5.251,-0.10300000000000065
NUMBER,Number,5.36,Millions,NUMBER,Number (real number),1901,Denmark,151,3613801,5.148,0.21200000000000063
NUMBER,Number,5.503,Millions,NUMBER,Number (real number),1902,Denmark,152,3617604,5.36,0.1429999999999998
NUMBER,Number,5.727,Millions,NUMBER,Number (real number),1903,Denmark,153,3621409,5.503,0.2240000000000002
NUMBER,Number,6.178,Millions,NUMBER,Number (real number),1904,Denmark,154,3625216,5.727,0.4509999999999996
NUMBER,Number,6.009,Millions,NUMBER,Number (real number),1905,Denmark,155,3629025,6.178,-0.1689999999999996
NUMBER,Number,6.544,Millions,NUMBER,Number (real number),1906,Denmark,156,3632836,6.009,0.5349999999999993
NUMBER,Number,5.833,Millions,NUMBER,Number (real number),1907,Denmark,157,3636649,6.544,-0.7109999999999994
NUMBER,Number,7.236,Millions,NUMBER,Number (real number),1908,Denmark,158,3640464,5.833,1.4029999999999996
NUMBER,Number,8.006,Millions,NUMBER,Number (real number),1909,Denmark,159,3644281,7.236,0.7700000000000005
NUMBER,Number,7.35,Millions,NUMBER,Number (real number),1910,Denmark,160,3648100,8.006,-0.6560000000000006
NUMBER,Number,7.83,Millions,NUMBER,Number (real number),1911,Denmark,161,3651921,7.35,0.4800000000000004
NUMBER,Number,9.285,Millions,NUMBER,Number (real number),1912,Denmark,162,3655744,7.83,1.455
NUMBER,Number,9.526,Millions,NUMBER,Number (real number),1913,Denmark,163,3659569,9.285,0.24099999999999966
NUMBER,Number,9.765,Millions,NUMBER,Number (real number),1914,Denmark,164,3663396,9.526,0.23900000000000077
NUMBER,Number,10.453,Millions,NUMBER,Number (real number),1915,Denmark,165,3667225,9.765,0.6879999999999988
NUMBER,Number,10.215,Millions,NUMBER,Number (real number),1916,Denmark,166,3671056,10.453,-0.23799999999999955
NUMBER,Number,7.434,Millions,NUMBER,Number (real number),1917,Denmark,167,3674889,10.215,-2.7809999999999997
NUMBER,Number,8.676,Millions,NUMBER,Number (real number),1918,Denmark,168,3678724,7.434,1.242
NUMBER,Number,8.237,Millions,NUMBER,Number (real number),1919,Denmark,169,3682561,8.676,-0.43900000000000006
NUMBER,Number,7.192,Millions,NUMBER,Number (real number),1920,Denmark,170,3686400,8.237,-1.045
NUMBER,Number,6.793,Millions,NUMBER,Number (real number),1921,Denmark,171,3690241,7.192,-0.399
NUMBER,Number,9.651,Millions,NUMBER,Number (real number),1922,Denmark,172,3694084,6.793,2.8579999999999997
NUMBER,Number,10.527,Millions,NUMBER,Number (real number),1923,Denmark,173,3697929,9.651,0.8759999999999994
NUMBER,Number,12.34,Millions,NUMBER,Number (real number),1924,Denmark,174,3701776,10.527,1.8130000000000006
NUMBER,Number,10.721,Millions,NUMBER,Number (real number),1925,Denmark,175,3705625,12.34,-1.6189999999999998
NUMBER,Number,10.468,Millions,NUMBER,Number (real number),1926,Denmark,176,3709476,10.721,-0.2530000000000001
NUMBER,Number,13.326,Millions,NUMBER,Number (real number),1927,Denmark,177,3713329,10.468,2.8580000000000005
NUMBER,Number,12.557,Millions,NUMBER,Number (real number),1928,Denmark,178,3717184,13.326,-0.7690000000000001
NUMBER,Number,15.125,Millions,NUMBER,Number (real number),1929,Denmark,179,3721041,12.557,2.5679999999999996
NUMBER,Number,13.806,Millions,NUMBER,Number (real number),1930,Denmark,180,3724900,15.125,-1.3190000000000008
NUMBER,Number,14.321,Millions,NUMBER,Number (real number),1931,Denmark,181,3728761,13.806,0.5150000000000006
NUMBER,Number,13.427,Millions,NUMBER,Number (real number),1932,Denmark,182,3732624,14.321,-0.8940000000000001
NUMBER,Number,13.371,Millions,NUMBER,Number (real number),1933,Denmark,183,3736489,13.427,-0.05599999999999916
NUMBER,Number,14.642,Millions,NUMBER,Number (real number),1934,Denmark,184,3740356,13.371,1.270999999999999
NUMBER,Number,15.25,Millions,NUMBER,Number (real number),1935,Denmark,185,3744225,14.642,0.6080000000000005
NUMBER,Number,15.778,Millions,NUMBER,Number (real number),1936,Denmark,186,3748096,15.25,0.5280000000000005
NUMBER,Number,16.295,Millions,NUMBER,Number (real number),1937,Denmark,187,3751969,15.778,0.5170000000000012
NUMBER,Number,14.631,Millions,NUMBER,Number (real number),1938,Denmark,188,3755844,16.295,-1.6640000000000015
NUMBER,Number,16.302,Millions,NUMBER,Number (real number),1939,Denmark,189,3759721,14.631,1.6709999999999994
NUMBER,Number,14.823,Millions,NUMBER,Number (real number),1940,Denmark,190,3763600,16.302,-1.4789999999999992
NUMBER,Number,17.399,Millions,NUMBER,Number (real number),1941,Denmark,191,3767481,14.823,2.5760000000000005
NUMBER,Number,16.472,Millions,NUMBER,Number (real number),1942,Denmark,192,3771364,17.399,-0.9269999999999996
NUMBER,Number,20.622,Millions,NUMBER,Number (real number),1943,Denmark,193,3775249,16.472,4.149999999999999
NUMBER,Number,20.281,Millions,NUMBER,Number (real number),1944,Denmark,194,3779136,20.622,-0.3410000000000011
NUMBER,Number,14.043,Millions,NUMBER,Number (real number),1945,Denmark,195,3783025,20.281,-6.2379999999999995
NUMBER,Number,17.644,Millions,NUMBER,Number (real number),1946,Denmark,196,3786916,14.043,3.600999999999999
NUMBER,Number,21.454,Millions,NUMBER,Number (real number),1947,Denmark,197,3790809,17.644,3.8100000000000023
NUMBER,Number,17.071,Millions,NUMBER,Number (real number),1948,Denmark,198,3794704,21.454,-4.382999999999999
NUMBER,Number,16.88,Millions,NUMBER,Number (real number),1949,Denmark,199,3798601,17.071,-0.1910000000000025
NUMBER,Number,21.988,Millions,NUMBER,Number (real number),1950,Denmark,200,3802500,16.88,5.1080000000000005
NUMBER,Number,21.921,Millions,NUMBER,Number (real number),1951,Denmark,201,3806401,21.988,-0.06700000000000017
NUMBER,Number,22.899,Millions,NUMBER,Number (real number),1952,Denmark,202,3810304,21.921,0.9780000000000015
NUMBER,Number,23.151,Millions,NUMBER,Number (real number),1953,Denmark,203,3814209,22.899,0.2519999999999989
NUMBER,Number,25.577,Millions,NUMBER,Number (real number),1954,Denmark,204,3818116,23.151,2.426000000000002
NUMBER,Number,27.065,Millions,NUMBER,Number (real number),1955,Denmark,205,3822025,25.577,1.4879999999999995
NUMBER,Number,26.372,Millions,NUMBER,Number (real number),1956,Denmark,206,3825936,27.065,-0.6930000000000014
NUMBER,Number,24.9,Millions,NUMBER,Number (real number),1957,Denmark,207,3829849,26.372,-1.4720000000000013
NUMBER,Number,26.791,Millions,NUMBER,Number (real number),1958,Denmark,208,3833764,24.9,1.8910000000000018
NUMBER,Number,26.034,Millions,NUMBER,Number (real number),1959,Denmark,209,3837681,26.791,-0.7570000000000014
NUMBER,Number,29.75,Millions,NUMBER,Number (real number),1960,Denmark,210,3841600,26.034,3.716000000000001
NUMBER,Number,31.702,Millions,NUMBER,Number (real number),1961,Denmark,211,3845521,29.75,1.9520000000000017
NUMBER,Number,36.89,Millions,NUMBER,Number (real number),1962,Denmark,212,3849444,31.702,5.187999999999999
NUMBER,Number,40.668,Millions,NUMBER,Number (real number),1963,Denmark,213,3853369,36.89,3.7779999999999987
NUMBER,Number,43.147,Millions,NUMBER,Number (real number),1964,Denmark,214,3857296,40.668,2.478999999999999
NUMBER,Number,44.293,Millions,NUMBER,Number (real number),1965,Denmark,215,3861225,43.147,1.1460000000000008
NUMBER,Number,50.078,Millions,NUMBER,Number (real number),1966,Denmark,216,3865156,44.293,5.785000000000004
NUMBER,Number,49.026,Millions,NUMBER,Number (real number),1967,Denmark,217,3869089,50.078,-1.0519999999999996
NUMBER,Number,53.273,Millions,NUMBER,Number (real number),1968,Denmark,218,3873024,49.026,4.247
NUMBER,Number,59.343,Millions,NUMBER,Number (real number),1969,Denmark,219,3876961,53.273,6.07
NUMBER,Number,62.039,Millions,NUMBER,Number (real number),1970,Denmark,220,3880900,59.343,2.695999999999998
NUMBER,Number,57.001,Millions,NUMBER,Number (real number),1971,Denmark,221,3884841,62.039,-5.038000000000004
NUMBER,Number,59.575,Millions,NUMBER,Number (real number),1972,Denmark,222,3888784,57.001,2.574000000000005
NUMBER,Number,59.194,Millions,NUMBER,Number (real number),1973,Denmark,223,3892729,59.575,-0.3810000000000002
NUMBER,Number,55.009,Millions,NUMBER,Number (real number),1974,Denmark,224,3896676,59.194,-4.185000000000002
NUMBER,Number,55.709,Millions,NUMBER,Number (real number),1975,Denmark,225,3900625,55.009,0.7000000000000028
NUMBER,Number,60.057,Millions,NUMBER,Number (real number),1976,Denmark,226,3904576,55.709,4.347999999999999
NUMBER,Number,61.765,Millions,NUMBER,Number (real number),1977,Denmark,227,3908529,60.057,1.7079999999999984
NUMBER,Number,61.028,Millions,NUMBER,Number (real number),1978,Denmark,228,3912484,61.765,-0.7370000000000019
NUMBER,Number,62.908,Millions,NUMBER,Number (real number),1979,Denmark,229,3916441,61.028,1.8800000000000026
NUMBER,Number,60.286,Millions,NUMBER,Number (real number),1980,Denmark,230,3920400,62.908,-2.622
NUMBER,Number,51.716,Millions,NUMBER,Number (real number),1981,Denmark,231,3924361,60.286,-8.57
NUMBER,Number,53.615,Millions,NUMBER,Number (real number),1982,Denmark,232,3928324,51.716,1.899000000000001
NUMBER,Number,50.098,Millions,NUMBER,Number (real number),1983,Denmark,233,3932289,53.615,-3.517000000000003
NUMBER,Number,50.781,Millions,NUMBER,Number (real number),1984,Denmark,234,3936256,50.098,0.6829999999999998
NUMBER,Number,59.981,Millions,NUMBER,Number (real number),1985,Denmark,235,3940225,50.781,9.200000000000003
NUMBER,Number,58.802,Millions,NUMBER,Number (real number),1986,Denmark,236,3944196,59.981,-1.179000000000002
NUMBER,Number,58.242,Millions,NUMBER,Number (real number),1987,Denmark,237,3948169,58.802,-0.5600000000000023
NUMBER,Number,55.014,Millions,NUMBER,Number (real number),1988,Denmark,238,3952144,58.242,-3.2279999999999944
NUMBER,Number,48.685,Millions,NUMBER,Number (real number),1989,Denmark,239,3956121,55.014,-6.329000000000001
NUMBER,Number,53.464,Millions,NUMBER,Number (real number),1990,Denmark,240,3960100,48.685,4.778999999999996
NUMBER,Number,64.093,Millions,NUMBER,Number (real number),1991,Denmark,241,3964081,53.464,10.629000000000005
NUMBER,Number,58.315,Millions,NUMBER,Number (real number),1992,Denmark,242,3968064,64.093,-5.778000000000006
NUMBER,Number,60.562,Millions,NUMBER,Number (real number),1993,Denmark,243,3972049,58.315,2.247
NUMBER,Number,64.661,Millions,NUMBER,Number (real number),1994,Denmark,244,3976036,60.562,4.099000000000004
NUMBER,Number,61.641,Millions,NUMBER,Number (real number),1995,Denmark,245,3980025,64.661,-3.020000000000003
NUMBER,Number,74.887,Millions,NUMBER,Number (real number),1996,Denmark,246,3984016,61.641,13.246000000000002
NUMBER,Number,65.425,Millions,NUMBER,Number (real number),1997,Denmark,247,3988009,74.887,-9.462000000000003
NUMBER,Number,61.226,Millions,NUMBER,Number (real number),1998,Denmark,248,3992004,65.425,-4.198999999999998
NUMBER,Number,58.642,Millions,NUMBER,Number (real number),1999,Denmark,249,3996001,61.226,-2.583999999999996
NUMBER,Number,54.296,Millions,NUMBER,Number (real number),2000,Denmark,250,4000000,58.642,-4.346000000000004
NUMBER,Number,55.886,Millions,NUMBER,Number (real number),2001,Denmark,251,4004001,54.296,1.5900000000000034
NUMBER,Number,55.544,Millions,NUMBER,Number (real number),2002,Denmark,252,4008004,55.886,-0.34200000000000585
NUMBER,Number,60.638,Millions,NUMBER,Number (real number),2003,Denmark,253,4012009,55.544,5.094000000000001
NUMBER,Number,55.093,Millions,NUMBER,Number (real number),2004,Denmark,254,4016016,60.638,-5.544999999999995
NUMBER,Number,51.527,Millions,NUMBER,Number (real number),2005,Denmark,255,4020025,55.093,-3.5660000000000025
NUMBER,Number,59.492,Millions,NUMBER,Number (real number),2006,Denmark,256,4024036,51.527,7.964999999999996
NUMBER,Number,54.698,Millions,NUMBER,Number (real number),2007,Denmark,257,4028049,59.492,-4.793999999999997
NUMBER,Number,51.246,Millions,NUMBER,Number (real number),2008,Denmark,258,4032064,54.698,-3.451999999999998
NUMBER,Number,48.84,Millions,NUMBER,Number (real number),2009,Denmark,259,4036081,51.246,-2.405999999999999
NUMBER,Number,49.179,Millions,NUMBER,Number (real number),2010,Denmark,260,4040100,48.84,0.33899999999999864
NUMBER,Number,44.227,Millions,NUMBER,Number (real number),2011,Denmark,261,4044121,49.179,-4.952000000000005
NUMBER,Number,39.853,Millions,NUMBER,Number (real number),2012,Denmark,262,4048144,44.227,-4.373999999999995
NUMBER,Number,41.755,Millions,NUMBER,Number (real number),2013,Denmark,263,4052169,39.853,1.902000000000001
NUMBER,Number,37.565,Millions,NUMBER,Number (real number),2014,Denmark,264,4056196,41.755,-4.190000000000005
NUMBER,Number,35.102,Millions,NUMBER,Number (real number),2015,Denmark,265,4060225,37.565,-2.463000000000001
NUMBER,Number,36.906,Millions,NUMBER,Number (real number),2016,Denmark,266,4064256,35.102,1.804000000000002
NUMBER,Number,34.652,Millions,NUMBER,Number (real number),2017,Denmark,267,4068289,36.906,-2.253999999999998
NUMBER,Number,34.602,Millions,NUMBER,Number (real number),2018,Denmark,268,4072324,34.652,-0.05000000000000426
NUMBER,Number,30.942,Millions,NUMBER,Number (real number),2019,Denmark,269,4076361,34.602,-3.6599999999999966
NUMBER,Number,28.294,Millions,NUMBER,Number (real number),2020,Denmark,270,4080400,30.942,-2.6479999999999997
NUMBER,Number,29.588,Millions,NUMBER,Number (real number),2021,Denmark,271,4084441,28.294,1.2940000000000005
NUMBER,Number,28.432,Millions,NUMBER,Number (real number),2022,Denmark,272,4088484,29.588,-1.1560000000000024
NUMBER,Number,27.265,Millions,NUMBER,Number (real number),2023,Denmark,273,4092529,28.432,-1.166999999999998
NUMBER,Number,0.026,Millions,NUMBER,Number (real number),1951,Djibouti,201,3806401,0.011,0.015
NUMBER,Number,0.026,Millions,NUMBER,Number (real number),1952,Djibouti,202,3810304,0.026,0.0
NUMBER,Number,0.029,Millions,NUMBER,Number (real number),1953,Djibouti,203,3814209,0.026,0.0030000000000000027
NUMBER,Number,0.033,Millions,NUMBER,Number (real number),1954,Djibouti,204,3818116,0.029,0.004
NUMBER,Number,0.037,Millions,NUMBER,Number (real number),1955,Djibouti,205,3822025,0.033,0.003999999999999997
NUMBER,Number,0.029,Millions,NUMBER,Number (real number),1956,Djibouti,206,3825936,0.037,-0.007999999999999997
NUMBER,Number,0.044,Millions,NUMBER,Number (real number),1957,Djibouti,207,3829849,0.029,0.014999999999999996
NUMBER,Number,0.048,Millions,NUMBER,Number (real number),1958,Djibouti,208,3833764,0.044,0.0040000000000000036
NUMBER,Number,0.037,Millions,NUMBER,Number (real number),1959,Djibouti,209,3837681,0.048,-0.011000000000000003
NUMBER,Number,0.04,Millions,NUMBER,Number (real number),1960,Djibouti,210,3841600,0.037,0.0030000000000000027
NUMBER,Number,0.044,Millions,NUMBER,Number (real number),1961,Djibouti,211,3845521,0.04,0.003999999999999997
NUMBER,Number,0.048,Millions,NUMBER,Number (real number),1962,Djibouti,212,3849444,0.044,0.0040000000000000036
NUMBER,Number,0.066,Millions,NUMBER,Number (real number),1963,Djibouti,213,3853369,0.048,0.018000000000000002
NUMBER,Number,0.084,Millions,NUMBER,Number (real number),1964,Djibouti,214,3857296,0.066,0.018000000000000002
NUMBER,Number,0.121,Millions,NUMBER,Number (real number),1965,Djibouti,215,3861225,0.084,0.03699999999999999
NUMBER,Number,0.139,Millions,NUMBER,Number (real number),1966,Djibouti,216,3865156,0.121,0.018000000000000016
NUMBER,Number,0.088,Millions,NUMBER,Number (real number),1967,Djibouti,217,3869089,0.139,-0.05100000000000002
NUMBER,Number,0.121,Millions,NUMBER,Number (real number),1968,Djibouti,218,3873024,0.088,0.033
NUMBER,Number,0.084,Millions,NUMBER,Number (real number),1969,Djibouti,219,3876961,0.121,-0.03699999999999999
NUMBER,Number,0.139,Millions,NUMBER,Number (real number),1970,Djibouti,220,3880900,0.084,0.05500000000000001
NUMBER,Number,0.161,Millions,NUMBER,Number (real number),1971,Djibouti,221,3884841,0.139,0.021999999999999992
NUMBER,Number,0.191,Millions,NUMBER,Number (real number),1972,Djibouti,222,3888784,0.161,0.03
NUMBER,Number,0.18,Millions,NUMBER,Number (real number),1973,Djibouti,223,3892729,0.191,-0.01100000000000001
NUMBER,Number,0.194,Millions,NUMBER,Number (real number),1974,Djibouti,224,3896676,0.18,0.014000000000000012
NUMBER,Number,0.198,Millions,NUMBER,Number (real number),1975,Djibouti,225,3900625,0.194,0.0040000000000000036
NUMBER,Number,0.198,Millions,NUMBER,Number (real number),1976,Djibouti,226,3904576,0.198,0.0
NUMBER,Number,0.198,Millions,NUMBER,Number (real number),1977,Djibouti,227,3908529,0.198,0.0
NUMBER,Number,0.202,Millions,NUMBER,Number (real number),1978,Djibouti,228,3912484,0.198,0.0040000000000000036
NUMBER,Number,0.363,Millions,NUMBER,Number (real number),1979,Djibouti,229,3916441,0.202,0.16099999999999998
NUMBER,Number,0.348,Millions,NUMBER,Number (real number),1980,Djibouti,230,3920400,0.363,-0.015000000000000013
NUMBER,Number,0.3,Millions,NUMBER,Number (real number),1981,Djibouti,231,3924361,0.348,-0.04799999999999999
NUMBER,Number,0.348,Millions,NUMBER,Number (real number),1982,Djibouti,232,3928324,0.3,0.04799999999999999
NUMBER,Number,0.348,Millions,NUMBER,Number (real number),1983,Djibouti,233,3932289,0.348,0.0
NUMBER,Number,0.352,Millions,NUMBER,Number (real number),1984,Djibouti,234,3936256,0.348,0.0040000000000000036
NUMBER,Number,0.359,Millions,NUMBER,Number (real number),1985,Djibouti,235,3940225,0.352,0.007000000000000006
NUMBER,Number,0.377,Millions,NUMBER,Number (real number),1986,Djibouti,236,3944196,0.359,0.018000000000000016
NUMBER,Number,0.388,Millions,NUMBER,Number (real number),1987,Djibouti,237,3948169,0.377,0.01100000000000001
NUMBER,Number,0.348,Millions,NUMBER,Number (real number),1988,Djibouti,238,3952144,0.388,-0.040000000000000036
NUMBER,Number,0.388,Millions,NUMBER,Number (real number),1989,Djibouti,239,3956121,0.348,0.040000000000000036
NUMBER,Number,0.297,Millions,NUMBER,Number (real number),1990,Djibouti,240,3960100,0.388,-0.09100000000000003
NUMBER,Number,0.3,Millions,NUMBER,Number (real number),1991,Djibouti,241,3964081,0.297,0.0030000000000000027
NUMBER,Number,0.304,Millions,NUMBER,Number (real number),1992,Djibouti,242,3968064,0.3,0.0040000000000000036
NUMBER,Number,0.304,Millions,NUMBER,Number (real number),1993,Djibouti,243,3972049,0.304,0.0
NUMBER,Number,0.3,Millions,NUMBER,Number (real number),1994,Djibouti,244,3976036,0.304,-0.0040000000000000036
NUMBER,Number,0.311,Millions,NUMBER,Number (real number),1995,Djibouti,245,3980025,0.3,0.01100000000000001
NUMBER,Number,0.308,Millions,NUMBER,Number (real number),1996,Djibouti,246,3984016,0.311,-0.0030000000000000027
NUMBER,Number,0.333,Millions,NUMBER,Number (real number),1997,Djibouti,247,3988009,0.308,0.025000000000000022
NUMBER,Number,0.385,Millions,NUMBER,Number (real number),1998,Djibouti,248,3992004,0.333,0.05199999999999999
NUMBER,Number,0.385,Millions,NUMBER,Number (real number),1999,Djibouti,249,3996001,0.385,0.0
NUMBER,Number,0.366,Millions,NUMBER,Number (real number),2000,Djibouti,250,4000000,0.385,-0.019000000000000017
NUMBER,Number,0.366,Millions,NUMBER,Number (real number),2001,Djibouti,251,4004001,0.366,0.0
NUMBER,Number,0.399,Millions,NUMBER,Number (real number),2002,Djibouti,252,4008004,0.366,0.03300000000000003
NUMBER,Number,0.421,Millions,NUMBER,Number (real number),2003,Djibouti,253,4012009,0.399,0.021999999999999964
NUMBER,Number,0.407,Millions,NUMBER,Number (real number),2004,Djibouti,254,4016016,0.421,-0.014000000000000012
NUMBER,Number,0.414,Millions,NUMBER,Number (real number),2005,Djibouti,255,4020025,0.407,0.007000000000000006
NUMBER,Number,0.414,Millions,NUMBER,Number (real number),2006,Djibouti,256,4024036,0.414,0.0
NUMBER,Number,0.462,Millions,NUMBER,Number (real number),2007,Djibouti,257,4028049,0.414,0.04800000000000004
NUMBER,Number,0.498,Millions,NUMBER,Number (real number),2008,Djibouti,258,4032064,0.462,0.035999999999999976
NUMBER,Number,0.443,Millions,NUMBER,Number (real number),2009,Djibouti,259,4036081,0.498,-0.05499999999999999
NUMBER,Number,0.517,Millions,NUMBER,Number (real number),2010,Djibouti,260,4040100,0.443,0.07400000000000001
NUMBER,Number,0.315,Millions,NUMBER,Number (real number),2011,Djibouti,261,4044121,0.517,-0.202
NUMBER,Number,0.297,Millions,NUMBER,Number (real number),2012,Djibouti,262,4048144,0.315,-0.018000000000000016
NUMBER,Number,0.384,Millions,NUMBER,Number (real number),2013,Djibouti,263,4052169,0.297,0.08700000000000002
NUMBER,Number,0.414,Millions,NUMBER,Number (real number),2014,Djibouti,264,4056196,0.384,0.02999999999999997
NUMBER,Number,0.505,Millions,NUMBER,Number (real number),2015,Djibouti,265,4060225,0.414,0.09100000000000003
NUMBER,Number,0.428,Millions,NUMBER,Number (real number),2016,Djibouti,266,4064256,0.505,-0.07700000000000001
NUMBER,Number,0.414,Millions,NUMBER,Number (real number),2017,Djibouti,267,4068289,0.428,-0.014000000000000012
NUMBER,Number,0.475,Millions,NUMBER,Number (real number),2018,Djibouti,268,4072324,0.414,0.061
NUMBER,Number,0.543,Millions,NUMBER,Number (real number),2019,Djibouti,269,4076361,0.475,0.06800000000000006
NUMBER,Number,0.463,Millions,NUMBER,Number (real number),2020,Djibouti,270,4080400,0.543,-0.08000000000000002
NUMBER,Number,0.532,Millions,NUMBER,Number (real number),2021,Djibouti,271,4084441,0.463,0.069
NUMBER,Number,0.494,Millions,NUMBER,Number (real number),2022,Djibouti,272,4088484,0.532,-0.038000000000000034
NUMBER,Number,0.493,Millions,NUMBER,Number (real number),2023,Djibouti,273,4092529,0.494,-0.0010000000000000009
NUMBER,Number,0.007,Millions,NUMBER,Number (real number),1952,Dominica,202,3810304,0.004,0.003
NUMBER,Number,0.004,Millions,NUMBER,Number (real number),1953,Dominica,203,3814209,0.007,-0.003
NUMBER,Number,0.004,Millions,NUMBER,Number (real number),1954,Dominica,204,3818116,0.004,0.0
NUMBER,Number,0.004,Millions,NUMBER,Number (real number),1955,Dominica,205,3822025,0.004,0.0
NUMBER,Number,0.004,Millions,NUMBER,Number (real number),1956,Dominica,206,3825936,0.004,0.0
NUMBER,Number,0.004,Millions,NUMBER,Number (real number),1957,Dominica,207,3829849,0.004,0.0
NUMBER,Number,0.007,Millions,NUMBER,Number (real number),1958,Dominica,208,3833764,0.004,0.003
NUMBER,Number,0.011,Millions,NUMBER,Number (real number),1959,Dominica,209,3837681,0.007,0.003999999999999999
NUMBER,Number,0.011,Millions,NUMBER,Number (real number),1960,Dominica,210,3841600,0.011,0.0
NUMBER,Number,0.011,Millions,NUMBER,Number (real number),1961,Dominica,211,3845521,0.011,0.0
NUMBER,Number,0.011,Millions,NUMBER,Number (real number),1962,Dominica,212,3849444,0.011,0.0
NUMBER,Number,0.015,Millions,NUMBER,Number (real number),1963,Dominica,213,3853369,0.011,0.004
NUMBER,Number,0.015,Millions,NUMBER,Number (real number),1964,Dominica,214,3857296,0.015,0.0
NUMBER,Number,0.015,Millions,NUMBER,Number (real number),1965,Dominica,215,3861225,0.015,0.0
NUMBER,Number,0.015,Millions,NUMBER,Number (real number),1966,Dominica,216,3865156,0.015,0.0
NUMBER,Number,0.022,Millions,NUMBER,Number (real number),1967,Dominica,217,3869089,0.015,0.006999999999999999
NUMBER,Number,0.022,Millions,NUMBER,Number (real number),1968,Dominica,218,3873024,0.022,0.0
NUMBER,Number,0.018,Millions,NUMBER,Number (real number),1969,Dominica,219,3876961,0.022,-0.004
NUMBER,Number,0.026,Millions,NUMBER,Number (real number),1970,Dominica,220,3880900,0.018,0.008
NUMBER,Number,0.026,Millions,NUMBER,Number (real number),1971,Dominica,221,3884841,0.026,0.0
NUMBER,Number,0.026,Millions,NUMBER,Number (real number),1972,Dominica,222,3888784,0.026,0.0
NUMBER,Number,0.026,Millions,NUMBER,Number (real number),1973,Dominica,223,3892729,0.026,0.0
NUMBER,Number,0.029,Millions,NUMBER,Number (real number),1974,Dominica,224,3896676,0.026,0.0030000000000000027
NUMBER,Number,0.029,Millions,NUMBER,Number (real number),1975,Dominica,225,3900625,0.029,0.0
NUMBER,Number,0.029,Millions,NUMBER,Number (real number),1976,Dominica,226,3904576,0.029,0.0
NUMBER,Number,0.026,Millions,NUMBER,Number (real number),1977,Dominica,227,3908529,0.029,-0.0030000000000000027
NUMBER,Number,0.026,Millions,NUMBER,Number (real number),1978,Dominica,228,3912484,0.026,0.0
NUMBER,Number,0.033,Millions,NUMBER,Number (real number),1979,Dominica,229,3916441,0.026,0.007000000000000003
NUMBER,Number,0.037,Millions,NUMBER,Number (real number),1980,Dominica,230,3920400,0.033,0.003999999999999997
NUMBER,Number,0.037,Millions,NUMBER,Number (real number),1981,Dominica,231,3924361,0.037,0.0
NUMBER,Number,0.04,Millions,NUMBER,Number (real number),1982,Dominica,232,3928324,0.037,0.0030000000000000027
NUMBER,Number,0.04,Millions,NUMBER,Number (real number),1983,Dominica,233,3932289,0.04,0.0
NUMBER,Number,0.044,Millions,NUMBER,Number (real number),1984,Dominica,234,3936256,0.04,0.003999999999999997
NUMBER,Number,0.048,Millions,NUMBER,Number (real number),1985,Dominica,235,3940225,0.044,0.0040000000000000036
NUMBER,Number,0.048,Millions,NUMBER,Number (real number),1986,Dominica,236,3944196,0.048,0.0
NUMBER,Number,0.048,Millions,NUMBER,Number (real number),1987,Dominica,237,3948169,0.048,0.0
NUMBER,Number,0.055,Millions,NUMBER,Number (real number),1988,Dominica,238,3952144,0.048,0.006999999999999999
NUMBER,Number,0.059,Millions,NUMBER,Number (real number),1989,Dominica,239,3956121,0.055,0.003999999999999997
NUMBER,Number,0.059,Millions,NUMBER,Number (real number),1990,Dominica,240,3960100,0.059,0.0
NUMBER,Number,0.059,Millions,NUMBER,Number (real number),1991,Dominica,241,3964081,0.059,0.0
NUMBER,Number,0.059,Millions,NUMBER,Number (real number),1992,Dominica,242,3968064,0.059,0.0
NUMBER,Number,0.062,Millions,NUMBER,Number (real number),1993,Dominica,243,3972049,0.059,0.0030000000000000027
NUMBER,Number,0.07,Millions,NUMBER,Number (real number),1994,Dominica,244,3976036,0.062,0.008000000000000007
NUMBER,Number,0.081,Millions,NUMBER,Number (real number),1995,Dominica,245,3980025,0.07,0.010999999999999996
NUMBER,Number,0.073,Millions,NUMBER,Number (real number),1996,Dominica,246,3984016,0.081,-0.008000000000000007
NUMBER,Number,0.081,Millions,NUMBER,Number (real number),1997,Dominica,247,3988009,0.073,0.008000000000000007
NUMBER,Number,0.077,Millions,NUMBER,Number (real number),1998,Dominica,248,3992004,0.081,-0.0040000000000000036
NUMBER,Number,0.081,Millions,NUMBER,Number (real number),1999,Dominica,249,3996001,0.077,0.0040000000000000036
NUMBER,Number,0.103,Millions,NUMBER,Number (real number),2000,Dominica,250,4000000,0.081,0.021999999999999992
NUMBER,Number,0.11,Millions,NUMBER,Number (real number),2001,Dominica,251,4004001,0.103,0.007000000000000006
NUMBER,Number,0.103,Millions,NUMBER,Number (real number),2002,Dominica,252,4008004,0.11,-0.007000000000000006
NUMBER,Number,0.117,Millions,NUMBER,Number (real number),2003,Dominica,253,4012009,0.103,0.014000000000000012
NUMBER,Number,0.143,Millions,NUMBER,Number (real number),2004,Dominica,254,4016016,0.117,0.02599999999999998
NUMBER,Number,0.15,Millions,NUMBER,Number (real number),2005,Dominica,255,4020025,0.143,0.007000000000000006
NUMBER,Number,0.143,Millions,NUMBER,Number (real number),2006,Dominica,256,4024036,0.15,-0.007000000000000006
NUMBER,Number,0.172,Millions,NUMBER,Number (real number),2007,Dominica,257,4028049,0.143,0.028999999999999998
NUMBER,Number,0.169,Millions,NUMBER,Number (real number),2008,Dominica,258,4032064,0.172,-0.002999999999999975
NUMBER,Number,0.187,Millions,NUMBER,Number (real number),2009,Dominica,259,4036081,0.169,0.017999999999999988
NUMBER,Number,0.172,Millions,NUMBER,Number (real number),2010,Dominica,260,4040100,0.187,-0.015000000000000013
NUMBER,Number,0.154,Millions,NUMBER,Number (real number),2011,Dominica,261,4044121,0.172,-0.017999999999999988
NUMBER,Number,0.165,Millions,NUMBER,Number (real number),2012,Dominica,262,4048144,0.154,0.01100000000000001
NUMBER,Number,0.158,Millions,NUMBER,Number (real number),2013,Dominica,263,4052169,0.165,-0.007000000000000006
NUMBER,Number,0.165,Millions,NUMBER,Number (real number),2014,Dominica,264,4056196,0.158,0.007000000000000006
NUMBER,Number,0.176,Millions,NUMBER,Number (real number),2015,Dominica,265,4060225,0.165,0.010999999999999982
NUMBER,Number,0.172,Millions,NUMBER,Number (real number),2016,Dominica,266,4064256,0.176,-0.0040000000000000036
NUMBER,Number,0.154,Millions,NUMBER,Number (real number),2017,Dominica,267,4068289,0.172,-0.017999999999999988
NUMBER,Number,0.161,Millions,NUMBER,Number (real number),2018,Dominica,268,4072324,0.154,0.007000000000000006
NUMBER,Number,0.172,Millions,NUMBER,Number (real number),2019,Dominica,269,4076361,0.161,0.010999999999999982
NUMBER,Number,0.158,Millions,NUMBER,Number (real number),2020,Dominica,270,4080400,0.172,-0.013999999999999985
NUMBER,Number,0.161,Millions,NUMBER,Number (real number),2021,Dominica,271,4084441,0.158,0.0030000000000000027
NUMBER,Number,0.156,Millions,NUMBER,Number (real number),2022,Dominica,272,4088484,0.161,-0.0050000000000000044
NUMBER,Number,0.163,Millions,NUMBER,Number (real number),2023,Dominica,273,4092529,0.156,0.007000000000000006
NUMBER,Number,0.002,Millions,NUMBER,Number (real number),1871,Dominican Republic,121,3500641,0.013,-0.011
NUMBER,Number,0.003,Millions,NUMBER,Number (real number),1872,Dominican Republic,122,3504384,0.002,0.001
NUMBER,Number,0.001,Millions,NUMBER,Number (real number),1873,Dominican Republic,123,3508129,0.003,-0.002
NUMBER,Number,0.001,Millions,NUMBER,Number (real number),1874,Dominican Republic,124,3511876,0.001,0.0
NUMBER,Number,0.0,Millions,NUMBER,Number (real number),1875,Dominican Republic,125,3515625,0.001,-0.001
NUMBER,Number,0.0,Millions,NUMBER,Number (real number),1876,Dominican Republic,126,3519376,0.0,0.0
NUMBER,Number,0.002,Millions,NUMBER,Number (real number),1877,Dominican Republic,127,3523129,0.0,0.002
NUMBER,Number,0.003,Millions,NUMBER,Number (real number),1878,Dominican Republic,128,3526884,0.002,0.001
NUMBER,Number,0.002,Millions,NUMBER,Number (real number),1879,Dominican Republic,129,3530641,0.003,-0.001
NUMBER,Number,0.005,Millions,NUMBER,Number (real number),1880,Dominican Republic,130,3534400,0.002,0.003
NUMBER,Number,0.004,Millions,NUMBER,Number (real number),1881,Dominican Republic,131,3538161,0.005,-0.001
NUMBER,Number,0.0,Millions,NUMBER,Number (real number),1882,Dominican Republic,132,3541924,0.004,-0.004
NUMBER,Number,0.004,Millions,NUMBER,Number (real number),1883,Dominican Republic,133,3545689,0.0,0.004
NUMBER,Number,0.004,Millions,NUMBER,Number (real number),1884,Dominican Republic,134,3549456,0.004,0.0
NUMBER,Number,0.005,Millions,NUMBER,Number (real number),1885,Dominican Republic,135,3553225,0.004,0.001
NUMBER,Number,0.005,Millions,NUMBER,Number (real number),1886,Dominican Republic,136,3556996,0.005,0.0
NUMBER,Number,0.004,Millions,NUMBER,Number (real number),1887,Dominican Republic,137,3560769,0.005,-0.001
NUMBER,Number,0.006,Millions,NUMBER,Number (real number),1888,Dominican Republic,138,3564544,0.004,0.002
NUMBER,Number,0.006,Millions,NUMBER,Number (real number),1889,Dominican Republic,139,3568321,0.006,0.0
NUMBER,Number,0.007,Millions,NUMBER,Number (real number),1890,Dominican Republic,140,3572100,0.006,0.001
NUMBER,Number,0.008,Millions,NUMBER,Number (real number),1891,Dominican Republic,141,3575881,0.007,0.001
NUMBER,Number,0.009,Millions,NUMBER,Number (real number),1892,Dominican Republic,142,3579664,0.008,0.0009999999999999992
NUMBER,Number,0.011,Millions,NUMBER,Number (real number),1893,Dominican Republic,143,3583449,0.009,0.002
NUMBER,Number,0.027,Millions,NUMBER,Number (real number),1894,Dominican Republic,144,3587236,0.011,0.016
NUMBER,Number,0.02,Millions,NUMBER,Number (real number),1895,Dominican Republic,145,3591025,0.027,-0.006999999999999999
NUMBER,Number,0.024,Millions,NUMBER,Number (real number),1896,Dominican Republic,146,3594816,0.02,0.004
NUMBER,Number,0.017,Millions,NUMBER,Number (real number),1897,Dominican Republic,147,3598609,0.024,-0.006999999999999999
NUMBER,Number,0.012,Millions,NUMBER,Number (real number),1898,Dominican Republic,148,3602404,0.017,-0.005000000000000001
NUMBER,Number,0.015,Millions,NUMBER,Number (real number),1899,Dominican Republic,149,3606201,0.012,0.002999999999999999
NUMBER,Number,0.015,Millions,NUMBER,Number (real number),1900,Dominican Republic,150,3610000,0.015,0.0
NUMBER,Number,0.014,Millions,NUMBER,Number (real number),1901,Dominican Republic,151,3613801,0.015,-0.0009999999999999992
NUMBER,Number,0.014,Millions,NUMBER,Number (real number),1902,Dominican Republic,152,3617604,0.014,0.0
NUMBER,Number,0.018,Millions,NUMBER,Number (real number),1903,Dominican Republic,153,3621409,0.014,0.003999999999999998
NUMBER,Number,0.014,Millions,NUMBER,Number (real number),1904,Dominican Republic,154,3625216,0.018,-0.003999999999999998
NUMBER,Number,0.016,Millions,NUMBER,Number (real number),1905,Dominican Republic,155,3629025,0.014,0.002
NUMBER,Number,0.018,Millions,NUMBER,Number (real number),1906,Dominican Republic,156,3632836,0.016,0.0019999999999999983
NUMBER,Number,0.026,Millions,NUMBER,Number (real number),1907,Dominican Republic,157,3636649,0.018,0.008
NUMBER,Number,0.03,Millions,NUMBER,Number (real number),1908,Dominican Republic,158,3640464,0.026,0.004
NUMBER,Number,0.026,Millions,NUMBER,Number (real number),1909,Dominican Republic,159,3644281,0.03,-0.004
NUMBER,Number,0.038,Millions,NUMBER,Number (real number),1910,Dominican Republic,160,3648100,0.026,0.012
NUMBER,Number,0.043,Millions,NUMBER,Number (real number),1911,Dominican Republic,161,3651921,0.038,0.0049999999999999975
NUMBER,Number,0.037,Millions,NUMBER,Number (real number),1912,Dominican Republic,162,3655744,0.043,-0.005999999999999998
NUMBER,Number,0.042,Millions,NUMBER,Number (real number),1913,Dominican Republic,163,3659569,0.037,0.0050000000000000044
NUMBER,Number,0.047,Millions,NUMBER,Number (real number),1914,Dominican Republic,164,3663396,0.042,0.0049999999999999975
NUMBER,Number,0.058,Millions,NUMBER,Number (real number),1915,Dominican Republic,165,3667225,0.047,0.011000000000000003
NUMBER,Number,0.073,Millions,NUMBER,Number (real number),1916,Dominican Republic,166,3671056,0.058,0.014999999999999993
NUMBER,Number,0.077,Millions,NUMBER,Number (real number),1917,Dominican Republic,167,3674889,0.073,0.0040000000000000036
NUMBER,Number,0.082,Millions,NUMBER,Number (real number),1918,Dominican Republic,168,3678724,0.077,0.0050000000000000044
NUMBER,Number,0.059,Millions,NUMBER,Number (real number),1919,Dominican Republic,169,3682561,0.082,-0.023000000000000007
NUMBER,Number,0.049,Millions,NUMBER,Number (real number),1920,Dominican Republic,170,3686400,0.059,-0.009999999999999995
NUMBER,Number,0.048,Millions,NUMBER,Number (real number),1921,Dominican Republic,171,3690241,0.049,-0.0010000000000000009
NUMBER,Number,0.022,Millions,NUMBER,Number (real number),1922,Dominican Republic,172,3694084,0.048,-0.026000000000000002
NUMBER,Number,0.036,Millions,NUMBER,Number (real number),1923,Dominican Republic,173,3697929,0.022,0.013999999999999999
NUMBER,Number,0.022,Millions,NUMBER,Number (real number),1924,Dominican Republic,174,3701776,0.036,-0.013999999999999999
NUMBER,Number,0.025,Millions,NUMBER,Number (real number),1925,Dominican Republic,175,3705625,0.022,0.0030000000000000027
NUMBER,Number,0.031,Millions,NUMBER,Number (real number),1926,Dominican Republic,176,3709476,0.025,0.005999999999999998
NUMBER,Number,0.026,Millions,NUMBER,Number (real number),1927,Dominican Republic,177,3713329,0.031,-0.005000000000000001
NUMBER,Number,0.016,Millions,NUMBER,Number (real number),1928,Dominican Republic,178,3717184,0.026,-0.009999999999999998
NUMBER,Number,0.022,Millions,NUMBER,Number (real number),1929,Dominican Republic,179,3721041,0.016,0.005999999999999998
NUMBER,Number,0.026,Millions,NUMBER,Number (real number),1930,Dominican Republic,180,3724900,0.022,0.004
NUMBER,Number,0.01,Millions,NUMBER,Number (real number),1931,Dominican Republic,181,3728761,0.026,-0.016
NUMBER,Number,0.012,Millions,NUMBER,Number (real number),1932,Dominican Republic,182,3732624,0.01,0.002
NUMBER,Number,0.008,Millions,NUMBER,Number (real number),1933,Dominican Republic,183,3736489,0.012,-0.004
NUMBER,Number,0.009,Millions,NUMBER,Number (real number),1934,Dominican Republic,184,3740356,0.008,0.0009999999999999992
NUMBER,Number,0.012,Millions,NUMBER,Number (real number),1935,Dominican Republic,185,3744225,0.009,0.003000000000000001
NUMBER,Number,0.011,Millions,NUMBER,Number (real number),1936,Dominican Republic,186,3748096,0.012,-0.0010000000000000009
NUMBER,Number,0.007,Millions,NUMBER,Number (real number),1937,Dominican Republic,187,3751969,0.011,-0.003999999999999999
NUMBER,Number,0.004,Millions,NUMBER,Number (real number),1938,Dominican Republic,188,3755844,0.007,-0.003
NUMBER,Number,0.0,Millions,NUMBER,Number (real number),1939,Dominican Republic,189,3759721,0.004,-0.004
NUMBER,Number,0.01,Millions,NUMBER,Number (real number),1940,Dominican Republic,190,3763600,0.0,0.01
NUMBER,Number,0.002,Millions,NUMBER,Number (real number),1941,Dominican Republic,191,3767481,0.01,-0.008
NUMBER,Number,0.006,Millions,NUMBER,Number (real number),1942,Dominican Republic,192,3771364,0.002,0.004
NUMBER,Number,0.014,Millions,NUMBER,Number (real number),1943,Dominican Republic,193,3775249,0.006,0.008
NUMBER,Number,0.001,Millions,NUMBER,Number (real number),1944,Dominican Republic,194,3779136,0.014,-0.013000000000000001
NUMBER,Number,0.002,Millions,NUMBER,Number (real number),1945,Dominican Republic,195,3783025,0.001,0.001
NUMBER,Number,0.008,Millions,NUMBER,Number (real number),1946,Dominican Republic,196,3786916,0.002,0.006
NUMBER,Number,0.017,Millions,NUMBER,Number (real number),1947,Dominican Republic,197,3790809,0.008,0.009000000000000001
NUMBER,Number,0.036,Millions,NUMBER,Number (real number),1948,Dominican Republic,198,3794704,0.017,0.018999999999999996
NUMBER,Number,0.027,Millions,NUMBER,Number (real number),1949,Dominican Republic,199,3798601,0.036,-0.008999999999999998
NUMBER,Number,0.348,Millions,NUMBER,Number (real number),1950,Dominican Republic,200,3802500,0.027,0.32099999999999995
NUMBER,Number,0.359,Millions,NUMBER,Number (real number),1951,Dominican Republic,201,3806401,0.348,0.01100000000000001
NUMBER,Number,0.593,Millions,NUMBER,Number (real number),1952,Dominican Republic,202,3810304,0.359,0.23399999999999999
NUMBER,Number,0.619,Millions,NUMBER,Number (real number),1953,Dominican Republic,203,3814209,0.593,0.026000000000000023
NUMBER,Number,0.626,Millions,NUMBER,Number (real number),1954,Dominican Republic,204,3818116,0.619,0.007000000000000006
NUMBER,Number,0.915,Millions,NUMBER,Number (real number),1955,Dominican Republic,205,3822025,0.626,0.28900000000000003
NUMBER,Number,0.985,Millions,NUMBER,Number (real number),1956,Dominican Republic,206,3825936,0.915,0.06999999999999995
NUMBER,Number,1.032,Millions,NUMBER,Number (real number),1957,Dominican Republic,207,3829849,0.985,0.04700000000000004
NUMBER,Number,1.065,Millions,NUMBER,Number (real number),1958,Dominican Republic,208,3833764,1.032,0.03299999999999992
NUMBER,Number,1.113,Millions,NUMBER,Number (real number),1959,Dominican Republic,209,3837681,1.065,0.04800000000000004
NUMBER,Number,1.04,Millions,NUMBER,Number (real number),1960,Dominican Republic,210,3841600,1.113,-0.07299999999999995
NUMBER,Number,1.029,Millions,NUMBER,Number (real number),1961,Dominican Republic,211,3845521,1.04,-0.01100000000000012
NUMBER,Number,1.241,Millions,NUMBER,Number (real number),1962,Dominican Republic,212,3849444,1.029,0.2120000000000002
NUMBER,Number,1.249,Millions,NUMBER,Number (real number),1963,Dominican Republic,213,3853369,1.241,0.008000000000000007
NUMBER,Number,1.747,Millions,NUMBER,Number (real number),1964,Dominican Republic,214,3857296,1.249,0.498
NUMBER,Number,1.545,Millions,NUMBER,Number (real number),1965,Dominican Republic,215,3861225,1.747,-0.20200000000000018
NUMBER,Number,1.67,Millions,NUMBER,Number (real number),1966,Dominican Republic,216,3865156,1.545,0.125
NUMBER,Number,1.567,Millions,NUMBER,Number (real number),1967,Dominican Republic,217,3869089,1.67,-0.10299999999999998
NUMBER,Number,2.347,Millions,NUMBER,Number (real number),1968,Dominican Republic,218,3873024,1.567,0.78
NUMBER,Number,2.651,Millions,NUMBER,Number (real number),1969,Dominican Republic,219,3876961,2.347,0.3039999999999998
NUMBER,Number,3.105,Millions,NUMBER,Number (real number),1970,Dominican Republic,220,3880900,2.651,0.4540000000000002
NUMBER,Number,3.519,Millions,NUMBER,Number (real number),1971,Dominican Republic,221,3884841,3.105,0.41400000000000015
NUMBER,Number,4.669,Millions,NUMBER,Number (real number),1972,Dominican Republic,222,3888784,3.519,1.1499999999999995
NUMBER,Number,5.959,Millions,NUMBER,Number (real number),1973,Dominican Republic,223,3892729,4.669,1.29
NUMBER,Number,6.41,Millions,NUMBER,Number (real number),1974,Dominican Republic,224,3896676,5.959,0.4510000000000005
NUMBER,Number,6.333,Millions,NUMBER,Number (real number),1975,Dominican Republic,225,3900625,6.41,-0.07699999999999996
NUMBER,Number,6.322,Millions,NUMBER,Number (real number),1976,Dominican Republic,226,3904576,6.333,-0.01100000000000012
NUMBER,Number,5.599,Millions,NUMBER,Number (real number),1977,Dominican Republic,227,3908529,6.322,-0.7229999999999999
NUMBER,Number,5.43,Millions,NUMBER,Number (real number),1978,Dominican Republic,228,3912484,5.599,-0.16900000000000048
NUMBER,Number,6.786,Millions,NUMBER,Number (real number),1979,Dominican Republic,229,3916441,5.43,1.3559999999999999
NUMBER,Number,6.427,Millions,NUMBER,Number (real number),1980,Dominican Republic,230,3920400,6.786,-0.359
NUMBER,Number,6.135,Millions,NUMBER,Number (real number),1981,Dominican Republic,231,3924361,6.427,-0.2919999999999998
NUMBER,Number,6.303,Millions,NUMBER,Number (real number),1982,Dominican Republic,232,3928324,6.135,0.16800000000000015
NUMBER,Number,7.866,Millions,NUMBER,Number (real number),1983,Dominican Republic,233,3932289,6.303,1.5629999999999997
NUMBER,Number,7.39,Millions,NUMBER,Number (real number),1984,Dominican Republic,234,3936256,7.866,-0.476
NUMBER,Number,7.242,Millions,NUMBER,Number (real number),1985,Dominican Republic,235,3940225,7.39,-0.1479999999999997
NUMBER,Number,8.121,Millions,NUMBER,Number (real number),1986,Dominican Republic,236,3944196,7.242,0.8790000000000004
NUMBER,Number,9.687,Millions,NUMBER,Number (real number),1987,Dominican Republic,237,3948169,8.121,1.565999999999999
NUMBER,Number,9.74,Millions,NUMBER,Number (real number),1988,Dominican Republic,238,3952144,9.687,0.053000000000000824
NUMBER,Number,10.258,Millions,NUMBER,Number (real number),1989,Dominican Republic,239,3956121,9.74,0.5179999999999989
NUMBER,Number,8.936,Millions,NUMBER,Number (real number),1990,Dominican Republic,240,3960100,10.258,-1.3219999999999992
NUMBER,Number,9.538,Millions,NUMBER,Number (real number),1991,Dominican Republic,241,3964081,8.936,0.6020000000000003
NUMBER,Number,10.418,Millions,NUMBER,Number (real number),1992,Dominican Republic,242,3968064,9.538,0.879999999999999
NUMBER,Number,11.209,Millions,NUMBER,Number (real number),1993,Dominican Republic,243,3972049,10.418,0.7910000000000004
NUMBER,Number,11.796,Millions,NUMBER,Number (real number),1994,Dominican Republic,244,3976036,11.209,0.5869999999999997
NUMBER,Number,15.107,Millions,NUMBER,Number (real number),1995,Dominican Republic,245,3980025,11.796,3.311
NUMBER,Number,16.484,Millions,NUMBER,Number (real number),1996,Dominican Republic,246,3984016,15.107,1.3770000000000024
NUMBER,Number,17.266,Millions,NUMBER,Number (real number),1997,Dominican Republic,247,3988009,16.484,0.7819999999999965
NUMBER,Number,17.788,Millions,NUMBER,Number (real number),1998,Dominican Republic,248,3992004,17.266,0.522000000000002
NUMBER,Number,17.821,Millions,NUMBER,Number (real number),1999,Dominican Republic,249,3996001,17.788,0.03300000000000125
NUMBER,Number,18.992,Millions,NUMBER,Number (real number),2000,Dominican Republic,250,4000000,17.821,1.1709999999999994
NUMBER,Number,19.145,Millions,NUMBER,Number (real number),2001,Dominican Republic,251,4004001,18.992,0.1529999999999987
NUMBER,Number,20.949,Millions,NUMBER,Number (real number),2002,Dominican Republic,252,4008004,19.145,1.804000000000002
NUMBER,Number,21.345,Millions,NUMBER,Number (real number),2003,Dominican Republic,253,4012009,20.949,0.39599999999999724
NUMBER,Number,17.333,Millions,NUMBER,Number (real number),2004,Dominican Republic,254,4016016,21.345,-4.0120000000000005
NUMBER,Number,17.941,Millions,NUMBER,Number (real number),2005,Dominican Republic,255,4020025,17.333,0.6080000000000005
NUMBER,Number,19.112,Millions,NUMBER,Number (real number),2006,Dominican Republic,256,4024036,17.941,1.1709999999999994
NUMBER,Number,19.993,Millions,NUMBER,Number (real number),2007,Dominican Republic,257,4028049,19.112,0.8810000000000002
NUMBER,Number,20.332,Millions,NUMBER,Number (real number),2008,Dominican Republic,258,4032064,19.993,0.3390000000000022
NUMBER,Number,19.781,Millions,NUMBER,Number (real number),2009,Dominican Republic,259,4036081,20.332,-0.5510000000000019
NUMBER,Number,20.553,Millions,NUMBER,Number (real number),2010,Dominican Republic,260,4040100,19.781,0.772000000000002
NUMBER,Number,21.318,Millions,NUMBER,Number (real number),2011,Dominican Republic,261,4044121,20.553,0.7650000000000006
NUMBER,Number,21.255,Millions,NUMBER,Number (real number),2012,Dominican Republic,262,4048144,21.318,-0.06300000000000239
NUMBER,Number,21.267,Millions,NUMBER,Number (real number),2013,Dominican Republic,263,4052169,21.255,0.012000000000000455
NUMBER,Number,21.801,Millions,NUMBER,Number (real number),2014,Dominican Republic,264,4056196,21.267,0.5339999999999989
NUMBER,Number,23.495,Millions,NUMBER,Number (real number),2015,Dominican Republic,265,4060225,21.801,1.6940000000000026
NUMBER,Number,24.645,Millions,NUMBER,Number (real number),2016,Dominican Republic,266,4064256,23.495,1.1499999999999986
NUMBER,Number,24.017,Millions,NUMBER,Number (real number),2017,Dominican Republic,267,4068289,24.645,-0.6280000000000001
NUMBER,Number,25.756,Millions,NUMBER,Number (real number),2018,Dominican Republic,268,4072324,24.017,1.7390000000000008
NUMBER,Number,28.375,Millions,NUMBER,Number (real number),2019,Dominican Republic,269,4076361,25.756,2.6189999999999998
NUMBER,Number,27.015,Millions,NUMBER,Number (real number),2020,Dominican Republic,270,4080400,28.375,-1.3599999999999994
NUMBER,Number,30.835,Millions,NUMBER,Number (real number),2021,Dominican Republic,271,4084441,27.015,3.8200000000000003
NUMBER,Number,30.431,Millions,NUMBER,Number (real number),2022,Dominican Republic,272,4088484,30.835,-0.4039999999999999
NUMBER,Number,32.02,Millions,NUMBER,Number (real number),2023,Dominican Republic,273,4092529,30.431,1.5890000000000022
NUMBER,Number,0.0,Millions,NUMBER,Number (real number),1893,Ecuador,143,3583449,0.0,0.0
NUMBER,Number,0.0,Millions,NUMBER,Number (real number),1894,Ecuador,144,3587236,0.0,0.0
NUMBER,Number,0.003,Millions,NUMBER,Number (real number),1895,Ecuador,145,3591025,0.0,0.003
NUMBER,Number,0.0,Millions,NUMBER,Number (real number),1896,Ecuador,146,3594816,0.003,-0.003
NUMBER,Number,0.001,Millions,NUMBER,Number (real number),1897,Ecuador,147,3598609,0.0,0.001
NUMBER,Number,0.0,Millions,NUMBER,Number (real number),1898,Ecuador,148,3602404,0.001,-0.001
NUMBER,Number,0.002,Millions,NUMBER,Number (real number),1899,Ecuador,149,3606201,0.0,0.002
NUMBER,Number,0.0,Millions,NUMBER,Number (real number),1900,Ecuador,150,3610000,0.002,-0.002
NUMBER,Number,0.0,Millions,NUMBER,Number (real number),1901,Ecuador,151,3613801,0.0,0.0
NUMBER,Number,0.0,Millions,NUMBER,Number (real number),1902,Ecuador,152,3617604,0.0,0.0
NUMBER,Number,0.003,Millions,NUMBER,Number (real number),1903,Ecuador,153,3621409,0.0,0.003
NUMBER,Number,0.004,Millions,NUMBER,Number (real number),1904,Ecuador,154,3625216,0.003,0.001
NUMBER,Number,0.037,Millions,NUMBER,Number (real number),1905,Ecuador,155,3629025,0.004,0.033
NUMBER,Number,0.013,Millions,NUMBER,Number (real number),1906,Ecuador,156,3632836,0.037,-0.024
NUMBER,Number,0.0,Millions,NUMBER,Number (real number),1907,Ecuador,157,3636649,0.013,-0.013
NUMBER,Number,0.008,Millions,NUMBER,Number (real number),1908,Ecuador,158,3640464,0.0,0.008
NUMBER,Number,0.036,Millions,NUMBER,Number (real number),1909,Ecuador,159,3644281,0.008,0.027999999999999997
NUMBER,Number,0.056,Millions,NUMBER,Number (real number),1910,Ecuador,160,3648100,0.036,0.020000000000000004
NUMBER,Number,0.051,Millions,NUMBER,Number (real number),1911,Ecuador,161,3651921,0.056,-0.0050000000000000044
NUMBER,Number,0.047,Millions,NUMBER,Number (real number),1912,Ecuador,162,3655744,0.051,-0.003999999999999997
NUMBER,Number,0.053,Millions,NUMBER,Number (real number),1913,Ecuador,163,3659569,0.047,0.005999999999999998
NUMBER,Number,0.029,Millions,NUMBER,Number (real number),1914,Ecuador,164,3663396,0.053,-0.023999999999999997
NUMBER,Number,0.024,Millions,NUMBER,Number (real number),1915,Ecuador,165,3667225,0.029,-0.005000000000000001
NUMBER,Number,0.05,Millions,NUMBER,Number (real number),1916,Ecuador,166,3671056,0.024,0.026000000000000002
NUMBER,Number,0.062,Millions,NUMBER,Number (real number),1917,Ecuador,167,3674889,0.05,0.011999999999999997
NUMBER,Number,0.031,Millions,NUMBER,Number (real number),1918,Ecuador,168,3678724,0.062,-0.031
NUMBER,Number,0.033,Millions,NUMBER,Number (real number),1919,Ecuador,169,3682561,0.031,0.0020000000000000018
NUMBER,Number,0.039,Millions,NUMBER,Number (real number),1920,Ecuador,170,3686400,0.033,0.005999999999999998
NUMBER,Number,0.037,Millions,NUMBER,Number (real number),1921,Ecuador,171,3690241,0.039,-0.0020000000000000018
NUMBER,Number,0.036,Millions,NUMBER,Number (real number),1922,Ecuador,172,3694084,0.037,-0.0010000000000000009
NUMBER,Number,0.042,Millions,NUMBER,Number (real number),1923,Ecuador,173,3697929,0.036,0.006000000000000005
NUMBER,Number,0.052,Millions,NUMBER,Number (real number),1924,Ecuador,174,3701776,0.042,0.009999999999999995
NUMBER,Number,0.073,Millions,NUMBER,Number (real number),1925,Ecuador,175,3705625,0.052,0.020999999999999998
NUMBER,Number,0.113,Millions,NUMBER,Number (real number),1926,Ecuador,176,3709476,0.073,0.04000000000000001
NUMBER,Number,0.235,Millions,NUMBER,Number (real number),1927,Ecuador,177,3713329,0.113,0.12199999999999998
NUMBER,Number,0.474,Millions,NUMBER,Number (real number),1928,Ecuador,178,3717184,0.235,0.239
NUMBER,Number,0.601,Millions,NUMBER,Number (real number),1929,Ecuador,179,3721041,0.474,0.127
NUMBER,Number,0.678,Millions,NUMBER,Number (real number),1930,Ecuador,180,3724900,0.601,0.07700000000000007
NUMBER,Number,0.767,Millions,NUMBER,Number (real number),1931,Ecuador,181,3728761,0.678,0.08899999999999997
NUMBER,Number,0.712,Millions,NUMBER,Number (real number),1932,Ecuador,182,3732624,0.767,-0.05500000000000005
NUMBER,Number,0.727,Millions,NUMBER,Number (real number),1933,Ecuador,183,3736489,0.712,0.015000000000000013
NUMBER,Number,0.734,Millions,NUMBER,Number (real number),1934,Ecuador,184,3740356,0.727,0.007000000000000006
NUMBER,Number,0.785,Millions,NUMBER,Number (real number),1935,Ecuador,185,3744225,0.734,0.051000000000000045
NUMBER,Number,0.877,Millions,NUMBER,Number (real number),1936,Ecuador,186,3748096,0.785,0.09199999999999997
NUMBER,Number,0.976,Millions,NUMBER,Number (real number),1937,Ecuador,187,3751969,0.877,0.09899999999999998
NUMBER,Number,1.031,Millions,NUMBER,Number (real number),1938,Ecuador,188,3755844,0.976,0.05499999999999994
NUMBER,Number,1.07,Millions,NUMBER,Number (real number),1939,Ecuador,189,3759721,1.031,0.039000000000000146
NUMBER,Number,1.089,Millions,NUMBER,Number (real number),1940,Ecuador,190,3763600,1.07,0.018999999999999906
NUMBER,Number,0.729,Millions,NUMBER,Number (real number),1941,Ecuador,191,3767481,1.089,-0.36
NUMBER,Number,1.052,Millions,NUMBER,Number (real number),1942,Ecuador,192,3771364,0.729,0.32300000000000006
NUMBER,Number,1.055,Millions,NUMBER,Number (real number),1943,Ecuador,193,3775249,1.052,0.0029999999999998916
NUMBER,Number,1.327,Millions,NUMBER,Number (real number),1944,Ecuador,194,3779136,1.055,0.272
NUMBER,Number,1.228,Millions,NUMBER,Number (real number),1945,Ecuador,195,3783025,1.327,-0.09899999999999998
NUMBER,Number,1.103,Millions,NUMBER,Number (real number),1946,Ecuador,196,3786916,1.228,-0.125
NUMBER,Number,1.158,Millions,NUMBER,Number (real number),1947,Ecuador,197,3790809,1.103,0.05499999999999994
NUMBER,Number,1.287,Millions,NUMBER,Number (real number),1948,Ecuador,198,3794704,1.158,0.129
NUMBER,Number,1.302,Millions,NUMBER,Number (real number),1949,Ecuador,199,3798601,1.287,0.015000000000000124
NUMBER,Number,0.74,Millions,NUMBER,Number (real number),1950,Ecuador,200,3802500,1.302,-0.562
NUMBER,Number,0.704,Millions,NUMBER,Number (real number),1951,Ecuador,201,3806401,0.74,-0.03600000000000003
NUMBER,Number,0.895,Millions,NUMBER,Number (real number),1952,Ecuador,202,3810304,0.704,0.19100000000000006
NUMBER,Number,0.821,Millions,NUMBER,Number (real number),1953,Ecuador,203,3814209,0.895,-0.07400000000000007
NUMBER,Number,0.963,Millions,NUMBER,Number (real number),1954,Ecuador,204,3818116,0.821,0.14200000000000002
NUMBER,Number,1.198,Millions,NUMBER,Number (real number),1955,Ecuador,205,3822025,0.963,0.235
NUMBER,Number,1.296,Millions,NUMBER,Number (real number),1956,Ecuador,206,3825936,1.198,0.09800000000000009
NUMBER,Number,1.132,Millions,NUMBER,Number (real number),1957,Ecuador,207,3829849,1.296,-0.16400000000000015
NUMBER,Number,1.322,Millions,NUMBER,Number (real number),1958,Ecuador,208,3833764,1.132,0.19000000000000017
NUMBER,Number,1.293,Millions,NUMBER,Number (real number),1959,Ecuador,209,3837681,1.322,-0.029000000000000137
NUMBER,Number,1.762,Millions,NUMBER,Number (real number),1960,Ecuador,210,3841600,1.293,0.4690000000000001
NUMBER,Number,1.644,Millions,NUMBER,Number (real number),1961,Ecuador,211,3845521,1.762,-0.1180000000000001
NUMBER,Number,1.564,Millions,NUMBER,Number (real number),1962,Ecuador,212,3849444,1.644,-0.07999999999999985
NUMBER,Number,1.794,Millions,NUMBER,Number (real number),1963,Ecuador,213,3853369,1.564,0.22999999999999998
NUMBER,Number,2.142,Millions,NUMBER,Number (real number),1964,Ecuador,214,3857296,1.794,0.34799999999999986
NUMBER,Number,2.274,Millions,NUMBER,Number (real number),1965,Ecuador,215,3861225,2.142,0.13200000000000012
NUMBER,Number,2.417,Millions,NUMBER,Number (real number),1966,Ecuador,216,3865156,2.274,0.1429999999999998
NUMBER,Number,2.589,Millions,NUMBER,Number (real number),1967,Ecuador,217,3869089,2.417,0.17200000000000015
NUMBER,Number,3.113,Millions,NUMBER,Number (real number),1968,Ecuador,218,3873024,2.589,0.524
NUMBER,Number,3.589,Millions,NUMBER,Number (real number),1969,Ecuador,219,3876961,3.113,0.476
NUMBER,Number,4.278,Millions,NUMBER,Number (real number),1970,Ecuador,220,3880900,3.589,0.6889999999999996
NUMBER,Number,4.219,Millions,NUMBER,Number (real number),1971,Ecuador,221,3884841,4.278,-0.058999999999999275
NUMBER,Number,4.589,Millions,NUMBER,Number (real number),1972,Ecuador,222,3888784,4.219,0.3700000000000001
NUMBER,Number,5.256,Millions,NUMBER,Number (real number),1973,Ecuador,223,3892729,4.589,0.6669999999999998
NUMBER,Number,6.084,Millions,NUMBER,Number (real number),1974,Ecuador,224,3896676,5.256,0.8279999999999994
NUMBER,Number,7.355,Millions,NUMBER,Number (real number),1975,Ecuador,225,3900625,6.084,1.2710000000000008
NUMBER,Number,8.101,Millions,NUMBER,Number (real number),1976,Ecuador,226,3904576,7.355,0.7460000000000004
NUMBER,Number,7.472,Millions,NUMBER,Number (real number),1977,Ecuador,227,3908529,8.101,-0.6290000000000004
NUMBER,Number,10.406,Millions,NUMBER,Number (real number),1978,Ecuador,228,3912484,7.472,2.934
NUMBER,Number,12.14,Millions,NUMBER,Number (real number),1979,Ecuador,229,3916441,10.406,1.734
NUMBER,Number,13.407,Millions,NUMBER,Number (real number),1980,Ecuador,230,3920400,12.14,1.2669999999999995
NUMBER,Number,16.653,Millions,NUMBER,Number (real number),1981,Ecuador,231,3924361,13.407,3.2459999999999987
NUMBER,Number,19.235,Millions,NUMBER,Number (real number),1982,Ecuador,232,3928324,16.653,2.5820000000000007
NUMBER,Number,19.503,Millions,NUMBER,Number (real number),1983,Ecuador,233,3932289,19.235,0.2680000000000007
NUMBER,Number,21.19,Millions,NUMBER,Number (real number),1984,Ecuador,234,3936256,19.503,1.6870000000000012
NUMBER,Number,19.353,Millions,NUMBER,Number (real number),1985,Ecuador,235,3940225,21.19,-1.8369999999999997
NUMBER,Number,15.194,Millions,NUMBER,Number (real number),1986,Ecuador,236,3944196,19.353,-4.159000000000001
NUMBER,Number,15.022,Millions,NUMBER,Number (real number),1987,Ecuador,237,3948169,15.194,-0.1720000000000006
NUMBER,Number,17.169,Millions,NUMBER,Number (real number),1988,Ecuador,238,3952144,15.022,2.1470000000000002
NUMBER,Number,20.154,Millions,NUMBER,Number (real number),1989,Ecuador,239,3956121,17.169,2.9849999999999994
NUMBER,Number,16.458,Millions,NUMBER,Number (real number),1990,Ecuador,240,3960100,20.154,-3.6960000000000015
NUMBER,Number,16.157,Millions,NUMBER,Number (real number),1991,Ecuador,241,3964081,16.458,-0.3009999999999984
NUMBER,Number,21.96,Millions,NUMBER,Number (real number),1992,Ecuador,242,3968064,16.157,5.803000000000001
NUMBER,Number,24.089,Millions,NUMBER,Number (real number),1993,Ecuador,243,3972049,21.96,2.128999999999998
NUMBER,Number,14.307,Millions,NUMBER,Number (real number),1994,Ecuador,244,3976036,24.089,-9.781999999999998
NUMBER,Number,23.498,Millions,NUMBER,Number (real number),1995,Ecuador,245,3980025,14.307,9.191
NUMBER,Number,25.3,Millions,NUMBER,Number (real number),1996,Ecuador,246,3984016,23.498,1.8019999999999996
NUMBER,Number,19.429,Millions,NUMBER,Number (real number),1997,Ecuador,247,3988009,25.3,-5.871000000000002
NUMBER,Number,23.09,Millions,NUMBER,Number (real number),1998,Ecuador,248,3992004,19.429,3.6610000000000014
NUMBER,Number,21.976,Millions,NUMBER,Number (real number),1999,Ecuador,249,3996001,23.09,-1.1140000000000008
NUMBER,Number,20.927,Millions,NUMBER,Number (real number),2000,Ecuador,250,4000000,21.976,-1.0489999999999995
NUMBER,Number,23.408,Millions,NUMBER,Number (real number),2001,Ecuador,251,4004001,20.927,2.4810000000000016
NUMBER,Number,24.827,Millions,NUMBER,Number (real number),2002,Ecuador,252,4008004,23.408,1.4190000000000005
NUMBER,Number,27.072,Millions,NUMBER,Number (real number),2003,Ecuador,253,4012009,24.827,2.2449999999999974
NUMBER,Number,29.258,Millions,NUMBER,Number (real number),2004,Ecuador,254,4016016,27.072,2.186
NUMBER,Number,30.59,Millions,NUMBER,Number (real number),2005,Ecuador,255,4020025,29.258,1.3320000000000007
NUMBER,Number,29.69,Millions,NUMBER,Number (real number),2006,Ecuador,256,4024036,30.59,-0.8999999999999986
NUMBER,Number,34.279,Millions,NUMBER,Number (real number),2007,Ecuador,257,4028049,29.69,4.589000000000002
NUMBER,Number,30.314,Millions,NUMBER,Number (real number),2008,Ecuador,258,4032064,34.279,-3.9650000000000034
NUMBER,Number,33.599,Millions,NUMBER,Number (real number),2009,Ecuador,259,4036081,30.314,3.2849999999999966
NUMBER,Number,36.276,Millions,NUMBER,Number (real number),2010,Ecuador,260,4040100,33.599,2.6770000000000067
NUMBER,Number,38.264,Millions,NUMBER,Number (real number),2011,Ecuador,261,4044121,36.276,1.9879999999999995
NUMBER,Number,37.409,Millions,NUMBER,Number (real number),2012,Ecuador,262,4048144,38.264,-0.855000000000004
NUMBER,Number,39.655,Millions,NUMBER,Number (real number),2013,Ecuador,263,4052169,37.409,2.246000000000002
NUMBER,Number,43.731,Millions,NUMBER,Number (real number),2014,Ecuador,264,4056196,39.655,4.0760000000000005
NUMBER,Number,41.276,Millions,NUMBER,Number (real number),2015,Ecuador,265,4060225,43.731,-2.4549999999999983
NUMBER,Number,39.357,Millions,NUMBER,Number (real number),2016,Ecuador,266,4064256,41.276,-1.919000000000004
NUMBER,Number,39.174,Millions,NUMBER,Number (real number),2017,Ecuador,267,4068289,39.357,-0.18299999999999983
NUMBER,Number,38.429,Millions,NUMBER,Number (real number),2018,Ecuador,268,4072324,39.174,-0.7449999999999974
NUMBER,Number,40.062,Millions,NUMBER,Number (real number),2019,Ecuador,269,4076361,38.429,1.6329999999999956
NUMBER,Number,32.909,Millions,NUMBER,Number (real number),2020,Ecuador,270,4080400,40.062,-7.152999999999999
NUMBER,Number,38.204,Millions,NUMBER,Number (real number),2021,Ecuador,271,4084441,32.909,5.295000000000002
NUMBER,Number,40.522,Millions,NUMBER,Number (real number),2022,Ecuador,272,4088484,38.204,2.317999999999998
NUMBER,Number,43.173,Millions,NUMBER,Number (real number),2023,Ecuador,273,4092529,40.522,2.6510000000000034
NUMBER,Number,0.084,Millions,NUMBER,Number (real number),1912,"Egypt, Arab Rep.",162,3655744,0.011,0.07300000000000001
NUMBER,Number,0.04,Millions,NUMBER,Number (real number),1913,"Egypt, Arab Rep.",163,3659569,0.084,-0.044000000000000004
NUMBER,Number,0.308,Millions,NUMBER,Number (real number),1914,"Egypt, Arab Rep.",164,3663396,0.04,0.268
NUMBER,Number,0.092,Millions,NUMBER,Number (real number),1915,"Egypt, Arab Rep.",165,3667225,0.308,-0.216
NUMBER,Number,0.18,Millions,NUMBER,Number (real number),1916,"Egypt, Arab Rep.",166,3671056,0.092,0.088
NUMBER,Number,0.421,Millions,NUMBER,Number (real number),1917,"Egypt, Arab Rep.",167,3674889,0.18,0.241
NUMBER,Number,0.865,Millions,NUMBER,Number (real number),1918,"Egypt, Arab Rep.",168,3678724,0.421,0.444
NUMBER,Number,0.689,Millions,NUMBER,Number (real number),1919,"Egypt, Arab Rep.",169,3682561,0.865,-0.17600000000000005
NUMBER,Number,0.454,Millions,NUMBER,Number (real number),1920,"Egypt, Arab Rep.",170,3686400,0.689,-0.23499999999999993
NUMBER,Number,0.561,Millions,NUMBER,Number (real number),1921,"Egypt, Arab Rep.",171,3690241,0.454,0.10700000000000004
NUMBER,Number,0.531,Millions,NUMBER,Number (real number),1922,"Egypt, Arab Rep.",172,3694084,0.561,-0.030000000000000027
NUMBER,Number,0.469,Millions,NUMBER,Number (real number),1923,"Egypt, Arab Rep.",173,3697929,0.531,-0.062000000000000055
NUMBER,Number,0.498,Millions,NUMBER,Number (real number),1924,"Egypt, Arab Rep.",174,3701776,0.469,0.029000000000000026
NUMBER,Number,0.553,Millions,NUMBER,Number (real number),1925,"Egypt, Arab Rep.",175,3705625,0.498,0.05500000000000005
NUMBER,Number,0.531,Millions,NUMBER,Number (real number),1926,"Egypt, Arab Rep.",176,3709476,0.553,-0.02200000000000002
NUMBER,Number,0.568,Millions,NUMBER,Number (real number),1927,"Egypt, Arab Rep.",177,3713329,0.531,0.03699999999999992
NUMBER,Number,0.868,Millions,NUMBER,Number (real number),1928,"Egypt, Arab Rep.",178,3717184,0.568,0.30000000000000004
NUMBER,Number,0.923,Millions,NUMBER,Number (real number),1929,"Egypt, Arab Rep.",179,3721041,0.868,0.05500000000000005
NUMBER,Number,1.021,Millions,NUMBER,Number (real number),1930,"Egypt, Arab Rep.",180,3724900,0.923,0.09799999999999986
NUMBER,Number,1.007,Millions,NUMBER,Number (real number),1931,"Egypt, Arab Rep.",181,3728761,1.021,-0.014000000000000012
NUMBER,Number,0.952,Millions,NUMBER,Number (real number),1932,"Egypt, Arab Rep.",182,3732624,1.007,-0.05499999999999994
NUMBER,Number,0.871,Millions,NUMBER,Number (real number),1933,"Egypt, Arab Rep.",183,3736489,0.952,-0.08099999999999996
NUMBER,Number,0.823,Millions,NUMBER,Number (real number),1934,"Egypt, Arab Rep.",184,3740356,0.871,-0.04800000000000004
NUMBER,Number,0.746,Millions,NUMBER,Number (real number),1935,"Egypt, Arab Rep.",185,3744225,0.823,-0.07699999999999996
NUMBER,Number,0.728,Millions,NUMBER,Number (real number),1936,"Egypt, Arab Rep.",186,3748096,0.746,-0.018000000000000016
NUMBER,Number,0.687,Millions,NUMBER,Number (real number),1937,"Egypt, Arab Rep.",187,3751969,0.728,-0.040999999999999925
NUMBER,Number,0.878,Millions,NUMBER,Number (real number),1938,"Egypt, Arab Rep.",188,3755844,0.687,0.19099999999999995
NUMBER,Number,2.226,Millions,NUMBER,Number (real number),1939,"Egypt, Arab Rep.",189,3759721,0.878,1.3479999999999999
NUMBER,Number,3.029,Millions,NUMBER,Number (real number),1940,"Egypt, Arab Rep.",190,3763600,2.226,0.8029999999999999
NUMBER,Number,3.952,Millions,NUMBER,Number (real number),1941,"Egypt, Arab Rep.",191,3767481,3.029,0.923
NUMBER,Number,3.835,Millions,NUMBER,Number (real number),1942,"Egypt, Arab Rep.",192,3771364,3.952,-0.11699999999999999
NUMBER,Number,4.102,Millions,NUMBER,Number (real number),1943,"Egypt, Arab Rep.",193,3775249,3.835,0.26700000000000035
NUMBER,Number,4.358,Millions,NUMBER,Number (real number),1944,"Egypt, Arab Rep.",194,3779136,4.102,0.25599999999999934
NUMBER,Number,4.355,Millions,NUMBER,Number (real number),1945,"Egypt, Arab Rep.",195,3783025,4.358,-0.0029999999999992255
NUMBER,Number,4.222,Millions,NUMBER,Number (real number),1946,"Egypt, Arab Rep.",196,3786916,4.355,-0.133
NUMBER,Number,4.413,Millions,NUMBER,Number (real number),1947,"Egypt, Arab Rep.",197,3790809,4.222,0.19099999999999984
NUMBER,Number,6.149,Millions,NUMBER,Number (real number),1948,"Egypt, Arab Rep.",198,3794704,4.413,1.7359999999999998
NUMBER,Number,7.46,Millions,NUMBER,Number (real number),1949,"Egypt, Arab Rep.",199,3798601,6.149,1.311
NUMBER,Number,10.233,Millions,NUMBER,Number (real number),1950,"Egypt, Arab Rep.",200,3802500,7.46,2.7730000000000006
NUMBER,Number,10.559,Millions,NUMBER,Number (real number),1951,"Egypt, Arab Rep.",201,3806401,10.233,0.32599999999999874
NUMBER,Number,10.893,Millions,NUMBER,Number (real number),1952,"Egypt, Arab Rep.",202,3810304,10.559,0.3340000000000014
NUMBER,Number,10.779,Millions,NUMBER,Number (real number),1953,"Egypt, Arab Rep.",203,3814209,10.893,-0.11400000000000077
NUMBER,Number,11.664,Millions,NUMBER,Number (real number),1954,"Egypt, Arab Rep.",204,3818116,10.779,0.8849999999999998
NUMBER,Number,10.642,Millions,NUMBER,Number (real number),1955,"Egypt, Arab Rep.",205,3822025,11.664,-1.0220000000000002
NUMBER,Number,9.942,Millions,NUMBER,Number (real number),1956,"Egypt, Arab Rep.",206,3825936,10.642,-0.6999999999999993
NUMBER,Number,11.917,Millions,NUMBER,Number (real number),1957,"Egypt, Arab Rep.",207,3829849,9.942,1.9749999999999996
NUMBER,Number,13.683,Millions,NUMBER,Number (real number),1958,"Egypt, Arab Rep.",208,3833764,11.917,1.766
NUMBER,Number,12.707,Millions,NUMBER,Number (real number),1959,"Egypt, Arab Rep.",209,3837681,13.683,-0.9759999999999991
NUMBER,Number,16.033,Millions,NUMBER,Number (real number),1960,"Egypt, Arab Rep.",210,3841600,12.707,3.3260000000000005
NUMBER,Number,17.066,Millions,NUMBER,Number (real number),1961,"Egypt, Arab Rep.",211,3845521,16.033,1.0329999999999977
NUMBER,Number,18.571,Millions,NUMBER,Number (real number),1962,"Egypt, Arab Rep.",212,3849444,17.066,1.5050000000000026
NUMBER,Number,21.527,Millions,NUMBER,Number (real number),1963,"Egypt, Arab Rep.",213,3853369,18.571,2.9559999999999995
NUMBER,Number,25.491,Millions,NUMBER,Number (real number),1964,"Egypt, Arab Rep.",214,3857296,21.527,3.9639999999999986
NUMBER,Number,27.609,Millions,NUMBER,Number (real number),1965,"Egypt, Arab Rep.",215,3861225,25.491,2.118000000000002
NUMBER,Number,26.532,Millions,NUMBER,Number (real number),1966,"Egypt, Arab Rep.",216,3865156,27.609,-1.0770000000000017
NUMBER,Number,19.65,Millions,NUMBER,Number (real number),1967,"Egypt, Arab Rep.",217,3869089,26.532,-6.8820000000000014
NUMBER,Number,22.873,Millions,NUMBER,Number (real number),1968,"Egypt, Arab Rep.",218,3873024,19.65,3.2230000000000025
NUMBER,Number,19.665,Millions,NUMBER,Number (real number),1969,"Egypt, Arab Rep.",219,3876961,22.873,-3.208000000000002
NUMBER,Number,21.654,Millions,NUMBER,Number (real number),1970,"Egypt, Arab Rep.",220,3880900,19.665,1.9890000000000008
NUMBER,Number,23.012,Millions,NUMBER,Number (real number),1971,"Egypt, Arab Rep.",221,3884841,21.654,1.3580000000000005
NUMBER,Number,25.475,Millions,NUMBER,Number (real number),1972,"Egypt, Arab Rep.",222,3888784,23.012,2.463000000000001
NUMBER,Number,23.761,Millions,NUMBER,Number (real number),1973,"Egypt, Arab Rep.",223,3892729,25.475,-1.7140000000000022
NUMBER,Number,26.089,Millions,NUMBER,Number (real number),1974,"Egypt, Arab Rep.",224,3896676,23.761,2.3279999999999994
NUMBER,Number,31.06,Millions,NUMBER,Number (real number),1975,"Egypt, Arab Rep.",225,3900625,26.089,4.971
NUMBER,Number,34.45,Millions,NUMBER,Number (real number),1976,"Egypt, Arab Rep.",226,3904576,31.06,3.390000000000004
NUMBER,Number,37.815,Millions,NUMBER,Number (real number),1977,"Egypt, Arab Rep.",227,3908529,34.45,3.364999999999995
NUMBER,Number,39.261,Millions,NUMBER,Number (real number),1978,"Egypt, Arab Rep.",228,3912484,37.815,1.446000000000005
NUMBER,Number,42.89,Millions,NUMBER,Number (real number),1979,"Egypt, Arab Rep.",229,3916441,39.261,3.628999999999998
NUMBER,Number,45.176,Millions,NUMBER,Number (real number),1980,"Egypt, Arab Rep.",230,3920400,42.89,2.2860000000000014
NUMBER,Number,50.903,Millions,NUMBER,Number (real number),1981,"Egypt, Arab Rep.",231,3924361,45.176,5.726999999999997
NUMBER,Number,56.431,Millions,NUMBER,Number (real number),1982,"Egypt, Arab Rep.",232,3928324,50.903,5.527999999999999
NUMBER,Number,56.98,Millions,NUMBER,Number (real number),1983,"Egypt, Arab Rep.",233,3932289,56.431,0.5489999999999995
NUMBER,Number,63.704,Millions,NUMBER,Number (real number),1984,"Egypt, Arab Rep.",234,3936256,56.98,6.724000000000004
NUMBER,Number,63.807,Millions,NUMBER,Number (real number),1985,"Egypt, Arab Rep.",235,3940225,63.704,0.10300000000000153
NUMBER,Number,74.393,Millions,NUMBER,Number (real number),1986,"Egypt, Arab Rep.",236,3944196,63.807,10.585999999999999
NUMBER,Number,74.614,Millions,NUMBER,Number (real number),1987,"Egypt, Arab Rep.",237,3948169,74.393,0.22100000000000364
NUMBER,Number,74.309,Millions,NUMBER,Number (real number),1988,"Egypt, Arab Rep.",238,3952144,74.614,-0.3050000000000068
NUMBER,Number,71.905,Millions,NUMBER,Number (real number),1989,"Egypt, Arab Rep.",239,3956121,74.309,-2.4039999999999964
NUMBER,Number,75.218,Millions,NUMBER,Number (real number),1990,"Egypt, Arab Rep.",240,3960100,71.905,3.3130000000000024
NUMBER,Number,77.296,Millions,NUMBER,Number (real number),1991,"Egypt, Arab Rep.",241,3964081,75.218,2.078000000000003
NUMBER,Number,79.94,Millions,NUMBER,Number (real number),1992,"Egypt, Arab Rep.",242,3968064,77.296,2.6439999999999912
NUMBER,Number,92.278,Millions,NUMBER,Number (real number),1993,"Egypt, Arab Rep.",243,3972049,79.94,12.338000000000008
NUMBER,Number,88.373,Millions,NUMBER,Number (real number),1994,"Egypt, Arab Rep.",244,3976036,92.278,-3.905000000000001
NUMBER,Number,98.994,Millions,NUMBER,Number (real number),1995,"Egypt, Arab Rep.",245,3980025,88.373,10.620999999999995
NUMBER,Number,97.951,Millions,NUMBER,Number (real number),1996,"Egypt, Arab Rep.",246,3984016,98.994,-1.0430000000000064
NUMBER,Number,111.705,Millions,NUMBER,Number (real number),1997,"Egypt, Arab Rep.",247,3988009,97.951,13.754000000000005
NUMBER,Number,125.026,Millions,NUMBER,Number (real number),1998,"Egypt, Arab Rep.",248,3992004,111.705,13.320999999999998
NUMBER,Number,128.221,Millions,NUMBER,Number (real number),1999,"Egypt, Arab Rep.",249,3996001,125.026,3.1950000000000074
NUMBER,Number,143.836,Millions,NUMBER,Number (real number),2000,"Egypt, Arab Rep.",250,4000000,128.221,15.615000000000009
NUMBER,Number,127.657,Millions,NUMBER,Number (real number),2001,"Egypt, Arab Rep.",251,4004001,143.836,-16.179000000000016
NUMBER,Number,129.155,Millions,NUMBER,Number (real number),2002,"Egypt, Arab Rep.",252,4008004,127.657,1.4980000000000047
NUMBER,Number,149.919,Millions,NUMBER,Number (real number),2003,"Egypt, Arab Rep.",253,4012009,129.155,20.76400000000001
NUMBER,Number,152.576,Millions,NUMBER,Number (real number),2004,"Egypt, Arab Rep.",254,4016016,149.919,2.6569999999999823
NUMBER,Number,168.217,Millions,NUMBER,Number (real number),2005,"Egypt, Arab Rep.",255,4020025,152.576,15.64100000000002
NUMBER,Number,179.194,Millions,NUMBER,Number (real number),2006,"Egypt, Arab Rep.",256,4024036,168.217,10.976999999999975
NUMBER,Number,188.805,Millions,NUMBER,Number (real number),2007,"Egypt, Arab Rep.",257,4028049,179.194,9.611000000000018
NUMBER,Number,197.728,Millions,NUMBER,Number (real number),2008,"Egypt, Arab Rep.",258,4032064,188.805,8.923000000000002
NUMBER,Number,206.478,Millions,NUMBER,Number (real number),2009,"Egypt, Arab Rep.",259,4036081,197.728,8.75
NUMBER,Number,203.608,Millions,NUMBER,Number (real number),2010,"Egypt, Arab Rep.",260,4040100,206.478,-2.8700000000000045
NUMBER,Number,216.917,Millions,NUMBER,Number (real number),2011,"Egypt, Arab Rep.",261,4044121,203.608,13.308999999999997
NUMBER,Number,213.734,Millions,NUMBER,Number (real number),2012,"Egypt, Arab Rep.",262,4048144,216.917,-3.1829999999999927
NUMBER,Number,211.419,Millions,NUMBER,Number (real number),2013,"Egypt, Arab Rep.",263,4052169,213.734,-2.3149999999999977
NUMBER,Number,226.899,Millions,NUMBER,Number (real number),2014,"Egypt, Arab Rep.",264,4056196,211.419,15.47999999999999
NUMBER,Number,224.48,Millions,NUMBER,Number (real number),2015,"Egypt, Arab Rep.",265,4060225,226.899,-2.419000000000011
NUMBER,Number,239.382,Millions,NUMBER,Number (real number),2016,"Egypt, Arab Rep.",266,4064256,224.48,14.902000000000015
NUMBER,Number,260.675,Millions,NUMBER,Number (real number),2017,"Egypt, Arab Rep.",267,4068289,239.382,21.293000000000006
NUMBER,Number,249.217,Millions,NUMBER,Number (real number),2018,"Egypt, Arab Rep.",268,4072324,260.675,-11.457999999999998
NUMBER,Number,258.742,Millions,NUMBER,Number (real number),2019,"Egypt, Arab Rep.",269,4076361,249.217,9.525000000000006
NUMBER,Number,235.358,Millions,NUMBER,Number (real number),2020,"Egypt, Arab Rep.",270,4080400,258.742,-23.384000000000015
NUMBER,Number,260.936,Millions,NUMBER,Number (real number),2021,"Egypt, Arab Rep.",271,4084441,235.358,25.577999999999975
NUMBER,Number,271.169,Millions,NUMBER,Number (real number),2022,"Egypt, Arab Rep.",272,4088484,260.936,10.233000000000004
NUMBER,Number,269.006,Millions,NUMBER,Number (real number),2023,"Egypt, Arab Rep.",273,4092529,271.169,-2.163000000000011
NUMBER,Number,0.0,Millions,NUMBER,Number (real number),1871,El Salvador,121,3500641,0.0,0.0
NUMBER,Number,0.0,Millions,NUMBER,Number (real number),1872,El Salvador,122,3504384,0.0,0.0
NUMBER,Number,0.0,Millions,NUMBER,Number (real number),1873,El Salvador,123,3508129,0.0,0.0
NUMBER,Number,0.0,Millions,NUMBER,Number (real number),1874,El Salvador,124,3511876,0.0,0.0
NUMBER,Number,0.0,Millions,NUMBER,Number (real number),1875,El Salvador,125,3515625,0.0,0.0
NUMBER,Number,0.0,Millions,NUMBER,Number (real number),1876,El Salvador,126,3519376,0.0,0.0
NUMBER,Number,0.0,Millions,NUMBER,Number (real number),1877,El Salvador,127,3523129,0.0,0.0
NUMBER,Number,0.0,Millions,NUMBER,Number (real number),1878,El Salvador,128,3526884,0.0,0.0
NUMBER,Number,0.0,Millions,NUMBER,Number (real number),1879,El Salvador,129,3530641,0.0,0.0
NUMBER,Number,0.0,Millions,NUMBER,Number (real number),1880,El Salvador,130,3534400,0.0,0.0
NUMBER,Number,0.0,Millions,NUMBER,Number (real number),1881,El Salvador,131,3538161,0.0,0.0
NUMBER,Number,0.0,Millions,NUMBER,Number (real number),1882,El Salvador,132,3541924,0.0,0.0
NUMBER,Number,0.0,Millions,NUMBER,Number (real number),1883,El Salvador,133,3545689,0.0,0.0
NUMBER,Number,0.0,Millions,NUMBER,Number (real number),1884,El Salvador,134,3549456,0.0,0.0
NUMBER,Number,0.0,Millions,NUMBER,Number (real number),1885,El Salvador,135,3553225,0.0,0.0
NUMBER,Number,0.0,Millions,NUMBER,Number (real number),1886,El Salvador,136,3556996,0.0,0.0
NUMBER,Number,0.0,Millions,NUMBER,Number (real number),1887,El Salvador,137,3560769,0.0,0.0
NUMBER,Number,0.0,Millions,NUMBER,Number (real number),1888,El Salvador,138,3564544,0.0,0.0
NUMBER,Number,0.0,Millions,NUMBER,Number (real number),1889,El Salvador,139,3568321,0.0,0.0
NUMBER,Number,0.0,Millions,NUMBER,Number (real number),1890,El Salvador,140,3572100,0.0,0.0
NUMBER,Number,0.0,Millions,NUMBER,Number (real number),1891,El Salvador,141,3575881,0.0,0.0
NUMBER,Number,0.0,Millions,NUMBER,Number (real number),1892,El Salvador,142,3579664,0.0,0.0
NUMBER,Number,0.0,Millions,NUMBER,Number (real number),1893,El Salvador,143,3583449,0.0,0.0
NUMBER,Number,0.0,Millions,NUMBER,Number (real number),1894,El Salvador,144,3587236,0.0,0.0
NUMBER,Number,0.0,Millions,NUMBER,Number (real number),1895,El Salvador,145,3591025,0.0,0.0
NUMBER,Number,0.006,Millions,NUMBER,Number (real number),1896,El Salvador,146,3594816,0.0,0.006
NUMBER,Number,0.008,Millions,NUMBER,Number (real number),1897,El Salvador,147,3598609,0.006,0.002
NUMBER,Number,0.0,Millions,NUMBER,Number (real number),1898,El Salvador,148,3602404,0.008,-0.008
NUMBER,Number,0.002,Millions,NUMBER,Number (real number),1899,El Salvador,149,3606201,0.0,0.002
NUMBER,Number,0.0,Millions,NUMBER,Number (real number),1900,El Salvador,150,3610000,0.002,-0.002
NUMBER,Number,0.0,Millions,NUMBER,Number (real number),1901,El Salvador,151,3613801,0.0,0.0
NUMBER,Number,0.0,Millions,NUMBER,Number (real number),1902,El Salvador,152,3617604,0.0,0.0
NUMBER,Number,0.0,Millions,NUMBER,Number (real number),1903,El Salvador,153,3621409,0.0,0.0
NUMBER,Number,0.0,Millions,NUMBER,Number (real number),1904,El Salvador,154,3625216,0.0,0.0
NUMBER,Number,0.0,Millions,NUMBER,Number (real number),1905,El Salvador,155,3629025,0.0,0.0
NUMBER,Number,0.001,Millions,NUMBER,Number (real number),1906,El Salvador,156,3632836,0.0,0.001
NUMBER,Number,0.001,Millions,NUMBER,Number (real number),1907,El Salvador,157,3636649,0.001,0.0
NUMBER,Number,0.0,Millions,NUMBER,Number (real number),1908,El Salvador,158,3640464,0.001,-0.001
NUMBER,Number,0.0,Millions,NUMBER,Number (real number),1909,El Salvador,159,3644281,0.0,0.0
NUMBER,Number,0.0,Millions,NUMBER,Number (real number),1910,El Salvador,160,3648100,0.0,0.0
NUMBER,Number,0.0,Millions,NUMBER,Number (real number),1911,El Salvador,161,3651921,0.0,0.0
NUMBER,Number,0.0,Millions,NUMBER,Number (real number),1912,El Salvador,162,3655744,0.0,0.0
NUMBER,Number,0.004,Millions,NUMBER,Number (real number),1913,El Salvador,163,3659569,0.0,0.004
NUMBER,Number,0.0,Millions,NUMBER,Number (real number),1914,El Salvador,164,3663396,0.004,-0.004
NUMBER,Number,0.0,Millions,NUMBER,Number (real number),1915,El Salvador,165,3667225,0.0,0.0
NUMBER,Number,0.0,Millions,NUMBER,Number (real number),1916,El Salvador,166,3671056,0.0,0.0
NUMBER,Number,0.0,Millions,NUMBER,Number (real number),1917,El Salvador,167,3674889,0.0,0.0
NUMBER,Number,0.0,Millions,NUMBER,Number (real number),1918,El Salvador,168,3678724,0.0,0.0
NUMBER,Number,0.006,Millions,NUMBER,Number (real number),1919,El Salvador,169,3682561,0.0,0.006
NUMBER,Number,0.008,Millions,NUMBER,Number (real number),1920,El Salvador,170,3686400,0.006,0.002
NUMBER,Number,0.0,Millions,NUMBER,Number (real number),1921,El Salvador,171,3690241,0.008,-0.008
NUMBER,Number,0.0,Millions,NUMBER,Number (real number),1922,El Salvador,172,3694084,0.0,0.0
NUMBER,Number,0.0,Millions,NUMBER,Number (real number),1923,El Salvador,173,3697929,0.0,0.0
NUMBER,Number,0.0,Millions,NUMBER,Number (real number),1924,El Salvador,174,3701776,0.0,0.0
NUMBER,Number,0.0,Millions,NUMBER,Number (real number),1925,El Salvador,175,3705625,0.0,0.0
NUMBER,Number,0.0,Millions,NUMBER,Number (real number),1926,El Salvador,176,3709476,0.0,0.0
NUMBER,Number,0.01,Millions,NUMBER,Number (real number),1927,El Salvador,177,3713329,0.0,0.01
NUMBER,Number,0.011,Millions,NUMBER,Number (real number),1928,El Salvador,178,3717184,0.01,0.0009999999999999992
NUMBER,Number,0.013,Millions,NUMBER,Number (real number),1929,El Salvador,179,3721041,0.011,0.002
NUMBER,Number,0.001,Millions,NUMBER,Number (real number),1930,El Salvador,180,3724900,0.013,-0.012
NUMBER,Number,0.0,Millions,NUMBER,Number (real number),1931,El Salvador,181,3728761,0.001,-0.001
NUMBER,Number,0.01,Millions,NUMBER,Number (real number),1932,El Salvador,182,3732624,0.0,0.01
NUMBER,Number,0.009,Millions,NUMBER,Number (real number),1933,El Salvador,183,3736489,0.01,-0.0010000000000000009
NUMBER,Number,0.0,Millions,NUMBER,Number (real number),1934,El Salvador,184,3740356,0.009,-0.009
NUMBER,Number,0.002,Millions,NUMBER,Number (real number),1935,El Salvador,185,3744225,0.0,0.002
NUMBER,Number,0.0,Millions,NUMBER,Number (real number),1936,El Salvador,186,3748096,0.002,-0.002
NUMBER,Number,0.0,Millions,NUMBER,Number (real number),1937,El Salvador,187,3751969,0.0,0.0
NUMBER,Number,0.0,Millions,NUMBER,Number (real number),1938,El Salvador,188,3755844,0.0,0.0
NUMBER,Number,0.001,Millions,NUMBER,Number (real number),1939,El Salvador,189,3759721,0.0,0.001
NUMBER,Number,0.0,Millions,NUMBER,Number (real number),1940,El Salvador,190,3763600,0.001,-0.001
NUMBER,Number,0.0,Millions,NUMBER,Number (real number),1941,El Salvador,191,3767481,0.0,0.0
NUMBER,Number,0.0,Millions,NUMBER,Number (real number),1942,El Salvador,192,3771364,0.0,0.0
NUMBER,Number,0.001,Millions,NUMBER,Number (real number),1943,El Salvador,193,3775249,0.0,0.001
NUMBER,Number,0.0,Millions,NUMBER,Number (real number),1944,El Salvador,194,3779136,0.001,-0.001
NUMBER,Number,0.0,Millions,NUMBER,Number (real number),1945,El Salvador,195,3783025,0.0,0.0
NUMBER,Number,0.0,Millions,NUMBER,Number (real number),1946,El Salvador,196,3786916,0.0,0.0
NUMBER,Number,0.0,Millions,NUMBER,Number (real number),1947,El Salvador,197,3790809,0.0,0.0
NUMBER,Number,0.001,Millions,NUMBER,Number (real number),1948,El Salvador,198,3794704,0.0,0.001
NUMBER,Number,0.0,Millions,NUMBER,Number (real number),1949,El Salvador,199,3798601,0.001,-0.001
NUMBER,Number,0.268,Millions,NUMBER,Number (real number),1950,El Salvador,200,3802500,0.0,0.268
NUMBER,Number,0.323,Millions,NUMBER,Number (real number),1951,El Salvador,201,3806401,0.268,0.05499999999999999
NUMBER,Number,0.389,Millions,NUMBER,Number (real number),1952,El Salvador,202,3810304,0.323,0.066
NUMBER,Number,0.418,Millions,NUMBER,Number (real number),1953,El Salvador,203,3814209,0.389,0.02899999999999997
NUMBER,Number,0.47,Millions,NUMBER,Number (real number),1954,El Salvador,204,3818116,0.418,0.05199999999999999
NUMBER,Number,0.462,Millions,NUMBER,Number (real number),1955,El Salvador,205,3822025,0.47,-0.007999999999999952
NUMBER,Number,0.527,Millions,NUMBER,Number (real number),1956,El Salvador,206,3825936,0.462,0.065
NUMBER,Number,0.597,Millions,NUMBER,Number (real number),1957,El Salvador,207,3829849,0.527,0.06999999999999995
NUMBER,Number,0.597,Millions,NUMBER,Number (real number),1958,El Salvador,208,3833764,0.597,0.0
NUMBER,Number,0.604,Millions,NUMBER,Number (real number),1959,El Salvador,209,3837681,0.597,0.007000000000000006
NUMBER,Number,0.619,Millions,NUMBER,Number (real number),1960,El Salvador,210,3841600,0.604,0.015000000000000013
NUMBER,Number,0.582,Millions,NUMBER,Number (real number),1961,El Salvador,211,3845521,0.619,-0.03700000000000003
NUMBER,Number,0.648,Millions,NUMBER,Number (real number),1962,El Salvador,212,3849444,0.582,0.06600000000000006
NUMBER,Number,1.125,Millions,NUMBER,Number (real number),1963,El Salvador,213,3853369,0.648,0.477
NUMBER,Number,1.231,Millions,NUMBER,Number (real number),1964,El Salvador,214,3857296,1.125,0.1060000000000001
NUMBER,Number,1.04,Millions,NUMBER,Number (real number),1965,El Salvador,215,3861225,1.231,-0.19100000000000006
NUMBER,Number,1.304,Millions,NUMBER,Number (real number),1966,El Salvador,216,3865156,1.04,0.264
NUMBER,Number,1.157,Millions,NUMBER,Number (real number),1967,El Salvador,217,3869089,1.304,-0.14700000000000002
NUMBER,Number,1.26,Millions,NUMBER,Number (real number),1968,El Salvador,218,3873024,1.157,0.10299999999999998
NUMBER,Number,1.19,Millions,NUMBER,Number (real number),1969,El Salvador,219,3876961,1.26,-0.07000000000000006
NUMBER,Number,1.428,Millions,NUMBER,Number (real number),1970,El Salvador,220,3880900,1.19,0.238
NUMBER,Number,1.509,Millions,NUMBER,Number (real number),1971,El Salvador,221,3884841,1.428,0.08099999999999996
NUMBER,Number,1.677,Millions,NUMBER,Number (real number),1972,El Salvador,222,3888784,1.509,0.16800000000000015
NUMBER,Number,1.967,Millions,NUMBER,Number (real number),1973,El Salvador,223,3892729,1.677,0.29000000000000004
NUMBER,Number,1.97,Millions,NUMBER,Number (real number),1974,El Salvador,224,3896676,1.967,0.0029999999999998916
NUMBER,Number,2.105,Millions,NUMBER,Number (real number),1975,El Salvador,225,3900625,1.97,0.135
NUMBER,Number,2.207,Millions,NUMBER,Number (real number),1976,El Salvador,226,3904576,2.105,0.10199999999999987
NUMBER,Number,2.282,Millions,NUMBER,Number (real number),1977,El Salvador,227,3908529,2.207,0.07500000000000018
NUMBER,Number,2.381,Millions,NUMBER,Number (real number),1978,El Salvador,228,3912484,2.282,0.09899999999999975
NUMBER,Number,2.377,Millions,NUMBER,Number (real number),1979,El Salvador,229,3916441,2.381,-0.0040000000000000036
NUMBER,Number,2.119,Millions,NUMBER,Number (real number),1980,El Salvador,230,3920400,2.377,-0.25799999999999956
NUMBER,Number,1.819,Millions,NUMBER,Number (real number),1981,El Salvador,231,3924361,2.119,-0.30000000000000027
NUMBER,Number,1.752,Millions,NUMBER,Number (real number),1982,El Salvador,232,3928324,1.819,-0.06699999999999995
NUMBER,Number,1.885,Millions,NUMBER,Number (real number),1983,El Salvador,233,3932289,1.752,0.133
NUMBER,Number,1.588,Millions,NUMBER,Number (real number),1984,El Salvador,234,3936256,1.885,-0.29699999999999993
NUMBER,Number,1.965,Millions,NUMBER,Number (real number),1985,El Salvador,235,3940225,1.588,0.377
NUMBER,Number,1.967,Millions,NUMBER,Number (real number),1986,El Salvador,236,3944196,1.965,0.0020000000000000018
NUMBER,Number,2.414,Millions,NUMBER,Number (real number),1987,El Salvador,237,3948169,1.967,0.44700000000000006
NUMBER,Number,2.433,Millions,NUMBER,Number (real number),1988,El Salvador,238,3952144,2.414,0.018999999999999684
NUMBER,Number,2.547,Millions,NUMBER,Number (real number),1989,El Salvador,239,3956121,2.433,0.11400000000000032
NUMBER,Number,2.475,Millions,NUMBER,Number (real number),1990,El Salvador,240,3960100,2.547,-0.07200000000000006
NUMBER,Number,3.155,Millions,NUMBER,Number (real number),1991,El Salvador,241,3964081,2.475,0.6799999999999997
NUMBER,Number,3.317,Millions,NUMBER,Number (real number),1992,El Salvador,242,3968064,3.155,0.16200000000000037
NUMBER,Number,3.976,Millions,NUMBER,Number (real number),1993,El Salvador,243,3972049,3.317,0.6589999999999998
NUMBER,Number,4.513,Millions,NUMBER,Number (real number),1994,El Salvador,244,3976036,3.976,0.5369999999999999
NUMBER,Number,4.998,Millions,NUMBER,Number (real number),1995,El Salvador,245,3980025,4.513,0.4850000000000003
NUMBER,Number,4.414,Millions,NUMBER,Number (real number),1996,El Salvador,246,3984016,4.998,-0.5840000000000005
NUMBER,Number,5.416,Millions,NUMBER,Number (real number),1997,El Salvador,247,3988009,4.414,1.0020000000000007
NUMBER,Number,5.731,Millions,NUMBER,Number (real number),1998,El Salvador,248,3992004,5.416,0.3149999999999995
NUMBER,Number,5.588,Millions,NUMBER,Number (real number),1999,El Salvador,249,3996001,5.731,-0.1429999999999998
NUMBER,Number,5.671,Millions,NUMBER,Number (real number),2000,El Salvador,250,4000000,5.588,0.08300000000000018
NUMBER,Number,5.857,Millions,NUMBER,Number (real number),2001,El Salvador,251,4004001,5.671,0.18599999999999994
NUMBER,Number,6.07,Millions,NUMBER,Number (real number),2002,El Salvador,252,4008004,5.857,0.21300000000000008
NUMBER,Number,6.435,Millions,NUMBER,Number (real number),2003,El Salvador,253,4012009,6.07,0.3649999999999993
NUMBER,Number,6.254,Millions,NUMBER,Number (real number),2004,El Salvador,254,4016016,6.435,-0.18100000000000005
NUMBER,Number,6.298,Millions,NUMBER,Number (real number),2005,El Salvador,255,4020025,6.254,0.04400000000000048
NUMBER,Number,6.718,Millions,NUMBER,Number (real number),2006,El Salvador,256,4024036,6.298,0.41999999999999993
NUMBER,Number,6.846,Millions,NUMBER,Number (real number),2007,El Salvador,257,4028049,6.718,0.1280000000000001
NUMBER,Number,6.405,Millions,NUMBER,Number (real number),2008,El Salvador,258,4032064,6.846,-0.44099999999999984
NUMBER,Number,6.312,Millions,NUMBER,Number (real number),2009,El Salvador,259,4036081,6.405,-0.09299999999999997
NUMBER,Number,6.319,Millions,NUMBER,Number (real number),2010,El Salvador,260,4040100,6.312,0.006999999999999673
NUMBER,Number,6.499,Millions,NUMBER,Number (real number),2011,El Salvador,261,4044121,6.319,0.17999999999999972
NUMBER,Number,6.472,Millions,NUMBER,Number (real number),2012,El Salvador,262,4048144,6.499,-0.026999999999999247
NUMBER,Number,6.094,Millions,NUMBER,Number (real number),2013,El Salvador,263,4052169,6.472,-0.3780000000000001
NUMBER,Number,6.151,Millions,NUMBER,Number (real number),2014,El Salvador,264,4056196,6.094,0.056999999999999496
NUMBER,Number,6.668,Millions,NUMBER,Number (real number),2015,El Salvador,265,4060225,6.151,0.5170000000000003
NUMBER,Number,6.596,Millions,NUMBER,Number (real number),2016,El Salvador,266,4064256,6.668,-0.07200000000000006
NUMBER,Number,5.97,Millions,NUMBER,Number (real number),2017,El Salvador,267,4068289,6.596,-0.6260000000000003
NUMBER,Number,6.263,Millions,NUMBER,Number (real number),2018,El Salvador,268,4072324,5.97,0.29300000000000015
NUMBER,Number,7.553,Millions,NUMBER,Number (real number),2019,El Salvador,269,4076361,6.263,1.29
NUMBER,Number,6.594,Millions,NUMBER,Number (real number),2020,El Salvador,270,4080400,7.553,-0.9589999999999996
NUMBER,Number,7.581,Millions,NUMBER,Number (real number),2021,El Salvador,271,4084441,6.594,0.9870000000000001
NUMBER,Number,7.8,Millions,NUMBER,Number (real number),2022,El Salvador,272,4088484,7.581,0.21899999999999942
NUMBER,Number,8.23,Millions,NUMBER,Number (real number),2023,El Salvador,273,4092529,7.8,0.4300000000000006
NUMBER,Number,0.011,Millions,NUMBER,Number (real number),1951,Equatorial Guinea,201,3806401,0.011,0.0
NUMBER,Number,0.011,Millions,NUMBER,Number (real number),1952,Equatorial Guinea,202,3810304,0.011,0.0
NUMBER,Number,0.011,Millions,NUMBER,Number (real number),1953,Equatorial Guinea,203,3814209,0.011,0.0
NUMBER,Number,0.029,Millions,NUMBER,Number (real number),1954,Equatorial Guinea,204,3818116,0.011,0.018000000000000002
NUMBER,Number,0.037,Millions,NUMBER,Number (real number),1955,Equatorial Guinea,205,3822025,0.029,0.007999999999999997
NUMBER,Number,0.037,Millions,NUMBER,Number (real number),1956,Equatorial Guinea,206,3825936,0.037,0.0
NUMBER,Number,0.033,Millions,NUMBER,Number (real number),1957,Equatorial Guinea,207,3829849,0.037,-0.003999999999999997
NUMBER,Number,0.048,Millions,NUMBER,Number (real number),1958,Equatorial Guinea,208,3833764,0.033,0.015
NUMBER,Number,0.048,Millions,NUMBER,Number (real number),1959,Equatorial Guinea,209,3837681,0.048,0.0
NUMBER,Number,0.022,Millions,NUMBER,Number (real number),1960,Equatorial Guinea,210,3841600,0.048,-0.026000000000000002
NUMBER,Number,0.022,Millions,NUMBER,Number (real number),1961,Equatorial Guinea,211,3845521,0.022,0.0
NUMBER,Number,0.022,Millions,NUMBER,Number (real number),1962,Equatorial Guinea,212,3849444,0.022,0.0
NUMBER,Number,0.026,Millions,NUMBER,Number (real number),1963,Equatorial Guinea,213,3853369,0.022,0.004
NUMBER,Number,0.026,Millions,NUMBER,Number (real number),1964,Equatorial Guinea,214,3857296,0.026,0.0
NUMBER,Number,0.029,Millions,NUMBER,Number (real number),1965,Equatorial Guinea,215,3861225,0.026,0.0030000000000000027
NUMBER,Number,0.026,Millions,NUMBER,Number (real number),1966,Equatorial Guinea,216,3865156,0.029,-0.0030000000000000027
NUMBER,Number,0.026,Millions,NUMBER,Number (real number),1967,Equatorial Guinea,217,3869089,0.026,0.0
NUMBER,Number,0.029,Millions,NUMBER,Number (real number),1968,Equatorial Guinea,218,3873024,0.026,0.0030000000000000027
NUMBER,Number,0.044,Millions,NUMBER,Number (real number),1969,Equatorial Guinea,219,3876961,0.029,0.014999999999999996
NUMBER,Number,0.037,Millions,NUMBER,Number (real number),1970,Equatorial Guinea,220,3880900,0.044,-0.006999999999999999
NUMBER,Number,0.066,Millions,NUMBER,Number (real number),1971,Equatorial Guinea,221,3884841,0.037,0.029000000000000005
NUMBER,Number,0.088,Millions,NUMBER,Number (real number),1972,Equatorial Guinea,222,3888784,0.066,0.021999999999999992
NUMBER,Number,0.029,Millions,NUMBER,Number (real number),1973,Equatorial Guinea,223,3892729,0.088,-0.059
NUMBER,Number,0.051,Millions,NUMBER,Number (real number),1974,Equatorial Guinea,224,3896676,0.029,0.021999999999999995
NUMBER,Number,0.062,Millions,NUMBER,Number (real number),1975,Equatorial Guinea,225,3900625,0.051,0.011000000000000003
NUMBER,Number,0.062,Millions,NUMBER,Number (real number),1976,Equatorial Guinea,226,3904576,0.062,0.0
NUMBER,Number,0.062,Millions,NUMBER,Number (real number),1977,Equatorial Guinea,227,3908529,0.062,0.0
NUMBER,Number,0.07,Millions,NUMBER,Number (real number),1978,Equatorial Guinea,228,3912484,0.062,0.008000000000000007
NUMBER,Number,0.062,Millions,NUMBER,Number (real number),1979,Equatorial Guinea,229,3916441,0.07,-0.008000000000000007
NUMBER,Number,0.059,Millions,NUMBER,Number (real number),1980,Equatorial Guinea,230,3920400,0.062,-0.0030000000000000027
NUMBER,Number,0.07,Millions,NUMBER,Number (real number),1981,Equatorial Guinea,231,3924361,0.059,0.01100000000000001
NUMBER,Number,0.073,Millions,NUMBER,Number (real number),1982,Equatorial Guinea,232,3928324,0.07,0.002999999999999989
NUMBER,Number,0.062,Millions,NUMBER,Number (real number),1983,Equatorial Guinea,233,3932289,0.073,-0.010999999999999996
NUMBER,Number,0.081,Millions,NUMBER,Number (real number),1984,Equatorial Guinea,234,3936256,0.062,0.019000000000000003
NUMBER,Number,0.066,Millions,NUMBER,Number (real number),1985,Equatorial Guinea,235,3940225,0.081,-0.015
NUMBER,Number,0.081,Millions,NUMBER,Number (real number),1986,Equatorial Guinea,236,3944196,0.066,0.015
NUMBER,Number,0.099,Millions,NUMBER,Number (real number),1987,Equatorial Guinea,237,3948169,0.081,0.018000000000000002
NUMBER,Number,0.106,Millions,NUMBER,Number (real number),1988,Equatorial Guinea,238,3952144,0.099,0.006999999999999992
NUMBER,Number,0.117,Millions,NUMBER,Number (real number),1989,Equatorial Guinea,239,3956121,0.106,0.01100000000000001
NUMBER,Number,0.062,Millions,NUMBER,Number (real number),1990,Equatorial Guinea,240,3960100,0.117,-0.05500000000000001
NUMBER,Number,0.066,Millions,NUMBER,Number (real number),1991,Equatorial Guinea,241,3964081,0.062,0.0040000000000000036
NUMBER,Number,0.066,Millions,NUMBER,Number (real number),1992,Equatorial Guinea,242,3968064,0.066,0.0
NUMBER,Number,0.07,Millions,NUMBER,Number (real number),1993,Equatorial Guinea,243,3972049,0.066,0.0040000000000000036
NUMBER,Number,1.153,Millions,NUMBER,Number (real number),1994,Equatorial Guinea,244,3976036,0.07,1.083
NUMBER,Number,1.227,Millions,NUMBER,Number (real number),1995,Equatorial Guinea,245,3980025,1.153,0.07400000000000007
NUMBER,Number,1.356,Millions,NUMBER,Number (real number),1996,Equatorial Guinea,246,3984016,1.227,0.129
NUMBER,Number,1.975,Millions,NUMBER,Number (real number),1997,Equatorial Guinea,247,3988009,1.356,0.619
NUMBER,Number,2.302,Millions,NUMBER,Number (real number),1998,Equatorial Guinea,248,3992004,1.975,0.32699999999999996
NUMBER,Number,2.511,Millions,NUMBER,Number (real number),1999,Equatorial Guinea,249,3996001,2.302,0.20900000000000007
NUMBER,Number,2.699,Millions,NUMBER,Number (real number),2000,Equatorial Guinea,250,4000000,2.511,0.18799999999999972
NUMBER,Number,3.095,Millions,NUMBER,Number (real number),2001,Equatorial Guinea,251,4004001,2.699,0.39600000000000035
NUMBER,Number,2.761,Millions,NUMBER,Number (real number),2002,Equatorial Guinea,252,4008004,3.095,-0.3340000000000001
NUMBER,Number,3.133,Millions,NUMBER,Number (real number),2003,Equatorial Guinea,253,4012009,2.761,0.3719999999999999
NUMBER,Number,6.137,Millions,NUMBER,Number (real number),2004,Equatorial Guinea,254,4016016,3.133,3.0039999999999996
NUMBER,Number,6.208,Millions,NUMBER,Number (real number),2005,Equatorial Guinea,255,4020025,6.137,0.07100000000000062
NUMBER,Number,6.182,Millions,NUMBER,Number (real number),2006,Equatorial Guinea,256,4024036,6.208,-0.0259999999999998
NUMBER,Number,5.724,Millions,NUMBER,Number (real number),2007,Equatorial Guinea,257,4028049,6.182,-0.4580000000000002
NUMBER,Number,5.942,Millions,NUMBER,Number (real number),2008,Equatorial Guinea,258,4032064,5.724,0.21799999999999997
NUMBER,Number,4.902,Millions,NUMBER,Number (real number),2009,Equatorial Guinea,259,4036081,5.942,-1.04
NUMBER,Number,6.402,Millions,NUMBER,Number (real number),2010,Equatorial Guinea,260,4040100,4.902,1.5
NUMBER,Number,6.095,Millions,NUMBER,Number (real number),2011,Equatorial Guinea,261,4044121,6.402,-0.3070000000000004
NUMBER,Number,6.901,Millions,NUMBER,Number (real number),2012,Equatorial Guinea,262,4048144,6.095,0.806
NUMBER,Number,8.196,Millions,NUMBER,Number (real number),2013,Equatorial Guinea,263,4052169,6.901,1.295
NUMBER,Number,7.672,Millions,NUMBER,Number (real number),2014,Equatorial Guinea,264,4056196,8.196,-0.524
NUMBER,Number,7.033,Millions,NUMBER,Number (real number),2015,Equatorial Guinea,265,4060225,7.672,-0.6389999999999993
NUMBER,Number,7.558,Millions,NUMBER,Number (real number),2016,Equatorial Guinea,266,4064256,7.033,0.5249999999999995
NUMBER,Number,6.832,Millions,NUMBER,Number (real number),2017,Equatorial Guinea,267,4068289,7.558,-0.726
NUMBER,Number,7.052,Millions,NUMBER,Number (real number),2018,Equatorial Guinea,268,4072324,6.832,0.21999999999999975
NUMBER,Number,5.535,Millions,NUMBER,Number (real number),2019,Equatorial Guinea,269,4076361,7.052,-1.5169999999999995
NUMBER,Number,6.411,Millions,NUMBER,Number (real number),2020,Equatorial Guinea,270,4080400,5.535,0.8759999999999994
NUMBER,Number,7.119,Millions,NUMBER,Number (real number),2021,Equatorial Guinea,271,4084441,6.411,0.7080000000000002
NUMBER,Number,6.826,Millions,NUMBER,Number (real number),2022,Equatorial Guinea,272,4088484,7.119,-0.29300000000000015
NUMBER,Number,6.141,Millions,NUMBER,Number (real number),2023,Equatorial Guinea,273,4092529,6.826,-0.6849999999999996
NUMBER,Number,0.007,Millions,NUMBER,Number (real number),1940,Eritrea,190,3763600,0.015,-0.008
NUMBER,Number,0.004,Millions,NUMBER,Number (real number),1941,Eritrea,191,3767481,0.007,-0.003
NUMBER,Number,0.011,Millions,NUMBER,Number (real number),1942,Eritrea,192,3771364,0.004,0.006999999999999999
NUMBER,Number,0.015,Millions,NUMBER,Number (real number),1943,Eritrea,193,3775249,0.011,0.004
NUMBER,Number,0.018,Millions,NUMBER,Number (real number),1944,Eritrea,194,3779136,0.015,0.002999999999999999
NUMBER,Number,0.707,Millions,NUMBER,Number (real number),1994,Eritrea,244,3976036,0.018,0.689
NUMBER,Number,0.79,Millions,NUMBER,Number (real number),1995,Eritrea,245,3980025,0.707,0.08300000000000007
NUMBER,Number,0.862,Millions,NUMBER,Number (real number),1996,Eritrea,246,3984016,0.79,0.07199999999999995
NUMBER,Number,0.768,Millions,NUMBER,Number (real number),1997,Eritrea,247,3988009,0.862,-0.09399999999999997
NUMBER,Number,0.586,Millions,NUMBER,Number (real number),1998,Eritrea,248,3992004,0.768,-0.18200000000000005
NUMBER,Number,0.615,Millions,NUMBER,Number (real number),1999,Eritrea,249,3996001,0.586,0.029000000000000026
NUMBER,Number,0.604,Millions,NUMBER,Number (real number),2000,Eritrea,250,4000000,0.615,-0.01100000000000001
NUMBER,Number,0.637,Millions,NUMBER,Number (real number),2001,Eritrea,251,4004001,0.604,0.03300000000000003
NUMBER,Number,0.509,Millions,NUMBER,Number (real number),2002,Eritrea,252,4008004,0.637,-0.128
NUMBER,Number,0.78,Millions,NUMBER,Number (real number),2003,Eritrea,253,4012009,0.509,0.271
NUMBER,Number,0.633,Millions,NUMBER,Number (real number),2004,Eritrea,254,4016016,0.78,-0.14700000000000002
NUMBER,Number,0.586,Millions,NUMBER,Number (real number),2005,Eritrea,255,4020025,0.633,-0.04700000000000004
NUMBER,Number,0.454,Millions,NUMBER,Number (real number),2006,Eritrea,256,4024036,0.586,-0.13199999999999995
NUMBER,Number,0.424,Millions,NUMBER,Number (real number),2007,Eritrea,257,4028049,0.454,-0.030000000000000027
NUMBER,Number,0.398,Millions,NUMBER,Number (real number),2008,Eritrea,258,4032064,0.424,-0.025999999999999968
NUMBER,Number,0.446,Millions,NUMBER,Number (real number),2009,Eritrea,259,4036081,0.398,0.04799999999999999
NUMBER,Number,0.468,Millions,NUMBER,Number (real number),2010,Eritrea,260,4040100,0.446,0.02200000000000002
NUMBER,Number,0.578,Millions,NUMBER,Number (real number),2011,Eritrea,261,4044121,0.468,0.10999999999999993
NUMBER,Number,0.608,Millions,NUMBER,Number (real number),2012,Eritrea,262,4048144,0.578,0.030000000000000027
NUMBER,Number,0.57,Millions,NUMBER,Number (real number),2013,Eritrea,263,4052169,0.608,-0.038000000000000034
NUMBER,Number,0.569,Millions,NUMBER,Number (real number),2014,Eritrea,264,4056196,0.57,-0.0010000000000000009
NUMBER,Number,0.554,Millions,NUMBER,Number (real number),2015,Eritrea,265,4060225,0.569,-0.014999999999999902
NUMBER,Number,0.557,Millions,NUMBER,Number (real number),2016,Eritrea,266,4064256,0.554,0.0030000000000000027
NUMBER,Number,0.557,Millions,NUMBER,Number (real number),2017,Eritrea,267,4068289,0.557,0.0
NUMBER,Number,0.623,Millions,NUMBER,Number (real number),2018,Eritrea,268,4072324,0.557,0.06599999999999995
NUMBER,Number,0.645,Millions,NUMBER,Number (real number),2019,Eritrea,269,4076361,0.623,0.02200000000000002
NUMBER,Number,0.641,Millions,NUMBER,Number (real number),2020,Eritrea,270,4080400,0.645,-0.0040000000000000036
NUMBER,Number,0.682,Millions,NUMBER,Number (real number),2021,Eritrea,271,4084441,0.641,0.041000000000000036
NUMBER,Number,0.623,Millions,NUMBER,Number (real number),2022,Eritrea,272,4088484,0.682,-0.05900000000000005
NUMBER,Number,0.621,Millions,NUMBER,Number (real number),2023,Eritrea,273,4092529,0.623,-0.0020000000000000018
NUMBER,Number,0.0,Millions,NUMBER,Number (real number),1831,Estonia,81,3352561,0.0,0.0
NUMBER,Number,0.0,Millions,NUMBER,Number (real number),1832,Estonia,82,3356224,0.0,0.0
NUMBER,Number,0.0,Millions,NUMBER,Number (real number),1833,Estonia,83,3359889,0.0,0.0
NUMBER,Number,0.001,Millions,NUMBER,Number (real number),1850,Estonia,100,3422500,0.0,0.001
NUMBER,Number,0.003,Millions,NUMBER,Number (real number),1855,Estonia,105,3441025,0.001,0.002
NUMBER,Number,0.005,Millions,NUMBER,Number (real number),1858,Estonia,108,3452164,0.003,0.002
NUMBER,Number,0.005,Millions,NUMBER,Number (real number),1859,Estonia,109,3455881,0.005,0.0
NUMBER,Number,0.007,Millions,NUMBER,Number (real number),1860,Estonia,110,3459600,0.005,0.002
NUMBER,Number,0.009,Millions,NUMBER,Number (real number),1861,Estonia,111,3463321,0.007,0.001999999999999999
NUMBER,Number,0.008,Millions,NUMBER,Number (real number),1862,Estonia,112,3467044,0.009,-0.0009999999999999992
NUMBER,Number,0.008,Millions,NUMBER,Number (real number),1863,Estonia,113,3470769,0.008,0.0
NUMBER,Number,0.009,Millions,NUMBER,Number (real number),1864,Estonia,114,3474496,0.008,0.0009999999999999992
NUMBER,Number,0.009,Millions,NUMBER,Number (real number),1865,Estonia,115,3478225,0.009,0.0
NUMBER,Number,0.028,Millions,NUMBER,Number (real number),1866,Estonia,116,3481956,0.009,0.019000000000000003
NUMBER,Number,0.032,Millions,NUMBER,Number (real number),1867,Estonia,117,3485689,0.028,0.004
NUMBER,Number,0.027,Millions,NUMBER,Number (real number),1868,Estonia,118,3489424,0.032,-0.005000000000000001
NUMBER,Number,0.036,Millions,NUMBER,Number (real number),1869,Estonia,119,3493161,0.027,0.008999999999999998
NUMBER,Number,0.039,Millions,NUMBER,Number (real number),1870,Estonia,120,3496900,0.036,0.0030000000000000027
NUMBER,Number,0.053,Millions,NUMBER,Number (real number),1871,Estonia,121,3500641,0.039,0.013999999999999999
NUMBER,Number,0.054,Millions,NUMBER,Number (real number),1872,Estonia,122,3504384,0.053,0.0010000000000000009
NUMBER,Number,0.051,Millions,NUMBER,Number (real number),1873,Estonia,123,3508129,0.054,-0.0030000000000000027
NUMBER,Number,0.062,Millions,NUMBER,Number (real number),1874,Estonia,124,3511876,0.051,0.011000000000000003
NUMBER,Number,0.071,Millions,NUMBER,Number (real number),1875,Estonia,125,3515625,0.062,0.008999999999999994
NUMBER,Number,0.088,Millions,NUMBER,Number (real number),1876,Estonia,126,3519376,0.071,0.017
NUMBER,Number,0.09,Millions,NUMBER,Number (real number),1877,Estonia,127,3523129,0.088,0.0020000000000000018
NUMBER,Number,0.117,Millions,NUMBER,Number (real number),1878,Estonia,128,3526884,0.09,0.02700000000000001
NUMBER,Number,0.12,Millions,NUMBER,Number (real number),1879,Estonia,129,3530641,0.117,0.002999999999999989
NUMBER,Number,0.141,Millions,NUMBER,Number (real number),1880,Estonia,130,3534400,0.12,0.02099999999999999
NUMBER,Number,0.149,Millions,NUMBER,Number (real number),1881,Estonia,131,3538161,0.141,0.008000000000000007
NUMBER,Number,0.157,Millions,NUMBER,Number (real number),1882,Estonia,132,3541924,0.149,0.008000000000000007
NUMBER,Number,0.178,Millions,NUMBER,Number (real number),1883,Estonia,133,3545689,0.157,0.02099999999999999
NUMBER,Number,0.181,Millions,NUMBER,Number (real number),1884,Estonia,134,3549456,0.178,0.0030000000000000027
NUMBER,Number,0.197,Millions,NUMBER,Number (real number),1885,Estonia,135,3553225,0.181,0.016000000000000014
NUMBER,Number,0.202,Millions,NUMBER,Number (real number),1886,Estonia,136,3556996,0.197,0.0050000000000000044
NUMBER,Number,0.214,Millions,NUMBER,Number (real number),1887,Estonia,137,3560769,0.202,0.011999999999999983
NUMBER,Number,0.223,Millions,NUMBER,Number (real number),1888,Estonia,138,3564544,0.214,0.009000000000000008
NUMBER,Number,0.241,Millions,NUMBER,Number (real number),1889,Estonia,139,3568321,0.223,0.017999999999999988
NUMBER,Number,0.273,Millions,NUMBER,Number (real number),1890,Estonia,140,3572100,0.241,0.03200000000000003
NUMBER,Number,0.301,Millions,NUMBER,Number (real number),1891,Estonia,141,3575881,0.273,0.02799999999999997
NUMBER,Number,0.318,Millions,NUMBER,Number (real number),1892,Estonia,142,3579664,0.301,0.017000000000000015
NUMBER,Number,0.373,Millions,NUMBER,Number (real number),1893,Estonia,143,3583449,0.318,0.05499999999999999
NUMBER,Number,0.38,Millions,NUMBER,Number (real number),1894,Estonia,144,3587236,0.373,0.007000000000000006
NUMBER,Number,0.437,Millions,NUMBER,Number (real number),1895,Estonia,145,3591025,0.38,0.056999999999999995
NUMBER,Number,0.445,Millions,NUMBER,Number (real number),1896,Estonia,146,3594816,0.437,0.008000000000000007
NUMBER,Number,0.514,Millions,NUMBER,Number (real number),1897,Estonia,147,3598609,0.445,0.069
NUMBER,Number,0.577,Millions,NUMBER,Number (real number),1898,Estonia,148,3602404,0.514,0.06299999999999994
NUMBER,Number,0.669,Millions,NUMBER,Number (real number),1899,Estonia,149,3606201,0.577,0.09200000000000008
NUMBER,Number,0.758,Millions,NUMBER,Number (real number),1900,Estonia,150,3610000,0.669,0.08899999999999997
NUMBER,Number,0.778,Millions,NUMBER,Number (real number),1901,Estonia,151,3613801,0.758,0.020000000000000018
NUMBER,Number,0.751,Millions,NUMBER,Number (real number),1902,Estonia,152,3617604,0.778,-0.027000000000000024
NUMBER,Number,0.735,Millions,NUMBER,Number (real number),1903,Estonia,153,3621409,0.751,-0.016000000000000014
NUMBER,Number,0.818,Millions,NUMBER,Number (real number),1904,Estonia,154,3625216,0.735,0.08299999999999996
NUMBER,Number,0.73,Millions,NUMBER,Number (real number),1905,Estonia,155,3629025,0.818,-0.08799999999999997
NUMBER,Number,0.833,Millions,NUMBER,Number (real number),1906,Estonia,156,3632836,0.73,0.10299999999999998
NUMBER,Number,0.933,Millions,NUMBER,Number (real number),1907,Estonia,157,3636649,0.833,0.10000000000000009
NUMBER,Number,0.938,Millions,NUMBER,Number (real number),1908,Estonia,158,3640464,0.933,0.004999999999999893
NUMBER,Number,0.991,Millions,NUMBER,Number (real number),1909,Estonia,159,3644281,0.938,0.05300000000000005
NUMBER,Number,0.971,Millions,NUMBER,Number (real number),1910,Estonia,160,3648100,0.991,-0.020000000000000018
NUMBER,Number,1.007,Millions,NUMBER,Number (real number),1911,Estonia,161,3651921,0.971,0.03599999999999992
NUMBER,Number,1.141,Millions,NUMBER,Number (real number),1912,Estonia,162,3655744,1.007,0.13400000000000012
NUMBER,Number,1.239,Millions,NUMBER,Number (real number),1913,Estonia,163,3659569,1.141,0.09800000000000009
NUMBER,Number,1.119,Millions,NUMBER,Number (real number),1914,Estonia,164,3663396,1.239,-0.1200000000000001
NUMBER,Number,1.027,Millions,NUMBER,Number (real number),1915,Estonia,165,3667225,1.119,-0.09200000000000008
NUMBER,Number,1.094,Millions,NUMBER,Number (real number),1916,Estonia,166,3671056,1.027,0.06700000000000017
NUMBER,Number,1.007,Millions,NUMBER,Number (real number),1917,Estonia,167,3674889,1.094,-0.08700000000000019
NUMBER,Number,0.402,Millions,NUMBER,Number (real number),1918,Estonia,168,3678724,1.007,-0.6049999999999999
NUMBER,Number,0.343,Millions,NUMBER,Number (real number),1919,Estonia,169,3682561,0.402,-0.059
NUMBER,Number,0.313,Millions,NUMBER,Number (real number),1920,Estonia,170,3686400,0.343,-0.030000000000000027
NUMBER,Number,0.339,Millions,NUMBER,Number (real number),1921,Estonia,171,3690241,0.313,0.026000000000000023
NUMBER,Number,0.414,Millions,NUMBER,Number (real number),1922,Estonia,172,3694084,0.339,0.07499999999999996
NUMBER,Number,0.457,Millions,NUMBER,Number (real number),1923,Estonia,173,3697929,0.414,0.04300000000000004
NUMBER,Number,0.545,Millions,NUMBER,Number (real number),1924,Estonia,174,3701776,0.457,0.08800000000000002
NUMBER,Number,0.537,Millions,NUMBER,Number (real number),1925,Estonia,175,3705625,0.545,-0.008000000000000007
NUMBER,Number,0.779,Millions,NUMBER,Number (real number),1926,Estonia,176,3709476,0.537,0.242
NUMBER,Number,0.968,Millions,NUMBER,Number (real number),1927,Estonia,177,3713329,0.779,0.18899999999999995
NUMBER,Number,1.088,Millions,NUMBER,Number (real number),1928,Estonia,178,3717184,0.968,0.1200000000000001
NUMBER,Number,1.169,Millions,NUMBER,Number (real number),1929,Estonia,179,3721041,1.088,0.08099999999999996
NUMBER,Number,1.583,Millions,NUMBER,Number (real number),1930,Estonia,180,3724900,1.169,0.4139999999999999
NUMBER,Number,1.9,Millions,NUMBER,Number (real number),1931,Estonia,181,3728761,1.583,0.31699999999999995
NUMBER,Number,2.138,Millions,NUMBER,Number (real number),1932,Estonia,182,3732624,1.9,0.238
NUMBER,Number,2.389,Millions,NUMBER,Number (real number),1933,Estonia,183,3736489,2.138,0.2509999999999999
NUMBER,Number,2.889,Millions,NUMBER,Number (real number),1934,Estonia,184,3740356,2.389,0.5
NUMBER,Number,3.271,Millions,NUMBER,Number (real number),1935,Estonia,185,3744225,2.889,0.3820000000000001
NUMBER,Number,3.753,Millions,NUMBER,Number (real number),1936,Estonia,186,3748096,3.271,0.4820000000000002
NUMBER,Number,3.84,Millions,NUMBER,Number (real number),1937,Estonia,187,3751969,3.753,0.08699999999999974
NUMBER,Number,4.054,Millions,NUMBER,Number (real number),1938,Estonia,188,3755844,3.84,0.2140000000000004
NUMBER,Number,4.103,Millions,NUMBER,Number (real number),1939,Estonia,189,3759721,4.054,0.04899999999999949
NUMBER,Number,4.904,Millions,NUMBER,Number (real number),1940,Estonia,190,3763600,4.103,0.8010000000000002
NUMBER,Number,4.309,Millions,NUMBER,Number (real number),1941,Estonia,191,3767481,4.904,-0.5949999999999998
NUMBER,Number,2.339,Millions,NUMBER,Number (real number),1942,Estonia,192,3771364,4.309,-1.9700000000000002
NUMBER,Number,2.442,Millions,NUMBER,Number (real number),1943,Estonia,193,3775249,2.339,0.1030000000000002
NUMBER,Number,3.541,Millions,NUMBER,Number (real number),1944,Estonia,194,3779136,2.442,1.0989999999999998
NUMBER,Number,3.75,Millions,NUMBER,Number (real number),1945,Estonia,195,3783025,3.541,0.20900000000000007
NUMBER,Number,4.216,Millions,NUMBER,Number (real number),1946,Estonia,196,3786916,3.75,0.4660000000000002
NUMBER,Number,5.078,Millions,NUMBER,Number (real number),1947,Estonia,197,3790809,4.216,0.8620000000000001
NUMBER,Number,5.405,Millions,NUMBER,Number (real number),1948,Estonia,198,3794704,5.078,0.32699999999999996
NUMBER,Number,6.144,Millions,NUMBER,Number (real number),1949,Estonia,199,3798601,5.405,0.7389999999999999
NUMBER,Number,6.851,Millions,NUMBER,Number (real number),1950,Estonia,200,3802500,6.144,0.7069999999999999
NUMBER,Number,7.426,Millions,NUMBER,Number (real number),1951,Estonia,201,3806401,6.851,0.5750000000000002
NUMBER,Number,7.952,Millions,NUMBER,Number (real number),1952,Estonia,202,3810304,7.426,0.5259999999999998
NUMBER,Number,8.414,Millions,NUMBER,Number (real number),1953,Estonia,203,3814209,7.952,0.46199999999999974
NUMBER,Number,9.191,Millions,NUMBER,Number (real number),1954,Estonia,204,3818116,8.414,0.777000000000001
NUMBER,Number,10.423,Millions,NUMBER,Number (real number),1955,Estonia,205,3822025,9.191,1.2319999999999993
NUMBER,Number,11.428,Millions,NUMBER,Number (real number),1956,Estonia,206,3825936,10.423,1.0050000000000008
NUMBER,Number,12.506,Millions,NUMBER,Number (real number),1957,Estonia,207,3829849,11.428,1.0779999999999994
NUMBER,Number,13.35,Millions,NUMBER,Number (real number),1958,Estonia,208,3833764,12.506,0.8439999999999994
NUMBER,Number,14.038,Millions,NUMBER,Number (real number),1959,Estonia,209,3837681,13.35,0.6880000000000006
NUMBER,Number,14.618,Millions,NUMBER,Number (real number),1960,Estonia,210,3841600,14.038,0.5800000000000001
NUMBER,Number,15.075,Millions,NUMBER,Number (real number),1961,Estonia,211,3845521,14.618,0.45699999999999896
NUMBER,Number,15.822,Millions,NUMBER,Number (real number),1962,Estonia,212,3849444,15.075,0.7469999999999999
NUMBER,Number,16.965,Millions,NUMBER,Number (real number),1963,Estonia,213,3853369,15.822,1.1430000000000007
NUMBER,Number,18.039,Millions,NUMBER,Number (real number),1964,Estonia,214,3857296,16.965,1.0740000000000016
NUMBER,Number,19.136,Millions,NUMBER,Number (real number),1965,Estonia,215,3861225,18.039,1.0969999999999978
NUMBER,Number,20.208,Millions,NUMBER,Number (real number),1966,Estonia,216,3865156,19.136,1.0719999999999992
NUMBER,Number,21.128,Millions,NUMBER,Number (real number),1967,Estonia,217,3869089,20.208,0.9200000000000017
NUMBER,Number,21.718,Millions,NUMBER,Number (real number),1968,Estonia,218,3873024,21.128,0.5899999999999999
NUMBER,Number,22.615,Millions,NUMBER,Number (real number),1969,Estonia,219,3876961,21.718,0.8969999999999985
NUMBER,Number,23.791,Millions,NUMBER,Number (real number),1970,Estonia,220,3880900,22.615,1.176000000000002
NUMBER,Number,25.25,Millions,NUMBER,Number (real number),1971,Estonia,221,3884841,23.791,1.4589999999999996
NUMBER,Number,26.573,Millions,NUMBER,Number (real number),1972,Estonia,222,3888784,25.25,1.3230000000000004
NUMBER,Number,27.702,Millions,NUMBER,Number (real number),1973,Estonia,223,3892729,26.573,1.1290000000000013
NUMBER,Number,28.764,Millions,NUMBER,Number (real number),1974,Estonia,224,3896676,27.702,1.0619999999999976
NUMBER,Number,30.243,Millions,NUMBER,Number (real number),1975,Estonia,225,3900625,28.764,1.4789999999999992
NUMBER,Number,31.406,Millions,NUMBER,Number (real number),1976,Estonia,226,3904576,30.243,1.1630000000000003
NUMBER,Number,32.473,Millions,NUMBER,Number (real number),1977,Estonia,227,3908529,31.406,1.0670000000000002
NUMBER,Number,33.584,Millions,NUMBER,Number (real number),1978,Estonia,228,3912484,32.473,1.1110000000000042
NUMBER,Number,33.859,Millions,NUMBER,Number (real number),1979,Estonia,229,3916441,33.584,0.2749999999999986
NUMBER,Number,35.195,Millions,NUMBER,Number (real number),1980,Estonia,230,3920400,33.859,1.3359999999999985
NUMBER,Number,34.522,Millions,NUMBER,Number (real number),1981,Estonia,231,3924361,35.195,-0.6730000000000018
NUMBER,Number,35.174,Millions,NUMBER,Number (real number),1982,Estonia,232,3928324,34.522,0.652000000000001
NUMBER,Number,35.677,Millions,NUMBER,Number (real number),1983,Estonia,233,3932289,35.174,0.5030000000000001
NUMBER,Number,35.996,Millions,NUMBER,Number (real number),1984,Estonia,234,3936256,35.677,0.3190000000000026
NUMBER,Number,38.828,Millions,NUMBER,Number (real number),1985,Estonia,235,3940225,35.996,2.8320000000000007
NUMBER,Number,38.826,Millions,NUMBER,Number (real number),1986,Estonia,236,3944196,38.828,-0.0020000000000024443
NUMBER,Number,37.896,Millions,NUMBER,Number (real number),1987,Estonia,237,3948169,38.826,-0.9299999999999997
NUMBER,Number,38.002,Millions,NUMBER,Number (real number),1988,Estonia,238,3952144,37.896,0.10600000000000165
NUMBER,Number,38.932,Millions,NUMBER,Number (real number),1989,Estonia,239,3956121,38.002,0.9299999999999997
NUMBER,Number,36.917,Millions,NUMBER,Number (real number),1990,Estonia,240,3960100,38.932,-2.0150000000000006
NUMBER,Number,34.144,Millions,NUMBER,Number (real number),1991,Estonia,241,3964081,36.917,-2.7730000000000032
NUMBER,Number,24.418,Millions,NUMBER,Number (real number),1992,Estonia,242,3968064,34.144,-9.725999999999999
NUMBER,Number,19.435,Millions,NUMBER,Number (real number),1993,Estonia,243,3972049,24.418,-4.9830000000000005
NUMBER,Number,20.041,Millions,NUMBER,Number (real number),1994,Estonia,244,3976036,19.435,0.6060000000000016
NUMBER,Number,18.055,Millions,NUMBER,Number (real number),1995,Estonia,245,3980025,20.041,-1.9860000000000007
NUMBER,Number,19.034,Millions,NUMBER,Number (real number),1996,Estonia,246,3984016,18.055,0.9789999999999992
NUMBER,Number,18.673,Millions,NUMBER,Number (real number),1997,Estonia,247,3988009,19.034,-0.36100000000000065
NUMBER,Number,16.933,Millions,NUMBER,Number (real number),1998,Estonia,248,3992004,18.673,-1.7399999999999984
NUMBER,Number,15.929,Millions,NUMBER,Number (real number),1999,Estonia,249,3996001,16.933,-1.0039999999999996
NUMBER,Number,15.471,Millions,NUMBER,Number (real number),2000,Estonia,250,4000000,15.929,-0.4580000000000002
NUMBER,Number,15.87,Millions,NUMBER,Number (real number),2001,Estonia,251,4004001,15.471,0.39899999999999913
NUMBER,Number,15.358,Millions,NUMBER,Number (real number),2002,Estonia,252,4008004,15.87,-0.5119999999999987
NUMBER,Number,17.251,Millions,NUMBER,Number (real number),2003,Estonia,253,4012009,15.358,1.8930000000000007
NUMBER,Number,17.322,Millions,NUMBER,Number (real number),2004,Estonia,254,4016016,17.251,0.07099999999999795
NUMBER,Number,17.09,Millions,NUMBER,Number (real number),2005,Estonia,255,4020025,17.322,-0.23199999999999932
NUMBER,Number,16.438,Millions,NUMBER,Number (real number),2006,Estonia,256,4024036,17.09,-0.652000000000001
NUMBER,Number,19.93,Millions,NUMBER,Number (real number),2007,Estonia,257,4028049,16.438,3.492000000000001
NUMBER,Number,17.815,Millions,NUMBER,Number (real number),2008,Estonia,258,4032064,19.93,-2.1149999999999984
NUMBER,Number,14.405,Millions,NUMBER,Number (real number),2009,Estonia,259,4036081,17.815,-3.410000000000002
NUMBER,Number,18.965,Millions,NUMBER,Number (real number),2010,Estonia,260,4040100,14.405,4.5600000000000005
NUMBER,Number,18.948,Millions,NUMBER,Number (real number),2011,Estonia,261,4044121,18.965,-0.01699999999999946
NUMBER,Number,17.761,Millions,NUMBER,Number (real number),2012,Estonia,262,4048144,18.948,-1.1870000000000012
NUMBER,Number,19.634,Millions,NUMBER,Number (real number),2013,Estonia,263,4052169,17.761,1.873000000000001
NUMBER,Number,18.784,Millions,NUMBER,Number (real number),2014,Estonia,264,4056196,19.634,-0.8500000000000014
NUMBER,Number,15.78,Millions,NUMBER,Number (real number),2015,Estonia,265,4060225,18.784,-3.0039999999999996
NUMBER,Number,17.433,Millions,NUMBER,Number (real number),2016,Estonia,266,4064256,15.78,1.6530000000000005
NUMBER,Number,18.616,Millions,NUMBER,Number (real number),2017,Estonia,267,4068289,17.433,1.1829999999999998
NUMBER,Number,17.801,Millions,NUMBER,Number (real number),2018,Estonia,268,4072324,18.616,-0.8150000000000013
NUMBER,Number,12.288,Millions,NUMBER,Number (real number),2019,Estonia,269,4076361,17.801,-5.512999999999998
NUMBER,Number,9.198,Millions,NUMBER,Number (real number),2020,Estonia,270,4080400,12.288,-3.09
NUMBER,Number,10.391,Millions,NUMBER,Number (real number),2021,Estonia,271,4084441,9.198,1.1929999999999996
NUMBER,Number,11.757,Millions,NUMBER,Number (real number),2022,Estonia,272,4088484,10.391,1.3659999999999997
NUMBER,Number,10.019,Millions,NUMBER,Number (real number),2023,Estonia,273,4092529,11.757,-1.7379999999999995
NUMBER,Number,0.004,Millions,NUMBER,Number (real number),1951,Eswatini,201,3806401,0.004,0.0
NUMBER,Number,0.004,Millions,NUMBER,Number (real number),1952,Eswatini,202,3810304,0.004,0.0
NUMBER,Number,0.004,Millions,NUMBER,Number (real number),1953,Eswatini,203,3814209,0.004,0.0
NUMBER,Number,0.004,Millions,NUMBER,Number (real number),1954,Eswatini,204,3818116,0.004,0.0
NUMBER,Number,0.004,Millions,NUMBER,Number (real number),1955,Eswatini,205,3822025,0.004,0.0
NUMBER,Number,0.004,Millions,NUMBER,Number (real number),1956,Eswatini,206,3825936,0.004,0.0
NUMBER,Number,0.004,Millions,NUMBER,Number (real number),1957,Eswatini,207,3829849,0.004,0.0
NUMBER,Number,0.004,Millions,NUMBER,Number (real number),1958,Eswatini,208,3833764,0.004,0.0
NUMBER,Number,0.004,Millions,NUMBER,Number (real number),1959,Eswatini,209,3837681,0.004,0.0
NUMBER,Number,0.033,Millions,NUMBER,Number (real number),1960,Eswatini,210,3841600,0.004,0.029
NUMBER,Number,0.004,Millions,NUMBER,Number (real number),1961,Eswatini,211,3845521,0.033,-0.029
NUMBER,Number,0.011,Millions,NUMBER,Number (real number),1964,Eswatini,214,3857296,0.004,0.006999999999999999
NUMBER,Number,0.081,Millions,NUMBER,Number (real number),1965,Eswatini,215,3861225,0.011,0.07
NUMBER,Number,0.202,Millions,NUMBER,Number (real number),1966,Eswatini,216,3865156,0.081,0.12100000000000001
NUMBER,Number,0.227,Millions,NUMBER,Number (real number),1967,Eswatini,217,3869089,0.202,0.024999999999999994
NUMBER,Number,0.278,Millions,NUMBER,Number (real number),1968,Eswatini,218,3873024,0.227,0.05100000000000002
NUMBER,Number,0.304,Millions,NUMBER,Number (real number),1969,Eswatini,219,3876961,0.278,0.025999999999999968
NUMBER,Number,0.366,Millions,NUMBER,Number (real number),1970,Eswatini,220,3880900,0.304,0.062
NUMBER,Number,0.399,Millions,NUMBER,Number (real number),1971,Eswatini,221,3884841,0.366,0.03300000000000003
NUMBER,Number,0.381,Millions,NUMBER,Number (real number),1972,Eswatini,222,3888784,0.399,-0.018000000000000016
NUMBER,Number,0.37,Millions,NUMBER,Number (real number),1973,Eswatini,223,3892729,0.381,-0.01100000000000001
NUMBER,Number,0.311,Millions,NUMBER,Number (real number),1974,Eswatini,224,3896676,0.37,-0.059
NUMBER,Number,0.337,Millions,NUMBER,Number (real number),1975,Eswatini,225,3900625,0.311,0.026000000000000023
NUMBER,Number,0.333,Millions,NUMBER,Number (real number),1976,Eswatini,226,3904576,0.337,-0.0040000000000000036
NUMBER,Number,0.341,Millions,NUMBER,Number (real number),1977,Eswatini,227,3908529,0.333,0.008000000000000007
NUMBER,Number,0.44,Millions,NUMBER,Number (real number),1978,Eswatini,228,3912484,0.341,0.09899999999999998
NUMBER,Number,0.447,Millions,NUMBER,Number (real number),1979,Eswatini,229,3916441,0.44,0.007000000000000006
NUMBER,Number,0.465,Millions,NUMBER,Number (real number),1980,Eswatini,230,3920400,0.447,0.018000000000000016
NUMBER,Number,0.436,Millions,NUMBER,Number (real number),1981,Eswatini,231,3924361,0.465,-0.029000000000000026
NUMBER,Number,0.436,Millions,NUMBER,Number (real number),1982,Eswatini,232,3928324,0.436,0.0
NUMBER,Number,0.271,Millions,NUMBER,Number (real number),1983,Eswatini,233,3932289,0.436,-0.16499999999999998
NUMBER,Number,0.333,Millions,NUMBER,Number (real number),1984,Eswatini,234,3936256,0.271,0.062
NUMBER,Number,0.44,Millions,NUMBER,Number (real number),1985,Eswatini,235,3940225,0.333,0.10699999999999998
NUMBER,Number,0.458,Millions,NUMBER,Number (real number),1986,Eswatini,236,3944196,0.44,0.018000000000000016
NUMBER,Number,0.436,Millions,NUMBER,Number (real number),1987,Eswatini,237,3948169,0.458,-0.02200000000000002
NUMBER,Number,0.436,Millions,NUMBER,Number (real number),1988,Eswatini,238,3952144,0.436,0.0
NUMBER,Number,0.436,Millions,NUMBER,Number (real number),1989,Eswatini,239,3956121,0.436,0.0
NUMBER,Number,0.96,Millions,NUMBER,Number (real number),1990,Eswatini,240,3960100,0.436,0.524
NUMBER,Number,0.872,Millions,NUMBER,Number (real number),1991,Eswatini,241,3964081,0.96,-0.08799999999999997
NUMBER,Number,0.832,Millions,NUMBER,Number (real number),1992,Eswatini,242,3968064,0.872,-0.040000000000000036
NUMBER,Number,0.711,Millions,NUMBER,Number (real number),1993,Eswatini,243,3972049,0.832,-0.121
NUMBER,Number,1.077,Millions,NUMBER,Number (real number),1994,Eswatini,244,3976036,0.711,0.366
NUMBER,Number,1.063,Millions,NUMBER,Number (real number),1995,Eswatini,245,3980025,1.077,-0.014000000000000012
NUMBER,Number,0.788,Millions,NUMBER,Number (real number),1996,Eswatini,246,3984016,1.063,-0.2749999999999999
NUMBER,Number,1.143,Millions,NUMBER,Number (real number),1997,Eswatini,247,3988009,0.788,0.355
NUMBER,Number,1.161,Millions,NUMBER,Number (real number),1998,Eswatini,248,3992004,1.143,0.018000000000000016
NUMBER,Number,1.238,Millions,NUMBER,Number (real number),1999,Eswatini,249,3996001,1.161,0.07699999999999996
NUMBER,Number,1.209,Millions,NUMBER,Number (real number),2000,Eswatini,250,4000000,1.238,-0.028999999999999915
NUMBER,Number,1.096,Millions,NUMBER,Number (real number),2001,Eswatini,251,4004001,1.209,-0.11299999999999999
NUMBER,Number,1.081,Millions,NUMBER,Number (real number),2002,Eswatini,252,4008004,1.096,-0.015000000000000124
NUMBER,Number,1.004,Millions,NUMBER,Number (real number),2003,Eswatini,253,4012009,1.081,-0.07699999999999996
NUMBER,Number,1.0,Millions,NUMBER,Number (real number),2004,Eswatini,254,4016016,1.004,-0.0040000000000000036
NUMBER,Number,1.015,Millions,NUMBER,Number (real number),2005,Eswatini,255,4020025,1.0,0.014999999999999902
NUMBER,Number,1.015,Millions,NUMBER,Number (real number),2006,Eswatini,256,4024036,1.015,0.0
NUMBER,Number,1.041,Millions,NUMBER,Number (real number),2007,Eswatini,257,4028049,1.015,0.026000000000000023
NUMBER,Number,1.022,Millions,NUMBER,Number (real number),2008,Eswatini,258,4032064,1.041,-0.018999999999999906
NUMBER,Number,1.059,Millions,NUMBER,Number (real number),2009,Eswatini,259,4036081,1.022,0.03699999999999992
NUMBER,Number,0.997,Millions,NUMBER,Number (real number),2010,Eswatini,260,4040100,1.059,-0.061999999999999944
NUMBER,Number,1.008,Millions,NUMBER,Number (real number),2011,Eswatini,261,4044121,0.997,0.01100000000000001
NUMBER,Number,1.169,Millions,NUMBER,Number (real number),2012,Eswatini,262,4048144,1.008,0.16100000000000003
NUMBER,Number,1.4,Millions,NUMBER,Number (real number),2013,Eswatini,263,4052169,1.169,0.23099999999999987
NUMBER,Number,0.769,Millions,NUMBER,Number (real number),2014,Eswatini,264,4056196,1.4,-0.6309999999999999
NUMBER,Number,0.868,Millions,NUMBER,Number (real number),2015,Eswatini,265,4060225,0.769,0.09899999999999998
NUMBER,Number,1.055,Millions,NUMBER,Number (real number),2016,Eswatini,266,4064256,0.868,0.18699999999999994
NUMBER,Number,0.986,Millions,NUMBER,Number (real number),2017,Eswatini,267,4068289,1.055,-0.06899999999999995
NUMBER,Number,1.033,Millions,NUMBER,Number (real number),2018,Eswatini,268,4072324,0.986,0.04699999999999993
NUMBER,Number,1.121,Millions,NUMBER,Number (real number),2019,Eswatini,269,4076361,1.033,0.08800000000000008
NUMBER,Number,1.121,Millions,NUMBER,Number (real number),2020,Eswatini,270,4080400,1.121,0.0
NUMBER,Number,1.011,Millions,NUMBER,Number (real number),2021,Eswatini,271,4084441,1.121,-0.1100000000000001
NUMBER,Number,1.08,Millions,NUMBER,Number (real number),2022,Eswatini,272,4088484,1.011,0.06900000000000017
NUMBER,Number,1.104,Millions,NUMBER,Number (real number),2023,Eswatini,273,4092529,1.08,0.02400000000000002
NUMBER,Number,0.011,Millions,NUMBER,Number (real number),1942,Ethiopia,192,3771364,0.011,0.0
NUMBER,Number,0.011,Millions,NUMBER,Number (real number),1943,Ethiopia,193,3775249,0.011,0.0
NUMBER,Number,0.004,Millions,NUMBER,Number (real number),1948,Ethiopia,198,3794704,0.011,-0.006999999999999999
NUMBER,Number,0.004,Millions,NUMBER,Number (real number),1949,Ethiopia,199,3798601,0.004,0.0
NUMBER,Number,0.088,Millions,NUMBER,Number (real number),1950,Ethiopia,200,3802500,0.004,0.08399999999999999
NUMBER,Number,0.062,Millions,NUMBER,Number (real number),1951,Ethiopia,201,3806401,0.088,-0.025999999999999995
NUMBER,Number,0.099,Millions,NUMBER,Number (real number),1952,Ethiopia,202,3810304,0.062,0.037000000000000005
NUMBER,Number,0.183,Millions,NUMBER,Number (real number),1953,Ethiopia,203,3814209,0.099,0.08399999999999999
NUMBER,Number,0.271,Millions,NUMBER,Number (real number),1954,Ethiopia,204,3818116,0.183,0.08800000000000002
NUMBER,Number,0.227,Millions,NUMBER,Number (real number),1955,Ethiopia,205,3822025,0.271,-0.04400000000000001
NUMBER,Number,0.242,Millions,NUMBER,Number (real number),1956,Ethiopia,206,3825936,0.227,0.014999999999999986
NUMBER,Number,0.322,Millions,NUMBER,Number (real number),1957,Ethiopia,207,3829849,0.242,0.08000000000000002
NUMBER,Number,0.319,Millions,NUMBER,Number (real number),1958,Ethiopia,208,3833764,0.322,-0.0030000000000000027
NUMBER,Number,0.337,Millions,NUMBER,Number (real number),1959,Ethiopia,209,3837681,0.319,0.018000000000000016
NUMBER,Number,0.352,Millions,NUMBER,Number (real number),1960,Ethiopia,210,3841600,0.337,0.014999999999999958
NUMBER,Number,0.341,Millions,NUMBER,Number (real number),1961,Ethiopia,211,3845521,0.352,-0.010999999999999954
NUMBER,Number,0.396,Millions,NUMBER,Number (real number),1962,Ethiopia,212,3849444,0.341,0.05499999999999999
NUMBER,Number,0.421,Millions,NUMBER,Number (real number),1963,Ethiopia,213,3853369,0.396,0.024999999999999967
NUMBER,Number,0.407,Millions,NUMBER,Number (real number),1964,Ethiopia,214,3857296,0.421,-0.014000000000000012
NUMBER,Number,0.644,Millions,NUMBER,Number (real number),1965,Ethiopia,215,3861225,0.407,0.23700000000000004
NUMBER,Number,0.824,Millions,NUMBER,Number (real number),1966,Ethiopia,216,3865156,0.644,0.17999999999999994
NUMBER,Number,1.073,Millions,NUMBER,Number (real number),1967,Ethiopia,217,3869089,0.824,0.249
NUMBER,Number,1.725,Millions,NUMBER,Number (real number),1968,Ethiopia,218,3873024,1.073,0.6520000000000001
NUMBER,Number,1.666,Millions,NUMBER,Number (real number),1969,Ethiopia,219,3876961,1.725,-0.05900000000000016
NUMBER,Number,1.652,Millions,NUMBER,Number (real number),1970,Ethiopia,220,3880900,1.666,-0.014000000000000012
NUMBER,Number,1.849,Millions,NUMBER,Number (real number),1971,Ethiopia,221,3884841,1.652,0.19700000000000006
NUMBER,Number,1.406,Millions,NUMBER,Number (real number),1972,Ethiopia,222,3888784,1.849,-0.44300000000000006
NUMBER,Number,1.751,Millions,NUMBER,Number (real number),1973,Ethiopia,223,3892729,1.406,0.345
NUMBER,Number,1.736,Millions,NUMBER,Number (real number),1974,Ethiopia,224,3896676,1.751,-0.014999999999999902
NUMBER,Number,1.209,Millions,NUMBER,Number (real number),1975,Ethiopia,225,3900625,1.736,-0.5269999999999999
NUMBER,Number,1.175,Millions,NUMBER,Number (real number),1976,Ethiopia,226,3904576,1.209,-0.03400000000000003
NUMBER,Number,1.047,Millions,NUMBER,Number (real number),1977,Ethiopia,227,3908529,1.175,-0.1280000000000001
NUMBER,Number,1.369,Millions,NUMBER,Number (real number),1978,Ethiopia,228,3912484,1.047,0.32200000000000006
NUMBER,Number,1.844,Millions,NUMBER,Number (real number),1979,Ethiopia,229,3916441,1.369,0.4750000000000001
NUMBER,Number,1.817,Millions,NUMBER,Number (real number),1980,Ethiopia,230,3920400,1.844,-0.027000000000000135
NUMBER,Number,1.86,Millions,NUMBER,Number (real number),1981,Ethiopia,231,3924361,1.817,0.04300000000000015
NUMBER,Number,1.474,Millions,NUMBER,Number (real number),1982,Ethiopia,232,3928324,1.86,-0.3860000000000001
NUMBER,Number,1.835,Millions,NUMBER,Number (real number),1983,Ethiopia,233,3932289,1.474,0.361
NUMBER,Number,1.65,Millions,NUMBER,Number (real number),1984,Ethiopia,234,3936256,1.835,-0.18500000000000005
NUMBER,Number,1.799,Millions,NUMBER,Number (real number),1985,Ethiopia,235,3940225,1.65,0.14900000000000002
NUMBER,Number,2.195,Millions,NUMBER,Number (real number),1986,Ethiopia,236,3944196,1.799,0.3959999999999999
NUMBER,Number,2.554,Millions,NUMBER,Number (real number),1987,Ethiopia,237,3948169,2.195,0.359
NUMBER,Number,2.64,Millions,NUMBER,Number (real number),1988,Ethiopia,238,3952144,2.554,0.0860000000000003
NUMBER,Number,2.794,Millions,NUMBER,Number (real number),1989,Ethiopia,239,3956121,2.64,0.15399999999999991
NUMBER,Number,2.987,Millions,NUMBER,Number (real number),1990,Ethiopia,240,3960100,2.794,0.19300000000000006
NUMBER,Number,2.958,Millions,NUMBER,Number (real number),1991,Ethiopia,241,3964081,2.987,-0.028999999999999915
NUMBER,Number,2.937,Millions,NUMBER,Number (real number),1992,Ethiopia,242,3968064,2.958,-0.02100000000000035
NUMBER,Number,2.994,Millions,NUMBER,Number (real number),1993,Ethiopia,243,3972049,2.937,0.057000000000000384
NUMBER,Number,2.197,Millions,NUMBER,Number (real number),1994,Ethiopia,244,3976036,2.994,-0.7970000000000002
NUMBER,Number,2.506,Millions,NUMBER,Number (real number),1995,Ethiopia,245,3980025,2.197,0.3089999999999997
NUMBER,Number,2.794,Millions,NUMBER,Number (real number),1996,Ethiopia,246,3984016,2.506,0.28800000000000026
NUMBER,Number,2.98,Millions,NUMBER,Number (real number),1997,Ethiopia,247,3988009,2.794,0.18599999999999994
NUMBER,Number,3.147,Millions,NUMBER,Number (real number),1998,Ethiopia,248,3992004,2.98,0.16699999999999982
NUMBER,Number,3.094,Millions,NUMBER,Number (real number),1999,Ethiopia,249,3996001,3.147,-0.052999999999999936
NUMBER,Number,3.463,Millions,NUMBER,Number (real number),2000,Ethiopia,250,4000000,3.094,0.3690000000000002
NUMBER,Number,4.265,Millions,NUMBER,Number (real number),2001,Ethiopia,251,4004001,3.463,0.8019999999999996
NUMBER,Number,4.432,Millions,NUMBER,Number (real number),2002,Ethiopia,252,4008004,4.265,0.1670000000000007
NUMBER,Number,4.87,Millions,NUMBER,Number (real number),2003,Ethiopia,253,4012009,4.432,0.4379999999999997
NUMBER,Number,5.159,Millions,NUMBER,Number (real number),2004,Ethiopia,254,4016016,4.87,0.2889999999999997
NUMBER,Number,4.956,Millions,NUMBER,Number (real number),2005,Ethiopia,255,4020025,5.159,-0.2029999999999994
NUMBER,Number,5.318,Millions,NUMBER,Number (real number),2006,Ethiopia,256,4024036,4.956,0.3619999999999992
NUMBER,Number,5.84,Millions,NUMBER,Number (real number),2007,Ethiopia,257,4028049,5.318,0.5220000000000002
NUMBER,Number,6.418,Millions,NUMBER,Number (real number),2008,Ethiopia,258,4032064,5.84,0.5780000000000003
NUMBER,Number,6.453,Millions,NUMBER,Number (real number),2009,Ethiopia,259,4036081,6.418,0.03500000000000014
NUMBER,Number,6.344,Millions,NUMBER,Number (real number),2010,Ethiopia,260,4040100,6.453,-0.10899999999999999
NUMBER,Number,7.41,Millions,NUMBER,Number (real number),2011,Ethiopia,261,4044121,6.344,1.0659999999999998
NUMBER,Number,8.058,Millions,NUMBER,Number (real number),2012,Ethiopia,262,4048144,7.41,0.6479999999999997
NUMBER,Number,9.839,Millions,NUMBER,Number (real number),2013,Ethiopia,263,4052169,8.058,1.7810000000000006
NUMBER,Number,11.671,Millions,NUMBER,Number (real number),2014,Ethiopia,264,4056196,9.839,1.831999999999999
NUMBER,Number,12.699,Millions,NUMBER,Number (real number),2015,Ethiopia,265,4060225,11.671,1.0280000000000005
NUMBER,Number,14.495,Millions,NUMBER,Number (real number),2016,Ethiopia,266,4064256,12.699,1.7959999999999994
NUMBER,Number,14.774,Millions,NUMBER,Number (real number),2017,Ethiopia,267,4068289,14.495,0.2789999999999999
NUMBER,Number,15.787,Millions,NUMBER,Number (real number),2018,Ethiopia,268,4072324,14.774,1.0130000000000017
NUMBER,Number,17.236,Millions,NUMBER,Number (real number),2019,Ethiopia,269,4076361,15.787,1.4489999999999998
NUMBER,Number,15.85,Millions,NUMBER,Number (real number),2020,Ethiopia,270,4080400,17.236,-1.386000000000001
NUMBER,Number,16.161,Millions,NUMBER,Number (real number),2021,Ethiopia,271,4084441,15.85,0.3110000000000017
NUMBER,Number,15.157,Millions,NUMBER,Number (real number),2022,Ethiopia,272,4088484,16.161,-1.0040000000000013
NUMBER,Number,15.227,Millions,NUMBER,Number (real number),2023,Ethiopia,273,4092529,15.157,0.07000000000000028
NUMBER,Number,0.04,Millions,NUMBER,Number (real number),1951,Faroe Islands,201,3806401,0.04,0.0
NUMBER,Number,0.055,Millions,NUMBER,Number (real number),1952,Faroe Islands,202,3810304,0.04,0.015
NUMBER,Number,0.084,Millions,NUMBER,Number (real number),1953,Faroe Islands,203,3814209,0.055,0.029000000000000005
NUMBER,Number,0.077,Millions,NUMBER,Number (real number),1954,Faroe Islands,204,3818116,0.084,-0.007000000000000006
NUMBER,Number,0.099,Millions,NUMBER,Number (real number),1955,Faroe Islands,205,3822025,0.077,0.022000000000000006
NUMBER,Number,0.114,Millions,NUMBER,Number (real number),1956,Faroe Islands,206,3825936,0.099,0.015
NUMBER,Number,0.095,Millions,NUMBER,Number (real number),1957,Faroe Islands,207,3829849,0.114,-0.019000000000000003
NUMBER,Number,0.117,Millions,NUMBER,Number (real number),1958,Faroe Islands,208,3833764,0.095,0.022000000000000006
NUMBER,Number,0.099,Millions,NUMBER,Number (real number),1959,Faroe Islands,209,3837681,0.117,-0.018000000000000002
NUMBER,Number,0.059,Millions,NUMBER,Number (real number),1960,Faroe Islands,210,3841600,0.099,-0.04000000000000001
NUMBER,Number,0.114,Millions,NUMBER,Number (real number),1961,Faroe Islands,211,3845521,0.059,0.05500000000000001
NUMBER,Number,0.117,Millions,NUMBER,Number (real number),1962,Faroe Islands,212,3849444,0.114,0.0030000000000000027
NUMBER,Number,0.125,Millions,NUMBER,Number (real number),1963,Faroe Islands,213,3853369,0.117,0.007999999999999993
NUMBER,Number,0.121,Millions,NUMBER,Number (real number),1964,Faroe Islands,214,3857296,0.125,-0.0040000000000000036
NUMBER,Number,0.136,Millions,NUMBER,Number (real number),1965,Faroe Islands,215,3861225,0.121,0.015000000000000013
NUMBER,Number,0.139,Millions,NUMBER,Number (real number),1966,Faroe Islands,216,3865156,0.136,0.0030000000000000027
NUMBER,Number,0.169,Millions,NUMBER,Number (real number),1967,Faroe Islands,217,3869089,0.139,0.03
NUMBER,Number,0.183,Millions,NUMBER,Number (real number),1968,Faroe Islands,218,3873024,0.169,0.013999999999999985
NUMBER,Number,0.213,Millions,NUMBER,Number (real number),1969,Faroe Islands,219,3876961,0.183,0.03
NUMBER,Number,0.256,Millions,NUMBER,Number (real number),1970,Faroe Islands,220,3880900,0.213,0.04300000000000001
NUMBER,Number,0.26,Millions,NUMBER,Number (real number),1971,Faroe Islands,221,3884841,0.256,0.0040000000000000036
NUMBER,Number,0.234,Millions,NUMBER,Number (real number),1972,Faroe Islands,222,3888784,0.26,-0.025999999999999995
NUMBER,Number,0.253,Millions,NUMBER,Number (real number),1973,Faroe Islands,223,3892729,0.234,0.01899999999999999
NUMBER,Number,0.3,Millions,NUMBER,Number (real number),1974,Faroe Islands,224,3896676,0.253,0.046999999999999986
NUMBER,Number,0.348,Millions,NUMBER,Number (real number),1975,Faroe Islands,225,3900625,0.3,0.04799999999999999
NUMBER,Number,0.33,Millions,NUMBER,Number (real number),1976,Faroe Islands,226,3904576,0.348,-0.01799999999999996
NUMBER,Number,0.407,Millions,NUMBER,Number (real number),1977,Faroe Islands,227,3908529,0.33,0.07699999999999996
NUMBER,Number,0.399,Millions,NUMBER,Number (real number),1978,Faroe Islands,228,3912484,0.407,-0.007999999999999952
NUMBER,Number,0.48,Millions,NUMBER,Number (real number),1979,Faroe Islands,229,3916441,0.399,0.08099999999999996
NUMBER,Number,0.421,Millions,NUMBER,Number (real number),1980,Faroe Islands,230,3920400,0.48,-0.059
NUMBER,Number,0.44,Millions,NUMBER,Number (real number),1981,Faroe Islands,231,3924361,0.421,0.019000000000000017
NUMBER,Number,0.458,Millions,NUMBER,Number (real number),1982,Faroe Islands,232,3928324,0.44,0.018000000000000016
NUMBER,Number,0.487,Millions,NUMBER,Number (real number),1983,Faroe Islands,233,3932289,0.458,0.02899999999999997
NUMBER,Number,0.498,Millions,NUMBER,Number (real number),1984,Faroe Islands,234,3936256,0.487,0.01100000000000001
NUMBER,Number,0.517,Millions,NUMBER,Number (real number),1985,Faroe Islands,235,3940225,0.498,0.019000000000000017
NUMBER,Number,0.491,Millions,NUMBER,Number (real number),1986,Faroe Islands,236,3944196,0.517,-0.026000000000000023
NUMBER,Number,0.498,Millions,NUMBER,Number (real number),1987,Faroe Islands,237,3948169,0.491,0.007000000000000006
NUMBER,Number,0.528,Millions,NUMBER,Number (real number),1988,Faroe Islands,238,3952144,0.498,0.030000000000000027
NUMBER,Number,0.579,Millions,NUMBER,Number (real number),1989,Faroe Islands,239,3956121,0.528,0.050999999999999934
NUMBER,Number,0.703,Millions,NUMBER,Number (real number),1990,Faroe Islands,240,3960100,0.579,0.124
NUMBER,Number,0.656,Millions,NUMBER,Number (real number),1991,Faroe Islands,241,3964081,0.703,-0.04699999999999993
NUMBER,Number,0.649,Millions,NUMBER,Number (real number),1992,Faroe Islands,242,3968064,0.656,-0.007000000000000006
NUMBER,Number,0.583,Millions,NUMBER,Number (real number),1993,Faroe Islands,243,3972049,0.649,-0.06600000000000006
NUMBER,Number,0.575,Millions,NUMBER,Number (real number),1994,Faroe Islands,244,3976036,0.583,-0.008000000000000007
NUMBER,Number,0.572,Millions,NUMBER,Number (real number),1995,Faroe Islands,245,3980025,0.575,-0.0030000000000000027
NUMBER,Number,0.601,Millions,NUMBER,Number (real number),1996,Faroe Islands,246,3984016,0.572,0.029000000000000026
NUMBER,Number,0.59,Millions,NUMBER,Number (real number),1997,Faroe Islands,247,3988009,0.601,-0.01100000000000001
NUMBER,Number,0.623,Millions,NUMBER,Number (real number),1998,Faroe Islands,248,3992004,0.59,0.03300000000000003
NUMBER,Number,0.63,Millions,NUMBER,Number (real number),1999,Faroe Islands,249,3996001,0.623,0.007000000000000006
NUMBER,Number,0.689,Millions,NUMBER,Number (real number),2000,Faroe Islands,250,4000000,0.63,0.05899999999999994
NUMBER,Number,0.762,Millions,NUMBER,Number (real number),2001,Faroe Islands,251,4004001,0.689,0.07300000000000006
NUMBER,Number,0.725,Millions,NUMBER,Number (real number),2002,Faroe Islands,252,4008004,0.762,-0.03700000000000003
NUMBER,Number,0.733,Millions,NUMBER,Number (real number),2003,Faroe Islands,253,4012009,0.725,0.008000000000000007
NUMBER,Number,0.747,Millions,NUMBER,Number (real number),2004,Faroe Islands,254,4016016,0.733,0.014000000000000012
NUMBER,Number,0.722,Millions,NUMBER,Number (real number),2005,Faroe Islands,255,4020025,0.747,-0.025000000000000022
NUMBER,Number,0.678,Millions,NUMBER,Number (real number),2006,Faroe Islands,256,4024036,0.722,-0.04399999999999993
NUMBER,Number,0.689,Millions,NUMBER,Number (real number),2007,Faroe Islands,257,4028049,0.678,0.010999999999999899
NUMBER,Number,0.63,Millions,NUMBER,Number (real number),2008,Faroe Islands,258,4032064,0.689,-0.05899999999999994
NUMBER,Number,0.575,Millions,NUMBER,Number (real number),2009,Faroe Islands,259,4036081,0.63,-0.05500000000000005
NUMBER,Number,0.63,Millions,NUMBER,Number (real number),2010,Faroe Islands,260,4040100,0.575,0.05500000000000005
NUMBER,Number,0.568,Millions,NUMBER,Number (real number),2011,Faroe Islands,261,4044121,0.63,-0.062000000000000055
NUMBER,Number,0.59,Millions,NUMBER,Number (real number),2012,Faroe Islands,262,4048144,0.568,0.02200000000000002
NUMBER,Number,0.649,Millions,NUMBER,Number (real number),2013,Faroe Islands,263,4052169,0.59,0.05900000000000005
NUMBER,Number,0.597,Millions,NUMBER,Number (real number),2014,Faroe Islands,264,4056196,0.649,-0.052000000000000046
NUMBER,Number,0.608,Millions,NUMBER,Number (real number),2015,Faroe Islands,265,4060225,0.597,0.01100000000000001
NUMBER,Number,0.63,Millions,NUMBER,Number (real number),2016,Faroe Islands,266,4064256,0.608,0.02200000000000002
NUMBER,Number,0.707,Millions,NUMBER,Number (real number),2017,Faroe Islands,267,4068289,0.63,0.07699999999999996
NUMBER,Number,0.725,Millions,NUMBER,Number (real number),2018,Faroe Islands,268,4072324,0.707,0.018000000000000016
NUMBER,Number,0.74,Millions,NUMBER,Number (real number),2019,Faroe Islands,269,4076361,0.725,0.015000000000000013
NUMBER,Number,0.758,Millions,NUMBER,Number (real number),2020,Faroe Islands,270,4080400,0.74,0.018000000000000016
NUMBER,Number,0.78,Millions,NUMBER,Number (real number),2021,Faroe Islands,271,4084441,0.758,0.02200000000000002
NUMBER,Number,0.79,Millions,NUMBER,Number (real number),2022,Faroe Islands,272,4088484,0.78,0.010000000000000009
NUMBER,Number,0.798,Millions,NUMBER,Number (real number),2023,Faroe Islands,273,4092529,0.79,0.008000000000000007
NUMBER,Number,0.132,Millions,NUMBER,Number (real number),1951,Fiji,201,3806401,0.121,0.01100000000000001
NUMBER,Number,0.158,Millions,NUMBER,Number (real number),1952,Fiji,202,3810304,0.132,0.025999999999999995
NUMBER,Number,0.169,Millions,NUMBER,Number (real number),1953,Fiji,203,3814209,0.158,0.01100000000000001
NUMBER,Number,0.158,Millions,NUMBER,Number (real number),1954,Fiji,204,3818116,0.169,-0.01100000000000001
NUMBER,Number,0.172,Millions,NUMBER,Number (real number),1955,Fiji,205,3822025,0.158,0.013999999999999985
NUMBER,Number,0.194,Millions,NUMBER,Number (real number),1956,Fiji,206,3825936,0.172,0.02200000000000002
NUMBER,Number,0.165,Millions,NUMBER,Number (real number),1957,Fiji,207,3829849,0.194,-0.028999999999999998
NUMBER,Number,0.176,Millions,NUMBER,Number (real number),1958,Fiji,208,3833764,0.165,0.010999999999999982
NUMBER,Number,0.198,Millions,NUMBER,Number (real number),1959,Fiji,209,3837681,0.176,0.02200000000000002
NUMBER,Number,0.194,Millions,NUMBER,Number (real number),1960,Fiji,210,3841600,0.198,-0.0040000000000000036
NUMBER,Number,0.169,Millions,NUMBER,Number (real number),1961,Fiji,211,3845521,0.194,-0.024999999999999994
NUMBER,Number,0.231,Millions,NUMBER,Number (real number),1962,Fiji,212,3849444,0.169,0.062
NUMBER,Number,0.242,Millions,NUMBER,Number (real number),1963,Fiji,213,3853369,0.231,0.010999999999999982
NUMBER,Number,0.425,Millions,NUMBER,Number (real number),1964,Fiji,214,3857296,0.242,0.183
NUMBER,Number,0.344,Millions,NUMBER,Number (real number),1965,Fiji,215,3861225,0.425,-0.08100000000000002
NUMBER,Number,0.322,Millions,NUMBER,Number (real number),1966,Fiji,216,3865156,0.344,-0.021999999999999964
NUMBER,Number,0.355,Millions,NUMBER,Number (real number),1967,Fiji,217,3869089,0.322,0.032999999999999974
NUMBER,Number,0.396,Millions,NUMBER,Number (real number),1968,Fiji,218,3873024,0.355,0.041000000000000036
NUMBER,Number,0.432,Millions,NUMBER,Number (real number),1969,Fiji,219,3876961,0.396,0.035999999999999976
NUMBER,Number,0.52,Millions,NUMBER,Number (real number),1970,Fiji,220,3880900,0.432,0.08800000000000002
NUMBER,Number,0.549,Millions,NUMBER,Number (real number),1971,Fiji,221,3884841,0.52,0.029000000000000026
NUMBER,Number,0.579,Millions,NUMBER,Number (real number),1972,Fiji,222,3888784,0.549,0.029999999999999916
NUMBER,Number,0.63,Millions,NUMBER,Number (real number),1973,Fiji,223,3892729,0.579,0.051000000000000045
NUMBER,Number,0.67,Millions,NUMBER,Number (real number),1974,Fiji,224,3896676,0.63,0.040000000000000036
NUMBER,Number,0.623,Millions,NUMBER,Number (real number),1975,Fiji,225,3900625,0.67,-0.04700000000000004
NUMBER,Number,0.483,Millions,NUMBER,Number (real number),1976,Fiji,226,3904576,0.623,-0.14
NUMBER,Number,0.765,Millions,NUMBER,Number (real number),1977,Fiji,227,3908529,0.483,0.28200000000000003
NUMBER,Number,0.709,Millions,NUMBER,Number (real number),1978,Fiji,228,3912484,0.765,-0.05600000000000005
NUMBER,Number,0.836,Millions,NUMBER,Number (real number),1979,Fiji,229,3916441,0.709,0.127
NUMBER,Number,0.792,Millions,NUMBER,Number (real number),1980,Fiji,230,3920400,0.836,-0.04399999999999993
NUMBER,Number,1.077,Millions,NUMBER,Number (real number),1981,Fiji,231,3924361,0.792,0.2849999999999999
NUMBER,Number,0.835,Millions,NUMBER,Number (real number),1982,Fiji,232,3928324,1.077,-0.242
NUMBER,Number,0.709,Millions,NUMBER,Number (real number),1983,Fiji,233,3932289,0.835,-0.126
NUMBER,Number,0.577,Millions,NUMBER,Number (real number),1984,Fiji,234,3936256,0.709,-0.132
NUMBER,Number,0.573,Millions,NUMBER,Number (real number),1985,Fiji,235,3940225,0.577,-0.0040000000000000036
NUMBER,Number,0.598,Millions,NUMBER,Number (real number),1986,Fiji,236,3944196,0.573,0.025000000000000022
NUMBER,Number,0.472,Millions,NUMBER,Number (real number),1987,Fiji,237,3948169,0.598,-0.126
NUMBER,Number,0.55,Millions,NUMBER,Number (real number),1988,Fiji,238,3952144,0.472,0.07800000000000007
NUMBER,Number,0.625,Millions,NUMBER,Number (real number),1989,Fiji,239,3956121,0.55,0.07499999999999996
NUMBER,Number,0.801,Millions,NUMBER,Number (real number),1990,Fiji,240,3960100,0.625,0.17600000000000005
NUMBER,Number,0.655,Millions,NUMBER,Number (real number),1991,Fiji,241,3964081,0.801,-0.14600000000000002
NUMBER,Number,0.73,Millions,NUMBER,Number (real number),1992,Fiji,242,3968064,0.655,0.07499999999999996
NUMBER,Number,0.729,Millions,NUMBER,Number (real number),1993,Fiji,243,3972049,0.73,-0.0010000000000000009
NUMBER,Number,0.723,Millions,NUMBER,Number (real number),1994,Fiji,244,3976036,0.729,-0.006000000000000005
NUMBER,Number,0.737,Millions,NUMBER,Number (real number),1995,Fiji,245,3980025,0.723,0.014000000000000012
NUMBER,Number,0.792,Millions,NUMBER,Number (real number),1996,Fiji,246,3984016,0.737,0.05500000000000005
NUMBER,Number,0.764,Millions,NUMBER,Number (real number),1997,Fiji,247,3988009,0.792,-0.028000000000000025
NUMBER,Number,0.743,Millions,NUMBER,Number (real number),1998,Fiji,248,3992004,0.764,-0.02100000000000002
NUMBER,Number,0.756,Millions,NUMBER,Number (real number),1999,Fiji,249,3996001,0.743,0.013000000000000012
NUMBER,Number,0.815,Millions,NUMBER,Number (real number),2000,Fiji,250,4000000,0.756,0.05899999999999994
NUMBER,Number,1.004,Millions,NUMBER,Number (real number),2001,Fiji,251,4004001,0.815,0.18900000000000006
NUMBER,Number,0.835,Millions,NUMBER,Number (real number),2002,Fiji,252,4008004,1.004,-0.16900000000000004
NUMBER,Number,0.989,Millions,NUMBER,Number (real number),2003,Fiji,253,4012009,0.835,0.15400000000000003
NUMBER,Number,1.293,Millions,NUMBER,Number (real number),2004,Fiji,254,4016016,0.989,0.30399999999999994
NUMBER,Number,1.026,Millions,NUMBER,Number (real number),2005,Fiji,255,4020025,1.293,-0.2669999999999999
NUMBER,Number,1.147,Millions,NUMBER,Number (real number),2006,Fiji,256,4024036,1.026,0.121
NUMBER,Number,1.085,Millions,NUMBER,Number (real number),2007,Fiji,257,4028049,1.147,-0.062000000000000055
NUMBER,Number,0.791,Millions,NUMBER,Number (real number),2008,Fiji,258,4032064,1.085,-0.29399999999999993
NUMBER,Number,0.7,Millions,NUMBER,Number (real number),2009,Fiji,259,4036081,0.791,-0.09100000000000008
NUMBER,Number,1.03,Millions,NUMBER,Number (real number),2010,Fiji,260,4040100,0.7,0.33000000000000007
NUMBER,Number,0.934,Millions,NUMBER,Number (real number),2011,Fiji,261,4044121,1.03,-0.09599999999999997
NUMBER,Number,0.912,Millions,NUMBER,Number (real number),2012,Fiji,262,4048144,0.934,-0.02200000000000002
NUMBER,Number,1.037,Millions,NUMBER,Number (real number),2013,Fiji,263,4052169,0.912,0.12499999999999989
NUMBER,Number,1.18,Millions,NUMBER,Number (real number),2014,Fiji,264,4056196,1.037,0.14300000000000002
NUMBER,Number,1.242,Millions,NUMBER,Number (real number),2015,Fiji,265,4060225,1.18,0.062000000000000055
NUMBER,Number,1.176,Millions,NUMBER,Number (real number),2016,Fiji,266,4064256,1.242,-0.06600000000000006
NUMBER,Number,1.308,Millions,NUMBER,Number (real number),2017,Fiji,267,4068289,1.176,0.13200000000000012
NUMBER,Number,1.356,Millions,NUMBER,Number (real number),2018,Fiji,268,4072324,1.308,0.04800000000000004
NUMBER,Number,1.356,Millions,NUMBER,Number (real number),2019,Fiji,269,4076361,1.356,0.0
NUMBER,Number,1.004,Millions,NUMBER,Number (real number),2020,Fiji,270,4080400,1.356,-0.3520000000000001
NUMBER,Number,1.096,Millions,NUMBER,Number (real number),2021,Fiji,271,4084441,1.004,0.09200000000000008
NUMBER,Number,1.122,Millions,NUMBER,Number (real number),2022,Fiji,272,4088484,1.096,0.026000000000000023
NUMBER,Number,1.146,Millions,NUMBER,Number (real number),2023,Fiji,273,4092529,1.122,0.0239999999999998
NUMBER,Number,0.073,Millions,NUMBER,Number (real number),1861,Finland,111,3463321,0.037,0.036
NUMBER,Number,0.073,Millions,NUMBER,Number (real number),1862,Finland,112,3467044,0.073,0.0
NUMBER,Number,0.077,Millions,NUMBER,Number (real number),1863,Finland,113,3470769,0.073,0.0040000000000000036
NUMBER,Number,0.048,Millions,NUMBER,Number (real number),1864,Finland,114,3474496,0.077,-0.028999999999999998
NUMBER,Number,0.062,Millions,NUMBER,Number (real number),1865,Finland,115,3478225,0.048,0.013999999999999999
NUMBER,Number,0.07,Millions,NUMBER,Number (real number),1866,Finland,116,3481956,0.062,0.008000000000000007
NUMBER,Number,0.062,Millions,NUMBER,Number (real number),1867,Finland,117,3485689,0.07,-0.008000000000000007
NUMBER,Number,0.088,Millions,NUMBER,Number (real number),1868,Finland,118,3489424,0.062,0.025999999999999995
NUMBER,Number,0.07,Millions,NUMBER,Number (real number),1869,Finland,119,3493161,0.088,-0.017999999999999988
NUMBER,Number,0.092,Millions,NUMBER,Number (real number),1870,Finland,120,3496900,0.07,0.021999999999999992
NUMBER,Number,0.114,Millions,NUMBER,Number (real number),1871,Finland,121,3500641,0.092,0.022000000000000006
NUMBER,Number,0.092,Millions,NUMBER,Number (real number),1872,Finland,122,3504384,0.114,-0.022000000000000006
NUMBER,Number,0.088,Millions,NUMBER,Number (real number),1873,Finland,123,3508129,0.092,-0.0040000000000000036
NUMBER,Number,0.125,Millions,NUMBER,Number (real number),1874,Finland,124,3511876,0.088,0.037000000000000005
NUMBER,Number,0.084,Millions,NUMBER,Number (real number),1875,Finland,125,3515625,0.125,-0.040999999999999995
NUMBER,Number,0.095,Millions,NUMBER,Number (real number),1876,Finland,126,3519376,0.084,0.010999999999999996
NUMBER,Number,0.114,Millions,NUMBER,Number (real number),1877,Finland,127,3523129,0.095,0.019000000000000003
NUMBER,Number,0.128,Millions,NUMBER,Number (real number),1878,Finland,128,3526884,0.114,0.013999999999999999
NUMBER,Number,0.077,Millions,NUMBER,Number (real number),1879,Finland,129,3530641,0.128,-0.051000000000000004
NUMBER,Number,0.099,Millions,NUMBER,Number (real number),1880,Finland,130,3534400,0.077,0.022000000000000006
NUMBER,Number,0.099,Millions,NUMBER,Number (real number),1881,Finland,131,3538161,0.099,0.0
NUMBER,Number,0.121,Millions,NUMBER,Number (real number),1882,Finland,132,3541924,0.099,0.021999999999999992
NUMBER,Number,0.117,Millions,NUMBER,Number (real number),1883,Finland,133,3545689,0.121,-0.00399999999999999
NUMBER,Number,0.143,Millions,NUMBER,Number (real number),1884,Finland,134,3549456,0.117,0.02599999999999998
NUMBER,Number,0.22,Millions,NUMBER,Number (real number),1885,Finland,135,3553225,0.143,0.07700000000000001
NUMBER,Number,0.128,Millions,NUMBER,Number (real number),1886,Finland,136,3556996,0.22,-0.092
NUMBER,Number,0.128,Millions,NUMBER,Number (real number),1887,Finland,137,3560769,0.128,0.0
NUMBER,Number,0.121,Millions,NUMBER,Number (real number),1888,Finland,138,3564544,0.128,-0.007000000000000006
NUMBER,Number,0.161,Millions,NUMBER,Number (real number),1889,Finland,139,3568321,0.121,0.04000000000000001
NUMBER,Number,0.209,Millions,NUMBER,Number (real number),1890,Finland,140,3572100,0.161,0.04799999999999999
NUMBER,Number,0.22,Millions,NUMBER,Number (real number),1891,Finland,141,3575881,0.209,0.01100000000000001
NUMBER,Number,0.194,Millions,NUMBER,Number (real number),1892,Finland,142,3579664,0.22,-0.025999999999999995
NUMBER,Number,0.194,Millions,NUMBER,Number (real number),1893,Finland,143,3583449,0.194,0.0
NUMBER,Number,0.22,Millions,NUMBER,Number (real number),1894,Finland,144,3587236,0.194,0.025999999999999995
NUMBER,Number,0.234,Millions,NUMBER,Number (real number),1895,Finland,145,3591025,0.22,0.014000000000000012
NUMBER,Number,0.297,Millions,NUMBER,Number (real number),1896,Finland,146,3594816,0.234,0.06299999999999997
NUMBER,Number,0.517,Millions,NUMBER,Number (real number),1897,Finland,147,3598609,0.297,0.22000000000000003
NUMBER,Number,0.487,Millions,NUMBER,Number (real number),1898,Finland,148,3602404,0.517,-0.030000000000000027
NUMBER,Number,0.736,Millions,NUMBER,Number (real number),1899,Finland,149,3606201,0.487,0.249
NUMBER,Number,0.601,Millions,NUMBER,Number (real number),1900,Finland,150,3610000,0.736,-0.135
NUMBER,Number,0.421,Millions,NUMBER,Number (real number),1901,Finland,151,3613801,0.601,-0.18
NUMBER,Number,0.399,Millions,NUMBER,Number (real number),1902,Finland,152,3617604,0.421,-0.021999999999999964
NUMBER,Number,0.513,Millions,NUMBER,Number (real number),1903,Finland,153,3621409,0.399,0.11399999999999999
NUMBER,Number,0.528,Millions,NUMBER,Number (real number),1904,Finland,154,3625216,0.513,0.015000000000000013
NUMBER,Number,0.586,Millions,NUMBER,Number (real number),1905,Finland,155,3629025,0.528,0.05799999999999994
NUMBER,Number,0.616,Millions,NUMBER,Number (real number),1906,Finland,156,3632836,0.586,0.030000000000000027
NUMBER,Number,0.887,Millions,NUMBER,Number (real number),1907,Finland,157,3636649,0.616,0.271
NUMBER,Number,1.407,Millions,NUMBER,Number (real number),1908,Finland,158,3640464,0.887,0.52
NUMBER,Number,1.282,Millions,NUMBER,Number (real number),1909,Finland,159,3644281,1.407,-0.125
NUMBER,Number,1.063,Millions,NUMBER,Number (real number),1910,Finland,160,3648100,1.282,-0.21900000000000008
NUMBER,Number,1.315,Millions,NUMBER,Number (real number),1911,Finland,161,3651921,1.063,0.252
NUMBER,Number,1.484,Millions,NUMBER,Number (real number),1912,Finland,162,3655744,1.315,0.16900000000000004
NUMBER,Number,1.663,Millions,NUMBER,Number (real number),1913,Finland,163,3659569,1.484,0.17900000000000005
NUMBER,Number,0.689,Millions,NUMBER,Number (real number),1914,Finland,164,3663396,1.663,-0.9740000000000001
NUMBER,Number,0.106,Millions,NUMBER,Number (real number),1915,Finland,165,3667225,0.689,-0.583
NUMBER,Number,0.18,Millions,NUMBER,Number (real number),1916,Finland,166,3671056,0.106,0.074
NUMBER,Number,0.121,Millions,NUMBER,Number (real number),1917,Finland,167,3674889,0.18,-0.059
NUMBER,Number,0.073,Millions,NUMBER,Number (real number),1918,Finland,168,3678724,0.121,-0.048
NUMBER,Number,0.238,Millions,NUMBER,Number (real number),1919,Finland,169,3682561,0.073,0.16499999999999998
NUMBER,Number,0.275,Millions,NUMBER,Number (real number),1920,Finland,170,3686400,0.238,0.03700000000000003
NUMBER,Number,0.282,Millions,NUMBER,Number (real number),1921,Finland,171,3690241,0.275,0.006999999999999951
NUMBER,Number,0.711,Millions,NUMBER,Number (real number),1922,Finland,172,3694084,0.282,0.429
NUMBER,Number,1.477,Millions,NUMBER,Number (real number),1923,Finland,173,3697929,0.711,0.7660000000000001
NUMBER,Number,1.744,Millions,NUMBER,Number (real number),1924,Finland,174,3701776,1.477,0.2669999999999999
NUMBER,Number,1.711,Millions,NUMBER,Number (real number),1925,Finland,175,3705625,1.744,-0.03299999999999992
NUMBER,Number,1.598,Millions,NUMBER,Number (real number),1926,Finland,176,3709476,1.711,-0.11299999999999999
NUMBER,Number,2.851,Millions,NUMBER,Number (real number),1927,Finland,177,3713329,1.598,1.253
NUMBER,Number,3.128,Millions,NUMBER,Number (real number),1928,Finland,178,3717184,2.851,0.27700000000000014
NUMBER,Number,3.351,Millions,NUMBER,Number (real number),1929,Finland,179,3721041,3.128,0.22299999999999986
NUMBER,Number,2.648,Millions,NUMBER,Number (real number),1930,Finland,180,3724900,3.351,-0.7029999999999998
NUMBER,Number,3.011,Millions,NUMBER,Number (real number),1931,Finland,181,3728761,2.648,0.363
NUMBER,Number,3.022,Millions,NUMBER,Number (real number),1932,Finland,182,3732624,3.011,0.010999999999999677
NUMBER,Number,3.224,Millions,NUMBER,Number (real number),1933,Finland,183,3736489,3.022,0.2020000000000004
NUMBER,Number,3.953,Millions,NUMBER,Number (real number),1934,Finland,184,3740356,3.224,0.7289999999999996
NUMBER,Number,3.516,Millions,NUMBER,Number (real number),1935,Finland,185,3744225,3.953,-0.43699999999999983
NUMBER,Number,4.963,Millions,NUMBER,Number (real number),1936,Finland,186,3748096,3.516,1.447
NUMBER,Number,6.78,Millions,NUMBER,Number (real number),1937,Finland,187,3751969,4.963,1.8170000000000002
NUMBER,Number,5.696,Millions,NUMBER,Number (real number),1938,Finland,188,3755844,6.78,-1.0840000000000005
NUMBER,Number,4.871,Millions,NUMBER,Number (real number),1939,Finland,189,3759721,5.696,-0.8249999999999993
NUMBER,Number,2.314,Millions,NUMBER,Number (real number),1940,Finland,190,3763600,4.871,-2.5570000000000004
NUMBER,Number,3.245,Millions,NUMBER,Number (real number),1941,Finland,191,3767481,2.314,0.931
NUMBER,Number,2.81,Millions,NUMBER,Number (real number),1942,Finland,192,3771364,3.245,-0.43500000000000005
NUMBER,Number,3.945,Millions,NUMBER,Number (real number),1943,Finland,193,3775249,2.81,1.1349999999999998
NUMBER,Number,2.725,Millions,NUMBER,Number (real number),1944,Finland,194,3779136,3.945,-1.2199999999999998
NUMBER,Number,0.64,Millions,NUMBER,Number (real number),1945,Finland,195,3783025,2.725,-2.085
NUMBER,Number,3.282,Millions,NUMBER,Number (real number),1946,Finland,196,3786916,0.64,2.642
NUMBER,Number,5.45,Millions,NUMBER,Number (real number),1947,Finland,197,3790809,3.282,2.168
NUMBER,Number,8.458,Millions,NUMBER,Number (real number),1948,Finland,198,3794704,5.45,3.008
NUMBER,Number,4.933,Millions,NUMBER,Number (real number),1949,Finland,199,3798601,8.458,-3.5250000000000004
NUMBER,Number,6.545,Millions,NUMBER,Number (real number),1950,Finland,200,3802500,4.933,1.612
NUMBER,Number,7.977,Millions,NUMBER,Number (real number),1951,Finland,201,3806401,6.545,1.4320000000000004
NUMBER,Number,8.655,Millions,NUMBER,Number (real number),1952,Finland,202,3810304,7.977,0.677999999999999
NUMBER,Number,7.566,Millions,NUMBER,Number (real number),1953,Finland,203,3814209,8.655,-1.0889999999999995
NUMBER,Number,9.152,Millions,NUMBER,Number (real number),1954,Finland,204,3818116,7.566,1.5859999999999994
NUMBER,Number,10.925,Millions,NUMBER,Number (real number),1955,Finland,205,3822025,9.152,1.7730000000000015
NUMBER,Number,12.168,Millions,NUMBER,Number (real number),1956,Finland,206,3825936,10.925,1.2429999999999986
NUMBER,Number,12.241,Millions,NUMBER,Number (real number),1957,Finland,207,3829849,12.168,0.0730000000000004
NUMBER,Number,10.607,Millions,NUMBER,Number (real number),1958,Finland,208,3833764,12.241,-1.6340000000000003
NUMBER,Number,13.556,Millions,NUMBER,Number (real number),1959,Finland,209,3837681,10.607,2.949
NUMBER,Number,15.087,Millions,NUMBER,Number (real number),1960,Finland,210,3841600,13.556,1.5310000000000006
NUMBER,Number,14.922,Millions,NUMBER,Number (real number),1961,Finland,211,3845521,15.087,-0.16499999999999915
NUMBER,Number,16.79,Millions,NUMBER,Number (real number),1962,Finland,212,3849444,14.922,1.8679999999999986
NUMBER,Number,19.336,Millions,NUMBER,Number (real number),1963,Finland,213,3853369,16.79,2.5459999999999994
NUMBER,Number,22.828,Millions,NUMBER,Number (real number),1964,Finland,214,3857296,19.336,3.492000000000001
NUMBER,Number,25.3,Millions,NUMBER,Number (real number),1965,Finland,215,3861225,22.828,2.4720000000000013
NUMBER,Number,29.489,Millions,NUMBER,Number (real number),1966,Finland,216,3865156,25.3,4.189
NUMBER,Number,28.588,Millions,NUMBER,Number (real number),1967,Finland,217,3869089,29.489,-0.9009999999999998
NUMBER,Number,33.281,Millions,NUMBER,Number (real number),1968,Finland,218,3873024,28.588,4.692999999999998
NUMBER,Number,37.897,Millions,NUMBER,Number (real number),1969,Finland,219,3876961,33.281,4.616
NUMBER,Number,40.355,Millions,NUMBER,Number (real number),1970,Finland,220,3880900,37.897,2.4579999999999984
NUMBER,Number,40.537,Millions,NUMBER,Number (real number),1971,Finland,221,3884841,40.355,0.18200000000000216
NUMBER,Number,44.106,Millions,NUMBER,Number (real number),1972,Finland,222,3888784,40.537,3.5690000000000026
NUMBER,Number,49.32,Millions,NUMBER,Number (real number),1973,Finland,223,3892729,44.106,5.213999999999999
NUMBER,Number,46.608,Millions,NUMBER,Number (real number),1974,Finland,224,3896676,49.32,-2.7120000000000033
NUMBER,Number,46.026,Millions,NUMBER,Number (real number),1975,Finland,225,3900625,46.608,-0.5819999999999936
NUMBER,Number,51.198,Millions,NUMBER,Number (real number),1976,Finland,226,3904576,46.026,5.171999999999997
NUMBER,Number,50.137,Millions,NUMBER,Number (real number),1977,Finland,227,3908529,51.198,-1.061
NUMBER,Number,51.825,Millions,NUMBER,Number (real number),1978,Finland,228,3912484,50.137,1.6880000000000024
NUMBER,Number,54.237,Millions,NUMBER,Number (real number),1979,Finland,229,3916441,51.825,2.411999999999999
NUMBER,Number,58.139,Millions,NUMBER,Number (real number),1980,Finland,230,3920400,54.237,3.902000000000001
NUMBER,Number,51.403,Millions,NUMBER,Number (real number),1981,Finland,231,3924361,58.139,-6.736000000000004
NUMBER,Number,42.976,Millions,NUMBER,Number (real number),1982,Finland,232,3928324,51.403,-8.427
NUMBER,Number,41.463,Millions,NUMBER,Number (real number),1983,Finland,233,3932289,42.976,-1.5129999999999981
NUMBER,Number,42.147,Millions,NUMBER,Number (real number),1984,Finland,234,3936256,41.463,0.6839999999999975
NUMBER,Number,49.549,Millions,NUMBER,Number (real number),1985,Finland,235,3940225,42.147,7.402000000000001
NUMBER,Number,53.214,Millions,NUMBER,Number (real number),1986,Finland,236,3944196,49.549,3.664999999999999
NUMBER,Number,57.533,Millions,NUMBER,Number (real number),1987,Finland,237,3948169,53.214,4.319000000000003
NUMBER,Number,52.058,Millions,NUMBER,Number (real number),1988,Finland,238,3952144,57.533,-5.475000000000001
NUMBER,Number,52.448,Millions,NUMBER,Number (real number),1989,Finland,239,3956121,52.058,0.39000000000000057
NUMBER,Number,56.921,Millions,NUMBER,Number (real number),1990,Finland,240,3960100,52.448,4.472999999999999
NUMBER,Number,55.195,Millions,NUMBER,Number (real number),1991,Finland,241,3964081,56.921,-1.725999999999999
NUMBER,Number,54.272,Millions,NUMBER,Number (real number),1992,Finland,242,3968064,55.195,-0.9230000000000018
NUMBER,Number,56.32,Millions,NUMBER,Number (real number),1993,Finland,243,3972049,54.272,2.048000000000002
NUMBER,Number,61.74,Millions,NUMBER,Number (real number),1994,Finland,244,3976036,56.32,5.420000000000002
NUMBER,Number,58.122,Millions,NUMBER,Number (real number),1995,Finland,245,3980025,61.74,-3.618000000000002
NUMBER,Number,64.04,Millions,NUMBER,Number (real number),1996,Finland,246,3984016,58.122,5.918000000000006
NUMBER,Number,62.703,Millions,NUMBER,Number (real number),1997,Finland,247,3988009,64.04,-1.3370000000000033
NUMBER,Number,59.358,Millions,NUMBER,Number (real number),1998,Finland,248,3992004,62.703,-3.345000000000006
NUMBER,Number,58.874,Millions,NUMBER,Number (real number),1999,Finland,249,3996001,59.358,-0.48399999999999466
NUMBER,Number,57.017,Millions,NUMBER,Number (real number),2000,Finland,250,4000000,58.874,-1.8569999999999993
NUMBER,Number,62.521,Millions,NUMBER,Number (real number),2001,Finland,251,4004001,57.017,5.503999999999998
NUMBER,Number,65.049,Millions,NUMBER,Number (real number),2002,Finland,252,4008004,62.521,2.528000000000006
NUMBER,Number,72.658,Millions,NUMBER,Number (real number),2003,Finland,253,4012009,65.049,7.608999999999995
NUMBER,Number,68.946,Millions,NUMBER,Number (real number),2004,Finland,254,4016016,72.658,-3.7120000000000033
NUMBER,Number,57.064,Millions,NUMBER,Number (real number),2005,Finland,255,4020025,68.946,-11.881999999999998
NUMBER,Number,68.373,Millions,NUMBER,Number (real number),2006,Finland,256,4024036,57.064,11.309000000000005
NUMBER,Number,66.764,Millions,NUMBER,Number (real number),2007,Finland,257,4028049,68.373,-1.6090000000000089
NUMBER,Number,58.625,Millions,NUMBER,Number (real number),2008,Finland,258,4032064,66.764,-8.138999999999996
NUMBER,Number,55.92,Millions,NUMBER,Number (real number),2009,Finland,259,4036081,58.625,-2.7049999999999983
NUMBER,Number,64.092,Millions,NUMBER,Number (real number),2010,Finland,260,4040100,55.92,8.171999999999997
NUMBER,Number,56.647,Millions,NUMBER,Number (real number),2011,Finland,261,4044121,64.092,-7.445
NUMBER,Number,51.155,Millions,NUMBER,Number (real number),2012,Finland,262,4048144,56.647,-5.491999999999997
NUMBER,Number,51.719,Millions,NUMBER,Number (real number),2013,Finland,263,4052169,51.155,0.5640000000000001
NUMBER,Number,47.622,Millions,NUMBER,Number (real number),2014,Finland,264,4056196,51.719,-4.097000000000001
NUMBER,Number,44.192,Millions,NUMBER,Number (real number),2015,Finland,265,4060225,47.622,-3.4299999999999997
NUMBER,Number,47.251,Millions,NUMBER,Number (real number),2016,Finland,266,4064256,44.192,3.0589999999999975
NUMBER,Number,44.657,Millions,NUMBER,Number (real number),2017,Finland,267,4068289,47.251,-2.594000000000001
NUMBER,Number,45.734,Millions,NUMBER,Number (real number),2018,Finland,268,4072324,44.657,1.0770000000000053
NUMBER,Number,42.442,Millions,NUMBER,Number (real number),2019,Finland,269,4076361,45.734,-3.2920000000000016
NUMBER,Number,37.7,Millions,NUMBER,Number (real number),2020,Finland,270,4080400,42.442,-4.741999999999997
NUMBER,Number,37.798,Millions,NUMBER,Number (real number),2021,Finland,271,4084441,37.7,0.09799999999999898
NUMBER,Number,36.367,Millions,NUMBER,Number (real number),2022,Finland,272,4088484,37.798,-1.4310000000000045
NUMBER,Number,31.622,Millions,NUMBER,Number (real number),2023,Finland,273,4092529,36.367,-4.744999999999997
NUMBER,Number,2.176,Millions,NUMBER,Number (real number),1804,France,54,3254416,2.239,-0.06299999999999972
NUMBER,Number,2.121,Millions,NUMBER,Number (real number),1810,France,60,3276100,2.176,-0.05500000000000016
NUMBER,Number,2.052,Millions,NUMBER,Number (real number),1811,France,61,3279721,2.121,-0.06899999999999995
NUMBER,Number,2.217,Millions,NUMBER,Number (real number),1812,France,62,3283344,2.052,0.16500000000000004
NUMBER,Number,2.048,Millions,NUMBER,Number (real number),1813,France,63,3286969,2.217,-0.16900000000000004
NUMBER,Number,2.092,Millions,NUMBER,Number (real number),1814,France,64,3290596,2.048,0.04400000000000004
NUMBER,Number,2.341,Millions,NUMBER,Number (real number),1815,France,65,3294225,2.092,0.2490000000000001
NUMBER,Number,2.499,Millions,NUMBER,Number (real number),1816,France,66,3297856,2.341,0.15799999999999992
NUMBER,Number,2.66,Millions,NUMBER,Number (real number),1817,France,67,3301489,2.499,0.16100000000000003
NUMBER,Number,2.382,Millions,NUMBER,Number (real number),1818,France,68,3305124,2.66,-0.278
NUMBER,Number,2.557,Millions,NUMBER,Number (real number),1819,France,69,3308761,2.382,0.17499999999999982
NUMBER,Number,2.902,Millions,NUMBER,Number (real number),1820,France,70,3312400,2.557,0.3450000000000002
NUMBER,Number,3.012,Millions,NUMBER,Number (real number),1821,France,71,3316041,2.902,0.10999999999999988
NUMBER,Number,3.169,Millions,NUMBER,Number (real number),1822,France,72,3319684,3.012,0.15700000000000003
NUMBER,Number,3.169,Millions,NUMBER,Number (real number),1823,France,73,3323329,3.169,0.0
NUMBER,Number,3.517,Millions,NUMBER,Number (real number),1824,France,74,3326976,3.169,0.34799999999999986
NUMBER,Number,3.957,Millions,NUMBER,Number (real number),1825,France,75,3330625,3.517,0.43999999999999995
NUMBER,Number,4.089,Millions,NUMBER,Number (real number),1826,France,76,3334276,3.957,0.13200000000000056
NUMBER,Number,5.91,Millions,NUMBER,Number (real number),1827,France,77,3337929,4.089,1.8209999999999997
NUMBER,Number,6.243,Millions,NUMBER,Number (real number),1828,France,78,3341584,5.91,0.3330000000000002
NUMBER,Number,6.075,Millions,NUMBER,Number (real number),1829,France,79,3345241,6.243,-0.16800000000000015
NUMBER,Number,6.551,Millions,NUMBER,Number (real number),1830,France,80,3348900,6.075,0.476
NUMBER,Number,6.053,Millions,NUMBER,Number (real number),1831,France,81,3352561,6.551,-0.4980000000000002
NUMBER,Number,6.679,Millions,NUMBER,Number (real number),1832,France,82,3356224,6.053,0.6260000000000003
NUMBER,Number,7.247,Millions,NUMBER,Number (real number),1833,France,83,3359889,6.679,0.5679999999999996
NUMBER,Number,8.922,Millions,NUMBER,Number (real number),1834,France,84,3363556,7.247,1.6750000000000007
NUMBER,Number,9.259,Millions,NUMBER,Number (real number),1835,France,85,3367225,8.922,0.33699999999999974
NUMBER,Number,10.637,Millions,NUMBER,Number (real number),1836,France,86,3370896,9.259,1.3780000000000001
NUMBER,Number,11.351,Millions,NUMBER,Number (real number),1837,France,87,3374569,10.637,0.7140000000000004
NUMBER,Number,11.868,Millions,NUMBER,Number (real number),1838,France,88,3378244,11.351,0.5169999999999995
NUMBER,Number,11.571,Millions,NUMBER,Number (real number),1839,France,89,3381921,11.868,-0.2970000000000006
NUMBER,Number,11.798,Millions,NUMBER,Number (real number),1840,France,90,3385600,11.571,0.2270000000000003
NUMBER,Number,13.821,Millions,NUMBER,Number (real number),1841,France,91,3389281,11.798,2.0229999999999997
NUMBER,Number,14.528,Millions,NUMBER,Number (real number),1842,France,92,3392964,13.821,0.7070000000000007
NUMBER,Number,14.55,Millions,NUMBER,Number (real number),1843,France,93,3396649,14.528,0.02200000000000024
NUMBER,Number,15.261,Millions,NUMBER,Number (real number),1844,France,94,3400336,14.55,0.7109999999999985
NUMBER,Number,17.836,Millions,NUMBER,Number (real number),1845,France,95,3404025,15.261,2.5749999999999993
NUMBER,Number,18.529,Millions,NUMBER,Number (real number),1846,France,96,3407716,17.836,0.6930000000000014
NUMBER,Number,20.841,Millions,NUMBER,Number (real number),1847,France,97,3411409,18.529,2.312000000000001
NUMBER,Number,16.69,Millions,NUMBER,Number (real number),1848,France,98,3415104,20.841,-4.151
NUMBER,Number,17.386,Millions,NUMBER,Number (real number),1849,France,99,3418801,16.69,0.695999999999998
NUMBER,Number,19.617,Millions,NUMBER,Number (real number),1850,France,100,3422500,17.386,2.2310000000000016
NUMBER,Number,20.038,Millions,NUMBER,Number (real number),1851,France,101,3426201,19.617,0.4209999999999994
NUMBER,Number,21.57,Millions,NUMBER,Number (real number),1852,France,102,3429904,20.038,1.532
NUMBER,Number,25.34,Millions,NUMBER,Number (real number),1853,France,103,3433609,21.57,3.7699999999999996
NUMBER,Number,29.213,Millions,NUMBER,Number (real number),1854,France,104,3437316,25.34,3.873000000000001
NUMBER,Number,33.071,Millions,NUMBER,Number (real number),1855,France,105,3441025,29.213,3.857999999999997
NUMBER,Number,34.632,Millions,NUMBER,Number (real number),1856,France,106,3444736,33.071,1.561
NUMBER,Number,35.281,Millions,NUMBER,Number (real number),1857,France,107,3448449,34.632,0.6490000000000009
NUMBER,Number,34.595,Millions,NUMBER,Number (real number),1858,France,108,3452164,35.281,-0.6859999999999999
NUMBER,Number,34.991,Millions,NUMBER,Number (real number),1859,France,109,3455881,34.595,0.3960000000000008
NUMBER,Number,38.131,Millions,NUMBER,Number (real number),1860,France,110,3459600,34.991,3.1400000000000006
NUMBER,Number,41.242,Millions,NUMBER,Number (real number),1861,France,111,3463321,38.131,3.110999999999997
NUMBER,Number,43.525,Millions,NUMBER,Number (real number),1862,France,112,3467044,41.242,2.2830000000000013
NUMBER,Number,44.188,Millions,NUMBER,Number (real number),1863,France,113,3470769,43.525,0.6630000000000038
NUMBER,Number,46.83,Millions,NUMBER,Number (real number),1864,France,114,3474496,44.188,2.641999999999996
NUMBER,Number,49.303,Millions,NUMBER,Number (real number),1865,France,115,3478225,46.83,2.472999999999999
NUMBER,Number,53.56,Millions,NUMBER,Number (real number),1866,France,116,3481956,49.303,4.257000000000005
NUMBER,Number,54.278,Millions,NUMBER,Number (real number),1867,France,117,3485689,53.56,0.7179999999999964
NUMBER,Number,55.532,Millions,NUMBER,Number (real number),1868,France,118,3489424,54.278,1.2539999999999978
NUMBER,Number,56.942,Millions,NUMBER,Number (real number),1869,France,119,3493161,55.532,1.4100000000000037
NUMBER,Number,50.538,Millions,NUMBER,Number (real number),1870,France,120,3496900,56.942,-6.4040000000000035
NUMBER,Number,50.263,Millions,NUMBER,Number (real number),1871,France,121,3500641,50.538,-0.2749999999999986
NUMBER,Number,60.925,Millions,NUMBER,Number (real number),1872,France,122,3504384,50.263,10.661999999999999
NUMBER,Number,65.849,Millions,NUMBER,Number (real number),1873,France,123,3508129,60.925,4.924000000000007
NUMBER,Number,62.643,Millions,NUMBER,Number (real number),1874,France,124,3511876,65.849,-3.206000000000003
NUMBER,Number,65.26,Millions,NUMBER,Number (real number),1875,France,125,3515625,62.643,2.6170000000000044
NUMBER,Number,65.358,Millions,NUMBER,Number (real number),1876,France,126,3519376,65.26,0.09799999999999898
NUMBER,Number,63.926,Millions,NUMBER,Number (real number),1877,France,127,3523129,65.358,-1.4320000000000022
NUMBER,Number,65.223,Millions,NUMBER,Number (real number),1878,France,128,3526884,63.926,1.296999999999997
NUMBER,Number,67.498,Millions,NUMBER,Number (real number),1879,France,129,3530641,65.223,2.2750000000000057
NUMBER,Number,76.149,Millions,NUMBER,Number (real number),1880,France,130,3534400,67.498,8.650999999999996
NUMBER,Number,77.985,Millions,NUMBER,Number (real number),1881,France,131,3538161,76.149,1.8359999999999985
NUMBER,Number,82.308,Millions,NUMBER,Number (real number),1882,France,132,3541924,77.985,4.3230000000000075
NUMBER,Number,86.32,Millions,NUMBER,Number (real number),1883,France,133,3545689,82.308,4.011999999999986
NUMBER,Number,82.913,Millions,NUMBER,Number (real number),1884,France,134,3549456,86.32,-3.4069999999999965
NUMBER,Number,79.714,Millions,NUMBER,Number (real number),1885,France,135,3553225,82.913,-3.198999999999998
NUMBER,Number,79.073,Millions,NUMBER,Number (real number),1886,France,136,3556996,79.714,-0.6410000000000053
NUMBER,Number,83.29,Millions,NUMBER,Number (real number),1887,France,137,3560769,79.073,4.217000000000013
NUMBER,Number,86.654,Millions,NUMBER,Number (real number),1888,France,138,3564544,83.29,3.36399999999999
NUMBER,Number,88.797,Millions,NUMBER,Number (real number),1889,France,139,3568321,86.654,2.1430000000000007
NUMBER,Number,97.818,Millions,NUMBER,Number (real number),1890,France,140,3572100,88.797,9.021
NUMBER,Number,97.983,Millions,NUMBER,Number (real number),1891,France,141,3575881,97.818,0.16500000000000625
NUMBER,Number,98.122,Millions,NUMBER,Number (real number),1892,France,142,3579664,97.983,0.1389999999999958
NUMBER,Number,96.33,Millions,NUMBER,Number (real number),1893,France,143,3583449,98.122,-1.7920000000000016
NUMBER,Number,101.9,Millions,NUMBER,Number (real number),1894,France,144,3587236,96.33,5.570000000000007
NUMBER,Number,102.775,Millions,NUMBER,Number (real number),1895,France,145,3591025,101.9,0.875
NUMBER,Number,106.282,Millions,NUMBER,Number (real number),1896,France,146,3594816,102.775,3.506999999999991
NUMBER,Number,111.261,Millions,NUMBER,Number (real number),1897,France,147,3598609,106.282,4.978999999999999
NUMBER,Number,115.046,Millions,NUMBER,Number (real number),1898,France,148,3602404,111.261,3.785000000000011
NUMBER,Number,120.3,Millions,NUMBER,Number (real number),1899,France,149,3606201,115.046,5.253999999999991
NUMBER,Number,129.277,Millions,NUMBER,Number (real number),1900,France,150,3610000,120.3,8.97699999999999
NUMBER,Number,125.005,Millions,NUMBER,Number (real number),1901,France,151,3613801,129.277,-4.271999999999991
NUMBER,Number,117.662,Millions,NUMBER,Number (real number),1902,France,152,3617604,125.005,-7.342999999999989
NUMBER,Number,129.343,Millions,NUMBER,Number (real number),1903,France,153,3621409,117.662,11.680999999999983
NUMBER,Number,125.998,Millions,NUMBER,Number (real number),1904,France,154,3625216,129.343,-3.3449999999999847
NUMBER,Number,127.427,Millions,NUMBER,Number (real number),1905,France,155,3629025,125.998,1.429000000000002
NUMBER,Number,136.568,Millions,NUMBER,Number (real number),1906,France,156,3632836,127.427,9.141000000000005
NUMBER,Number,145.596,Millions,NUMBER,Number (real number),1907,France,157,3636649,136.568,9.027999999999992
NUMBER,Number,146.714,Millions,NUMBER,Number (real number),1908,France,158,3640464,145.596,1.117999999999995
NUMBER,Number,150.096,Millions,NUMBER,Number (real number),1909,France,159,3644281,146.714,3.382000000000005
NUMBER,Number,150.612,Millions,NUMBER,Number (real number),1910,France,160,3648100,150.096,0.5159999999999911
NUMBER,Number,156.907,Millions,NUMBER,Number (real number),1911,France,161,3651921,150.612,6.295000000000016
NUMBER,Number,158.578,Millions,NUMBER,Number (real number),1912,France,162,3655744,156.907,1.6709999999999923
NUMBER,Number,171.112,Millions,NUMBER,Number (real number),1913,France,163,3659569,158.578,12.533999999999992
NUMBER,Number,118.351,Millions,NUMBER,Number (real number),1914,France,164,3663396,171.112,-52.760999999999996
NUMBER,Number,103.233,Millions,NUMBER,Number (real number),1915,France,165,3667225,118.351,-15.117999999999995
NUMBER,Number,109.689,Millions,NUMBER,Number (real number),1916,France,166,3671056,103.233,6.455999999999989
NUMBER,Number,121.604,Millions,NUMBER,Number (real number),1917,France,167,3674889,109.689,11.915000000000006
NUMBER,Number,108.451,Millions,NUMBER,Number (real number),1918,France,168,3678724,121.604,-13.153000000000006
NUMBER,Number,116.141,Millions,NUMBER,Number (real number),1919,France,169,3682561,108.451,7.690000000000012
NUMBER,Number,151.778,Millions,NUMBER,Number (real number),1920,France,170,3686400,116.141,35.636999999999986
NUMBER,Number,137.909,Millions,NUMBER,Number (real number),1921,France,171,3690241,151.778,-13.869
NUMBER,Number,163.151,Millions,NUMBER,Number (real number),1922,France,172,3694084,137.909,25.24200000000002
NUMBER,Number,184.189,Millions,NUMBER,Number (real number),1923,France,173,3697929,163.151,21.037999999999982
NUMBER,Number,206.635,Millions,NUMBER,Number (real number),1924,France,174,3701776,184.189,22.445999999999998
NUMBER,Number,213.827,Millions,NUMBER,Number (real number),1925,France,175,3705625,206.635,7.192000000000007
NUMBER,Number,213.732,Millions,NUMBER,Number (real number),1926,France,176,3709476,213.827,-0.09499999999999886
NUMBER,Number,213.04,Millions,NUMBER,Number (real number),1927,France,177,3713329,213.732,-0.6920000000000073
NUMBER,Number,211.619,Millions,NUMBER,Number (real number),1928,France,178,3717184,213.04,-1.4209999999999923
NUMBER,Number,234.282,Millions,NUMBER,Number (real number),1929,France,179,3721041,211.619,22.66300000000001
NUMBER,Number,237.634,Millions,NUMBER,Number (real number),1930,France,180,3724900,234.282,3.3519999999999754
NUMBER,Number,217.494,Millions,NUMBER,Number (real number),1931,France,181,3728761,237.634,-20.139999999999986
NUMBER,Number,191.775,Millions,NUMBER,Number (real number),1932,France,182,3732624,217.494,-25.718999999999994
NUMBER,Number,199.387,Millions,NUMBER,Number (real number),1933,France,183,3736489,191.775,7.611999999999995
NUMBER,Number,201.35,Millions,NUMBER,Number (real number),1934,France,184,3740356,199.387,1.9629999999999939
NUMBER,Number,195.372,Millions,NUMBER,Number (real number),1935,France,185,3744225,201.35,-5.97799999999998
NUMBER,Number,198.079,Millions,NUMBER,Number (real number),1936,France,186,3748096,195.372,2.7069999999999936
NUMBER,Number,217.705,Millions,NUMBER,Number (real number),1937,France,187,3751969,198.079,19.626000000000005
NUMBER,Number,201.798,Millions,NUMBER,Number (real number),1938,France,188,3755844,217.705,-15.90700000000001
NUMBER,Number,194.617,Millions,NUMBER,Number (real number),1939,France,189,3759721,201.798,-7.181000000000012
NUMBER,Number,137.737,Millions,NUMBER,Number (real number),1940,France,190,3763600,194.617,-56.879999999999995
NUMBER,Number,119.927,Millions,NUMBER,Number (real number),1941,France,191,3767481,137.737,-17.809999999999988
NUMBER,Number,122.496,Millions,NUMBER,Number (real number),1942,France,192,3771364,119.927,2.5689999999999884
NUMBER,Number,125.246,Millions,NUMBER,Number (real number),1943,France,193,3775249,122.496,2.75
NUMBER,Number,79.986,Millions,NUMBER,Number (real number),1944,France,194,3779136,125.246,-45.25999999999999
NUMBER,Number,107.166,Millions,NUMBER,Number (real number),1945,France,195,3783025,79.986,27.179999999999993
NUMBER,Number,165.245,Millions,NUMBER,Number (real number),1946,France,196,3786916,107.166,58.07900000000001
NUMBER,Number,183.624,Millions,NUMBER,Number (real number),1947,France,197,3790809,165.245,18.37899999999999
NUMBER,Number,196.501,Millions,NUMBER,Number (real number),1948,France,198,3794704,183.624,12.87700000000001
NUMBER,Number,229.051,Millions,NUMBER,Number (real number),1949,France,199,3798601,196.501,32.54999999999998
NUMBER,Number,202.279,Millions,NUMBER,Number (real number),1950,France,200,3802500,229.051,-26.77199999999999
NUMBER,Number,228.729,Millions,NUMBER,Number (real number),1951,France,201,3806401,202.279,26.450000000000017
NUMBER,Number,226.986,Millions,NUMBER,Number (real number),1952,France,202,3810304,228.729,-1.7430000000000234
NUMBER,Number,214.548,Millions,NUMBER,Number (real number),1953,France,203,3814209,226.986,-12.437999999999988
NUMBER,Number,226.352,Millions,NUMBER,Number (real number),1954,France,204,3818116,214.548,11.804000000000002
NUMBER,Number,238.982,Millions,NUMBER,Number (real number),1955,France,205,3822025,226.352,12.629999999999995
NUMBER,Number,268.499,Millions,NUMBER,Number (real number),1956,France,206,3825936,238.982,29.517000000000024
NUMBER,Number,277.497,Millions,NUMBER,Number (real number),1957,France,207,3829849,268.499,8.99799999999999
NUMBER,Number,266.154,Millions,NUMBER,Number (real number),1958,France,208,3833764,277.497,-11.343000000000018
NUMBER,Number,261.89,Millions,NUMBER,Number (real number),1959,France,209,3837681,266.154,-4.26400000000001
NUMBER,Number,296.602,Millions,NUMBER,Number (real number),1960,France,210,3841600,261.89,34.71199999999999
NUMBER,Number,316.22,Millions,NUMBER,Number (real number),1961,France,211,3845521,296.602,19.618000000000052
NUMBER,Number,333.477,Millions,NUMBER,Number (real number),1962,France,212,3849444,316.22,17.256999999999948
NUMBER,Number,338.582,Millions,NUMBER,Number (real number),1963,France,213,3853369,333.477,5.105000000000018
NUMBER,Number,369.54,Millions,NUMBER,Number (real number),1964,France,214,3857296,338.582,30.958000000000027
NUMBER,Number,364.23,Millions,NUMBER,Number (real number),1965,France,215,3861225,369.54,-5.310000000000002
NUMBER,Number,381.139,Millions,NUMBER,Number (real number),1966,France,216,3865156,364.23,16.908999999999992
NUMBER,Number,405.496,Millions,NUMBER,Number (real number),1967,France,217,3869089,381.139,24.35699999999997
NUMBER,Number,419.073,Millions,NUMBER,Number (real number),1968,France,218,3873024,405.496,13.576999999999998
NUMBER,Number,444.28,Millions,NUMBER,Number (real number),1969,France,219,3876961,419.073,25.206999999999994
NUMBER,Number,461.338,Millions,NUMBER,Number (real number),1970,France,220,3880900,444.28,17.05800000000005
NUMBER,Number,494.427,Millions,NUMBER,Number (real number),1971,France,221,3884841,461.338,33.089
NUMBER,Number,514.988,Millions,NUMBER,Number (real number),1972,France,222,3888784,494.427,20.561000000000035
NUMBER,Number,539.772,Millions,NUMBER,Number (real number),1973,France,223,3892729,514.988,24.783999999999992
NUMBER,Number,521.906,Millions,NUMBER,Number (real number),1974,France,224,3896676,539.772,-17.8660000000001
NUMBER,Number,483.272,Millions,NUMBER,Number (real number),1975,France,225,3900625,521.906,-38.63399999999996
NUMBER,Number,524.455,Millions,NUMBER,Number (real number),1976,France,226,3904576,483.272,41.18300000000005
NUMBER,Number,508.119,Millions,NUMBER,Number (real number),1977,France,227,3908529,524.455,-16.336000000000013
NUMBER,Number,529.908,Millions,NUMBER,Number (real number),1978,France,228,3912484,508.119,21.788999999999987
NUMBER,Number,533.254,Millions,NUMBER,Number (real number),1979,France,229,3916441,529.908,3.3460000000000036
NUMBER,Number,512.218,Millions,NUMBER,Number (real number),1980,France,230,3920400,533.254,-21.036000000000058
NUMBER,Number,460.491,Millions,NUMBER,Number (real number),1981,France,231,3924361,512.218,-51.726999999999975
NUMBER,Number,441.564,Millions,NUMBER,Number (real number),1982,France,232,3928324,460.491,-18.926999999999964
NUMBER,Number,424.455,Millions,NUMBER,Number (real number),1983,France,233,3932289,441.564,-17.109000000000037
NUMBER,Number,413.169,Millions,NUMBER,Number (real number),1984,France,234,3936256,424.455,-11.286000000000001
NUMBER,Number,406.314,Millions,NUMBER,Number (real number),1985,France,235,3940225,413.169,-6.854999999999961
NUMBER,Number,391.448,Millions,NUMBER,Number (real number),1986,France,236,3944196,406.314,-14.866000000000042
NUMBER,Number,388.852,Millions,NUMBER,Number (real number),1987,France,237,3948169,391.448,-2.5960000000000036
NUMBER,Number,386.506,Millions,NUMBER,Number (real number),1988,France,238,3952144,388.852,-2.3460000000000036
NUMBER,Number,400.329,Millions,NUMBER,Number (real number),1989,France,239,3956121,386.506,13.823000000000036
NUMBER,Number,393.717,Millions,NUMBER,Number (real number),1990,France,240,3960100,400.329,-6.612000000000023
NUMBER,Number,417.859,Millions,NUMBER,Number (real number),1991,France,241,3964081,393.717,24.141999999999996
NUMBER,Number,407.316,Millions,NUMBER,Number (real number),1992,France,242,3968064,417.859,-10.543000000000006
NUMBER,Number,387.699,Millions,NUMBER,Number (real number),1993,France,243,3972049,407.316,-19.616999999999962
NUMBER,Number,380.793,Millions,NUMBER,Number (real number),1994,France,244,3976036,387.699,-6.906000000000006
NUMBER,Number,385.81,Millions,NUMBER,Number (real number),1995,France,245,3980025,380.793,5.016999999999996
NUMBER,Number,402.156,Millions,NUMBER,Number (real number),1996,France,246,3984016,385.81,16.346000000000004
NUMBER,Number,394.845,Millions,NUMBER,Number (real number),1997,France,247,3988009,402.156,-7.310999999999979
NUMBER,Number,413.259,Millions,NUMBER,Number (real number),1998,France,248,3992004,394.845,18.413999999999987
NUMBER,Number,412.021,Millions,NUMBER,Number (real number),1999,France,249,3996001,413.259,-1.2379999999999995
NUMBER,Number,406.139,Millions,NUMBER,Number (real number),2000,France,250,4000000,412.021,-5.882000000000005
NUMBER,Number,410.445,Millions,NUMBER,Number (real number),2001,France,251,4004001,406.139,4.305999999999983
NUMBER,Number,405.947,Millions,NUMBER,Number (real number),2002,France,252,4008004,410.445,-4.4979999999999905
NUMBER,Number,411.965,Millions,NUMBER,Number (real number),2003,France,253,4012009,405.947,6.017999999999972
NUMBER,Number,413.379,Millions,NUMBER,Number (real number),2004,France,254,4016016,411.965,1.414000000000044
NUMBER,Number,415.795,Millions,NUMBER,Number (real number),2005,France,255,4020025,413.379,2.415999999999997
NUMBER,Number,406.157,Millions,NUMBER,Number (real number),2006,France,256,4024036,415.795,-9.638000000000034
NUMBER,Number,396.01,Millions,NUMBER,Number (real number),2007,France,257,4028049,406.157,-10.146999999999991
NUMBER,Number,389.094,Millions,NUMBER,Number (real number),2008,France,258,4032064,396.01,-6.915999999999997
NUMBER,Number,370.876,Millions,NUMBER,Number (real number),2009,France,259,4036081,389.094,-18.218000000000018
NUMBER,Number,376.457,Millions,NUMBER,Number (real number),2010,France,260,4040100,370.876,5.581000000000017
NUMBER,Number,354.375,Millions,NUMBER,Number (real number),2011,France,261,4044121,376.457,-22.081999999999994
NUMBER,Number,356.439,Millions,NUMBER,Number (real number),2012,France,262,4048144,354.375,2.0640000000000214
NUMBER,Number,358.703,Millions,NUMBER,Number (real number),2013,France,263,4052169,356.439,2.263999999999953
NUMBER,Number,326.842,Millions,NUMBER,Number (real number),2014,France,264,4056196,358.703,-31.86099999999999
NUMBER,Number,331.49,Millions,NUMBER,Number (real number),2015,France,265,4060225,326.842,4.648000000000025
NUMBER,Number,334.2,Millions,NUMBER,Number (real number),2016,France,266,4064256,331.49,2.7099999999999795
NUMBER,Number,337.101,Millions,NUMBER,Number (real number),2017,France,267,4068289,334.2,2.9010000000000105
NUMBER,Number,321.94,Millions,NUMBER,Number (real number),2018,France,268,4072324,337.101,-15.161000000000001
NUMBER,Number,315.015,Millions,NUMBER,Number (real number),2019,France,269,4076361,321.94,-6.925000000000011
NUMBER,Number,280.49,Millions,NUMBER,Number (real number),2020,France,270,4080400,315.015,-34.52499999999998
NUMBER,Number,305.607,Millions,NUMBER,Number (real number),2021,France,271,4084441,280.49,25.11700000000002
NUMBER,Number,293.502,Millions,NUMBER,Number (real number),2022,France,272,4088484,305.607,-12.105000000000018
NUMBER,Number,272.476,Millions,NUMBER,Number (real number),2023,France,273,4092529,293.502,-21.02600000000001
NUMBER,Number,0.044,Millions,NUMBER,Number (real number),1956,French Polynesia,206,3825936,0.044,0.0
NUMBER,Number,0.051,Millions,NUMBER,Number (real number),1957,French Polynesia,207,3829849,0.044,0.006999999999999999
NUMBER,Number,0.051,Millions,NUMBER,Number (real number),1958,French Polynesia,208,3833764,0.051,0.0
NUMBER,Number,0.029,Millions,NUMBER,Number (real number),1959,French Polynesia,209,3837681,0.051,-0.021999999999999995
NUMBER,Number,0.037,Millions,NUMBER,Number (real number),1960,French Polynesia,210,3841600,0.029,0.007999999999999997
NUMBER,Number,0.059,Millions,NUMBER,Number (real number),1961,French Polynesia,211,3845521,0.037,0.022
NUMBER,Number,0.048,Millions,NUMBER,Number (real number),1962,French Polynesia,212,3849444,0.059,-0.010999999999999996
NUMBER,Number,0.066,Millions,NUMBER,Number (real number),1963,French Polynesia,213,3853369,0.048,0.018000000000000002
NUMBER,Number,0.066,Millions,NUMBER,Number (real number),1964,French Polynesia,214,3857296,0.066,0.0
NUMBER,Number,0.084,Millions,NUMBER,Number (real number),1965,French Polynesia,215,3861225,0.066,0.018000000000000002
NUMBER,Number,0.121,Millions,NUMBER,Number (real number),1966,French Polynesia,216,3865156,0.084,0.03699999999999999
NUMBER,Number,0.139,Millions,NUMBER,Number (real number),1967,French Polynesia,217,3869089,0.121,0.018000000000000016
NUMBER,Number,0.154,Millions,NUMBER,Number (real number),1968,French Polynesia,218,3873024,0.139,0.014999999999999986
NUMBER,Number,0.161,Millions,NUMBER,Number (real number),1969,French Polynesia,219,3876961,0.154,0.007000000000000006
NUMBER,Number,0.194,Millions,NUMBER,Number (real number),1970,French Polynesia,220,3880900,0.161,0.033
NUMBER,Number,0.227,Millions,NUMBER,Number (real number),1971,French Polynesia,221,3884841,0.194,0.033
NUMBER,Number,0.216,Millions,NUMBER,Number (real number),1972,French Polynesia,222,3888784,0.227,-0.01100000000000001
NUMBER,Number,0.209,Millions,NUMBER,Number (real number),1973,French Polynesia,223,3892729,0.216,-0.007000000000000006
NUMBER,Number,0.216,Millions,NUMBER,Number (real number),1974,French Polynesia,224,3896676,0.209,0.007000000000000006
NUMBER,Number,0.213,Millions,NUMBER,Number (real number),1975,French Polynesia,225,3900625,0.216,-0.0030000000000000027
NUMBER,Number,0.264,Millions,NUMBER,Number (real number),1976,French Polynesia,226,3904576,0.213,0.05100000000000002
NUMBER,Number,0.275,Millions,NUMBER,Number (real number),1977,French Polynesia,227,3908529,0.264,0.01100000000000001
NUMBER,Number,0.311,Millions,NUMBER,Number (real number),1978,French Polynesia,228,3912484,0.275,0.035999999999999976
NUMBER,Number,0.282,Millions,NUMBER,Number (real number),1979,French Polynesia,229,3916441,0.311,-0.029000000000000026
NUMBER,Number,0.293,Millions,NUMBER,Number (real number),1980,French Polynesia,230,3920400,0.282,0.01100000000000001
NUMBER,Number,0.33,Millions,NUMBER,Number (real number),1981,French Polynesia,231,3924361,0.293,0.03700000000000003
NUMBER,Number,0.337,Millions,NUMBER,Number (real number),1982,French Polynesia,232,3928324,0.33,0.007000000000000006
NUMBER,Number,0.421,Millions,NUMBER,Number (real number),1983,French Polynesia,233,3932289,0.337,0.08399999999999996
NUMBER,Number,0.462,Millions,NUMBER,Number (real number),1984,French Polynesia,234,3936256,0.421,0.041000000000000036
NUMBER,Number,0.59,Millions,NUMBER,Number (real number),1985,French Polynesia,235,3940225,0.462,0.12799999999999995
NUMBER,Number,0.608,Millions,NUMBER,Number (real number),1986,French Polynesia,236,3944196,0.59,0.018000000000000016
NUMBER,Number,0.612,Millions,NUMBER,Number (real number),1987,French Polynesia,237,3948169,0.608,0.0040000000000000036
NUMBER,Number,0.575,Millions,NUMBER,Number (real number),1988,French Polynesia,238,3952144,0.612,-0.03700000000000003
NUMBER,Number,0.542,Millions,NUMBER,Number (real number),1989,French Polynesia,239,3956121,0.575,-0.03299999999999992
NUMBER,Number,0.469,Millions,NUMBER,Number (real number),1990,French Polynesia,240,3960100,0.542,-0.07300000000000006
NUMBER,Number,0.469,Millions,NUMBER,Number (real number),1991,French Polynesia,241,3964081,0.469,0.0
NUMBER,Number,0.447,Millions,NUMBER,Number (real number),1992,French Polynesia,242,3968064,0.469,-0.021999999999999964
NUMBER,Number,0.469,Millions,NUMBER,Number (real number),1993,French Polynesia,243,3972049,0.447,0.021999999999999964
NUMBER,Number,0.48,Millions,NUMBER,Number (real number),1994,French Polynesia,244,3976036,0.469,0.01100000000000001
NUMBER,Number,0.473,Millions,NUMBER,Number (real number),1995,French Polynesia,245,3980025,0.48,-0.007000000000000006
NUMBER,Number,0.469,Millions,NUMBER,Number (real number),1996,French Polynesia,246,3984016,0.473,-0.0040000000000000036
NUMBER,Number,0.491,Millions,NUMBER,Number (real number),1997,French Polynesia,247,3988009,0.469,0.02200000000000002
NUMBER,Number,0.487,Millions,NUMBER,Number (real number),1998,French Polynesia,248,3992004,0.491,-0.0040000000000000036
NUMBER,Number,0.539,Millions,NUMBER,Number (real number),1999,French Polynesia,249,3996001,0.487,0.052000000000000046
NUMBER,Number,0.612,Millions,NUMBER,Number (real number),2000,French Polynesia,250,4000000,0.539,0.07299999999999995
NUMBER,Number,0.725,Millions,NUMBER,Number (real number),2001,French Polynesia,251,4004001,0.612,0.11299999999999999
NUMBER,Number,0.725,Millions,NUMBER,Number (real number),2002,French Polynesia,252,4008004,0.725,0.0
NUMBER,Number,0.78,Millions,NUMBER,Number (real number),2003,French Polynesia,253,4012009,0.725,0.05500000000000005
NUMBER,Number,0.769,Millions,NUMBER,Number (real number),2004,French Polynesia,254,4016016,0.78,-0.01100000000000001
NUMBER,Number,0.828,Millions,NUMBER,Number (real number),2005,French Polynesia,255,4020025,0.769,0.05899999999999994
NUMBER,Number,0.821,Millions,NUMBER,Number (real number),2006,French Polynesia,256,4024036,0.828,-0.007000000000000006
NUMBER,Number,0.813,Millions,NUMBER,Number (real number),2007,French Polynesia,257,4028049,0.821,-0.008000000000000007
NUMBER,Number,0.835,Millions,NUMBER,Number (real number),2008,French Polynesia,258,4032064,0.813,0.02200000000000002
NUMBER,Number,0.839,Millions,NUMBER,Number (real number),2009,French Polynesia,259,4036081,0.835,0.0040000000000000036
NUMBER,Number,0.923,Millions,NUMBER,Number (real number),2010,French Polynesia,260,4040100,0.839,0.08400000000000007
NUMBER,Number,0.887,Millions,NUMBER,Number (real number),2011,French Polynesia,261,4044121,0.923,-0.03600000000000003
NUMBER,Number,0.876,Millions,NUMBER,Number (real number),2012,French Polynesia,262,4048144,0.887,-0.01100000000000001
NUMBER,Number,0.879,Millions,NUMBER,Number (real number),2013,French Polynesia,263,4052169,0.876,0.0030000000000000027
NUMBER,Number,0.85,Millions,NUMBER,Number (real number),2014,French Polynesia,264,4056196,0.879,-0.029000000000000026
NUMBER,Number,0.846,Millions,NUMBER,Number (real number),2015,French Polynesia,265,4060225,0.85,-0.0040000000000000036
NUMBER,Number,0.868,Millions,NUMBER,Number (real number),2016,French Polynesia,266,4064256,0.846,0.02200000000000002
NUMBER,Number,0.872,Millions,NUMBER,Number (real number),2017,French Polynesia,267,4068289,0.868,0.0040000000000000036
NUMBER,Number,0.879,Millions,NUMBER,Number (real number),2018,French Polynesia,268,4072324,0.872,0.007000000000000006
NUMBER,Number,0.89,Millions,NUMBER,Number (real number),2019,French Polynesia,269,4076361,0.879,0.01100000000000001
NUMBER,Number,0.832,Millions,NUMBER,Number (real number),2020,French Polynesia,270,4080400,0.89,-0.05800000000000005
NUMBER,Number,0.876,Millions,NUMBER,Number (real number),2021,French Polynesia,271,4084441,0.832,0.04400000000000004
NUMBER,Number,0.897,Millions,NUMBER,Number (real number),2022,French Polynesia,272,4088484,0.876,0.02100000000000002
NUMBER,Number,0.916,Millions,NUMBER,Number (real number),2023,French Polynesia,273,4092529,0.897,0.019000000000000017
NUMBER,Number,0.014,Millions,NUMBER,Number (real number),1951,Gabon,201,3806401,0.01,0.004
NUMBER,Number,0.018,Millions,NUMBER,Number (real number),1952,Gabon,202,3810304,0.014,0.003999999999999998
NUMBER,Number,0.015,Millions,NUMBER,Number (real number),1953,Gabon,203,3814209,0.018,-0.002999999999999999
NUMBER,Number,0.016,Millions,NUMBER,Number (real number),1954,Gabon,204,3818116,0.015,0.0010000000000000009
NUMBER,Number,0.016,Millions,NUMBER,Number (real number),1955,Gabon,205,3822025,0.016,0.0
NUMBER,Number,0.021,Millions,NUMBER,Number (real number),1956,Gabon,206,3825936,0.016,0.005000000000000001
NUMBER,Number,0.022,Millions,NUMBER,Number (real number),1957,Gabon,207,3829849,0.021,0.0009999999999999974
NUMBER,Number,0.025,Millions,NUMBER,Number (real number),1958,Gabon,208,3833764,0.022,0.0030000000000000027
NUMBER,Number,0.022,Millions,NUMBER,Number (real number),1959,Gabon,209,3837681,0.025,-0.0030000000000000027
NUMBER,Number,0.132,Millions,NUMBER,Number (real number),1960,Gabon,210,3841600,0.022,0.11000000000000001
NUMBER,Number,0.165,Millions,NUMBER,Number (real number),1961,Gabon,211,3845521,0.132,0.033
NUMBER,Number,0.088,Millions,NUMBER,Number (real number),1962,Gabon,212,3849444,0.165,-0.07700000000000001
NUMBER,Number,0.073,Millions,NUMBER,Number (real number),1963,Gabon,213,3853369,0.088,-0.015
NUMBER,Number,0.191,Millions,NUMBER,Number (real number),1964,Gabon,214,3857296,0.073,0.11800000000000001
NUMBER,Number,0.216,Millions,NUMBER,Number (real number),1965,Gabon,215,3861225,0.191,0.024999999999999994
NUMBER,Number,0.381,Millions,NUMBER,Number (real number),1966,Gabon,216,3865156,0.216,0.165
NUMBER,Number,1.011,Millions,NUMBER,Number (real number),1967,Gabon,217,3869089,0.381,0.6299999999999999
NUMBER,Number,1.96,Millions,NUMBER,Number (real number),1968,Gabon,218,3873024,1.011,0.9490000000000001
NUMBER,Number,1.433,Millions,NUMBER,Number (real number),1969,Gabon,219,3876961,1.96,-0.5269999999999999
NUMBER,Number,2.081,Millions,NUMBER,Number (real number),1970,Gabon,220,3880900,1.433,0.6479999999999999
NUMBER,Number,2.843,Millions,NUMBER,Number (real number),1971,Gabon,221,3884841,2.081,0.762
NUMBER,Number,2.737,Millions,NUMBER,Number (real number),1972,Gabon,222,3888784,2.843,-0.10599999999999987
NUMBER,Number,5.309,Millions,NUMBER,Number (real number),1973,Gabon,223,3892729,2.737,2.572
NUMBER,Number,5.448,Millions,NUMBER,Number (real number),1974,Gabon,224,3896676,5.309,0.13900000000000023
NUMBER,Number,5.364,Millions,NUMBER,Number (real number),1975,Gabon,225,3900625,5.448,-0.08400000000000052
NUMBER,Number,5.704,Millions,NUMBER,Number (real number),1976,Gabon,226,3904576,5.364,0.33999999999999986
NUMBER,Number,6.306,Millions,NUMBER,Number (real number),1977,Gabon,227,3908529,5.704,0.6020000000000003
NUMBER,Number,7.555,Millions,NUMBER,Number (real number),1978,Gabon,228,3912484,6.306,1.2489999999999997
NUMBER,Number,6.747,Millions,NUMBER,Number (real number),1979,Gabon,229,3916441,7.555,-0.8079999999999998
NUMBER,Number,6.625,Millions,NUMBER,Number (real number),1980,Gabon,230,3920400,6.747,-0.12199999999999989
NUMBER,Number,6.564,Millions,NUMBER,Number (real number),1981,Gabon,231,3924361,6.625,-0.06099999999999994
NUMBER,Number,6.544,Millions,NUMBER,Number (real number),1982,Gabon,232,3928324,6.564,-0.020000000000000462
NUMBER,Number,5.509,Millions,NUMBER,Number (real number),1983,Gabon,233,3932289,6.544,-1.0349999999999993
NUMBER,Number,5.979,Millions,NUMBER,Number (real number),1984,Gabon,234,3936256,5.509,0.46999999999999975
NUMBER,Number,6.299,Millions,NUMBER,Number (real number),1985,Gabon,235,3940225,5.979,0.3200000000000003
NUMBER,Number,4.951,Millions,NUMBER,Number (real number),1986,Gabon,236,3944196,6.299,-1.3480000000000008
NUMBER,Number,4.009,Millions,NUMBER,Number (real number),1987,Gabon,237,3948169,4.951,-0.9419999999999993
NUMBER,Number,4.321,Millions,NUMBER,Number (real number),1988,Gabon,238,3952144,4.009,0.3119999999999994
NUMBER,Number,5.757,Millions,NUMBER,Number (real number),1989,Gabon,239,3956121,4.321,1.436
NUMBER,Number,4.485,Millions,NUMBER,Number (real number),1990,Gabon,240,3960100,5.757,-1.2719999999999994
NUMBER,Number,4.522,Millions,NUMBER,Number (real number),1991,Gabon,241,3964081,4.485,0.03699999999999992
NUMBER,Number,4.917,Millions,NUMBER,Number (real number),1992,Gabon,242,3968064,4.522,0.3949999999999996
NUMBER,Number,4.975,Millions,NUMBER,Number (real number),1993,Gabon,243,3972049,4.917,0.05799999999999983
NUMBER,Number,4.542,Millions,NUMBER,Number (real number),1994,Gabon,244,3976036,4.975,-0.43299999999999983
NUMBER,Number,5.22,Millions,NUMBER,Number (real number),1995,Gabon,245,3980025,4.542,0.6779999999999999
NUMBER,Number,5.886,Millions,NUMBER,Number (real number),1996,Gabon,246,3984016,5.22,0.6660000000000004
NUMBER,Number,5.527,Millions,NUMBER,Number (real number),1997,Gabon,247,3988009,5.886,-0.359
NUMBER,Number,6.453,Millions,NUMBER,Number (real number),1998,Gabon,248,3992004,5.527,0.9260000000000002
NUMBER,Number,6.014,Millions,NUMBER,Number (real number),1999,Gabon,249,3996001,6.453,-0.43900000000000006
NUMBER,Number,6.128,Millions,NUMBER,Number (real number),2000,Gabon,250,4000000,6.014,0.11399999999999988
NUMBER,Number,6.48,Millions,NUMBER,Number (real number),2001,Gabon,251,4004001,6.128,0.3520000000000003
NUMBER,Number,6.25,Millions,NUMBER,Number (real number),2002,Gabon,252,4008004,6.48,-0.23000000000000043
NUMBER,Number,6.746,Millions,NUMBER,Number (real number),2003,Gabon,253,4012009,6.25,0.49600000000000044
NUMBER,Number,6.386,Millions,NUMBER,Number (real number),2004,Gabon,254,4016016,6.746,-0.3600000000000003
NUMBER,Number,6.223,Millions,NUMBER,Number (real number),2005,Gabon,255,4020025,6.386,-0.16300000000000026
NUMBER,Number,5.543,Millions,NUMBER,Number (real number),2006,Gabon,256,4024036,6.223,-0.6799999999999997
NUMBER,Number,5.038,Millions,NUMBER,Number (real number),2007,Gabon,257,4028049,5.543,-0.5049999999999999
NUMBER,Number,5.379,Millions,NUMBER,Number (real number),2008,Gabon,258,4032064,5.038,0.3409999999999993
NUMBER,Number,5.304,Millions,NUMBER,Number (real number),2009,Gabon,259,4036081,5.379,-0.07499999999999929
NUMBER,Number,5.836,Millions,NUMBER,Number (real number),2010,Gabon,260,4040100,5.304,0.532
NUMBER,Number,5.828,Millions,NUMBER,Number (real number),2011,Gabon,261,4044121,5.836,-0.008000000000000007
NUMBER,Number,5.63,Millions,NUMBER,Number (real number),2012,Gabon,262,4048144,5.828,-0.1980000000000004
NUMBER,Number,5.927,Millions,NUMBER,Number (real number),2013,Gabon,263,4052169,5.63,0.2969999999999997
NUMBER,Number,6.369,Millions,NUMBER,Number (real number),2014,Gabon,264,4056196,5.927,0.44200000000000017
NUMBER,Number,6.476,Millions,NUMBER,Number (real number),2015,Gabon,265,4060225,6.369,0.1070000000000002
NUMBER,Number,6.522,Millions,NUMBER,Number (real number),2016,Gabon,266,4064256,6.476,0.04600000000000026
NUMBER,Number,5.495,Millions,NUMBER,Number (real number),2017,Gabon,267,4068289,6.522,-1.0270000000000001
NUMBER,Number,5.567,Millions,NUMBER,Number (real number),2018,Gabon,268,4072324,5.495,0.07200000000000006
NUMBER,Number,5.331,Millions,NUMBER,Number (real number),2019,Gabon,269,4076361,5.567,-0.23599999999999977
NUMBER,Number,5.625,Millions,NUMBER,Number (real number),2020,Gabon,270,4080400,5.331,0.2939999999999996
NUMBER,Number,5.531,Millions,NUMBER,Number (real number),2021,Gabon,271,4084441,5.625,-0.0940000000000003
NUMBER,Number,5.835,Millions,NUMBER,Number (real number),2022,Gabon,272,4088484,5.531,0.30400000000000027
NUMBER,Number,5.411,Millions,NUMBER,Number (real number),2023,Gabon,273,4092529,5.835,-0.4240000000000004
NUMBER,Number,0.015,Millions,NUMBER,Number (real number),1951,"Gambia, The",201,3806401,0.015,0.0
NUMBER,Number,0.011,Millions,NUMBER,Number (real number),1952,"Gambia, The",202,3810304,0.015,-0.004
NUMBER,Number,0.011,Millions,NUMBER,Number (real number),1953,"Gambia, The",203,3814209,0.011,0.0
NUMBER,Number,0.015,Millions,NUMBER,Number (real number),1954,"Gambia, The",204,3818116,0.011,0.004
NUMBER,Number,0.015,Millions,NUMBER,Number (real number),1955,"Gambia, The",205,3822025,0.015,0.0
NUMBER,Number,0.018,Millions,NUMBER,Number (real number),1956,"Gambia, The",206,3825936,0.015,0.002999999999999999
NUMBER,Number,0.022,Millions,NUMBER,Number (real number),1957,"Gambia, The",207,3829849,0.018,0.004
NUMBER,Number,0.026,Millions,NUMBER,Number (real number),1958,"Gambia, The",208,3833764,0.022,0.004
NUMBER,Number,0.018,Millions,NUMBER,Number (real number),1959,"Gambia, The",209,3837681,0.026,-0.008
NUMBER,Number,0.018,Millions,NUMBER,Number (real number),1960,"Gambia, The",210,3841600,0.018,0.0
NUMBER,Number,0.022,Millions,NUMBER,Number (real number),1961,"Gambia, The",211,3845521,0.018,0.004
NUMBER,Number,0.026,Millions,NUMBER,Number (real number),1962,"Gambia, The",212,3849444,0.022,0.004
NUMBER,Number,0.029,Millions,NUMBER,Number (real number),1963,"Gambia, The",213,3853369,0.026,0.0030000000000000027
NUMBER,Number,0.029,Millions,NUMBER,Number (real number),1964,"Gambia, The",214,3857296,0.029,0.0
NUMBER,Number,0.029,Millions,NUMBER,Number (real number),1965,"Gambia, The",215,3861225,0.029,0.0
NUMBER,Number,0.033,Millions,NUMBER,Number (real number),1966,"Gambia, The",216,3865156,0.029,0.004
NUMBER,Number,0.033,Millions,NUMBER,Number (real number),1967,"Gambia, The",217,3869089,0.033,0.0
NUMBER,Number,0.037,Millions,NUMBER,Number (real number),1968,"Gambia, The",218,3873024,0.033,0.003999999999999997
NUMBER,Number,0.048,Millions,NUMBER,Number (real number),1969,"Gambia, The",219,3876961,0.037,0.011000000000000003
NUMBER,Number,0.048,Millions,NUMBER,Number (real number),1970,"Gambia, The",220,3880900,0.048,0.0
NUMBER,Number,0.055,Millions,NUMBER,Number (real number),1971,"Gambia, The",221,3884841,0.048,0.006999999999999999
NUMBER,Number,0.066,Millions,NUMBER,Number (real number),1972,"Gambia, The",222,3888784,0.055,0.011000000000000003
NUMBER,Number,0.062,Millions,NUMBER,Number (real number),1973,"Gambia, The",223,3892729,0.066,-0.0040000000000000036
NUMBER,Number,0.062,Millions,NUMBER,Number (real number),1974,"Gambia, The",224,3896676,0.062,0.0
NUMBER,Number,0.099,Millions,NUMBER,Number (real number),1975,"Gambia, The",225,3900625,0.062,0.037000000000000005
NUMBER,Number,0.099,Millions,NUMBER,Number (real number),1976,"Gambia, The",226,3904576,0.099,0.0
NUMBER,Number,0.114,Millions,NUMBER,Number (real number),1977,"Gambia, The",227,3908529,0.099,0.015
NUMBER,Number,0.139,Millions,NUMBER,Number (real number),1978,"Gambia, The",228,3912484,0.114,0.02500000000000001
NUMBER,Number,0.147,Millions,NUMBER,Number (real number),1979,"Gambia, The",229,3916441,0.139,0.00799999999999998
NUMBER,Number,0.158,Millions,NUMBER,Number (real number),1980,"Gambia, The",230,3920400,0.147,0.01100000000000001
NUMBER,Number,0.158,Millions,NUMBER,Number (real number),1981,"Gambia, The",231,3924361,0.158,0.0
NUMBER,Number,0.161,Millions,NUMBER,Number (real number),1982,"Gambia, The",232,3928324,0.158,0.0030000000000000027
NUMBER,Number,0.161,Millions,NUMBER,Number (real number),1983,"Gambia, The",233,3932289,0.161,0.0
NUMBER,Number,0.172,Millions,NUMBER,Number (real number),1984,"Gambia, The",234,3936256,0.161,0.010999999999999982
NUMBER,Number,0.172,Millions,NUMBER,Number (real number),1985,"Gambia, The",235,3940225,0.172,0.0
NUMBER,Number,0.161,Millions,NUMBER,Number (real number),1986,"Gambia, The",236,3944196,0.172,-0.010999999999999982
NUMBER,Number,0.18,Millions,NUMBER,Number (real number),1987,"Gambia, The",237,3948169,0.161,0.01899999999999999
NUMBER,Number,0.183,Millions,NUMBER,Number (real number),1988,"Gambia, The",238,3952144,0.18,0.0030000000000000027
NUMBER,Number,0.18,Millions,NUMBER,Number (real number),1989,"Gambia, The",239,3956121,0.183,-0.0030000000000000027
NUMBER,Number,0.198,Millions,NUMBER,Number (real number),1990,"Gambia, The",240,3960100,0.18,0.018000000000000016
NUMBER,Number,0.198,Millions,NUMBER,Number (real number),1991,"Gambia, The",241,3964081,0.198,0.0
NUMBER,Number,0.198,Millions,NUMBER,Number (real number),1992,"Gambia, The",242,3968064,0.198,0.0
NUMBER,Number,0.209,Millions,NUMBER,Number (real number),1993,"Gambia, The",243,3972049,0.198,0.010999999999999982
NUMBER,Number,0.209,Millions,NUMBER,Number (real number),1994,"Gambia, The",244,3976036,0.209,0.0
NUMBER,Number,0.216,Millions,NUMBER,Number (real number),1995,"Gambia, The",245,3980025,0.209,0.007000000000000006
NUMBER,Number,0.22,Millions,NUMBER,Number (real number),1996,"Gambia, The",246,3984016,0.216,0.0040000000000000036
NUMBER,Number,0.224,Millions,NUMBER,Number (real number),1997,"Gambia, The",247,3988009,0.22,0.0040000000000000036
NUMBER,Number,0.242,Millions,NUMBER,Number (real number),1998,"Gambia, The",248,3992004,0.224,0.017999999999999988
NUMBER,Number,0.275,Millions,NUMBER,Number (real number),1999,"Gambia, The",249,3996001,0.242,0.03300000000000003
NUMBER,Number,0.275,Millions,NUMBER,Number (real number),2000,"Gambia, The",250,4000000,0.275,0.0
NUMBER,Number,0.3,Millions,NUMBER,Number (real number),2001,"Gambia, The",251,4004001,0.275,0.024999999999999967
NUMBER,Number,0.297,Millions,NUMBER,Number (real number),2002,"Gambia, The",252,4008004,0.3,-0.0030000000000000027
NUMBER,Number,0.297,Millions,NUMBER,Number (real number),2003,"Gambia, The",253,4012009,0.297,0.0
NUMBER,Number,0.319,Millions,NUMBER,Number (real number),2004,"Gambia, The",254,4016016,0.297,0.02200000000000002
NUMBER,Number,0.322,Millions,NUMBER,Number (real number),2005,"Gambia, The",255,4020025,0.319,0.0030000000000000027
NUMBER,Number,0.348,Millions,NUMBER,Number (real number),2006,"Gambia, The",256,4024036,0.322,0.025999999999999968
NUMBER,Number,0.348,Millions,NUMBER,Number (real number),2007,"Gambia, The",257,4028049,0.348,0.0
NUMBER,Number,0.363,Millions,NUMBER,Number (real number),2008,"Gambia, The",258,4032064,0.348,0.015000000000000013
NUMBER,Number,0.374,Millions,NUMBER,Number (real number),2009,"Gambia, The",259,4036081,0.363,0.01100000000000001
NUMBER,Number,0.425,Millions,NUMBER,Number (real number),2010,"Gambia, The",260,4040100,0.374,0.05099999999999999
NUMBER,Number,0.443,Millions,NUMBER,Number (real number),2011,"Gambia, The",261,4044121,0.425,0.018000000000000016
NUMBER,Number,0.447,Millions,NUMBER,Number (real number),2012,"Gambia, The",262,4048144,0.443,0.0040000000000000036
NUMBER,Number,0.425,Millions,NUMBER,Number (real number),2013,"Gambia, The",263,4052169,0.447,-0.02200000000000002
NUMBER,Number,0.506,Millions,NUMBER,Number (real number),2014,"Gambia, The",264,4056196,0.425,0.08100000000000002
NUMBER,Number,0.583,Millions,NUMBER,Number (real number),2015,"Gambia, The",265,4060225,0.506,0.07699999999999996
NUMBER,Number,0.59,Millions,NUMBER,Number (real number),2016,"Gambia, The",266,4064256,0.583,0.007000000000000006
NUMBER,Number,0.594,Millions,NUMBER,Number (real number),2017,"Gambia, The",267,4068289,0.59,0.0040000000000000036
NUMBER,Number,0.649,Millions,NUMBER,Number (real number),2018,"Gambia, The",268,4072324,0.594,0.05500000000000005
NUMBER,Number,0.711,Millions,NUMBER,Number (real number),2019,"Gambia, The",269,4076361,0.649,0.061999999999999944
NUMBER,Number,0.7,Millions,NUMBER,Number (real number),2020,"Gambia, The",270,4080400,0.711,-0.01100000000000001
NUMBER,Number,0.725,Millions,NUMBER,Number (real number),2021,"Gambia, The",271,4084441,0.7,0.025000000000000022
NUMBER,Number,0.737,Millions,NUMBER,Number (real number),2022,"Gambia, The",272,4088484,0.725,0.01200000000000001
NUMBER,Number,0.711,Millions,NUMBER,Number (real number),2023,"Gambia, The",273,4092529,0.737,-0.026000000000000023
NUMBER,Number,0.0,Millions,NUMBER,Number (real number),1831,Georgia,81,3352561,0.0,0.0
NUMBER,Number,0.0,Millions,NUMBER,Number (real number),1832,Georgia,82,3356224,0.0,0.0
NUMBER,Number,0.0,Millions,NUMBER,Number (real number),1833,Georgia,83,3359889,0.0,0.0
NUMBER,Number,0.0,Millions,NUMBER,Number (real number),1850,Georgia,100,3422500,0.0,0.0
NUMBER,Number,0.001,Millions,NUMBER,Number (real number),1855,Georgia,105,3441025,0.0,0.001
NUMBER,Number,0.002,Millions,NUMBER,Number (real number),1858,Georgia,108,3452164,0.001,0.001
NUMBER,Number,0.002,Millions,NUMBER,Number (real number),1859,Georgia,109,3455881,0.002,0.0
NUMBER,Number,0.003,Millions,NUMBER,Number (real number),1860,Georgia,110,3459600,0.002,0.001
NUMBER,Number,0.004,Millions,NUMBER,Number (real number),1861,Georgia,111,3463321,0.003,0.001
NUMBER,Number,0.003,Millions,NUMBER,Number (real number),1862,Georgia,112,3467044,0.004,-0.001
NUMBER,Number,0.003,Millions,NUMBER,Number (real number),1863,Georgia,113,3470769,0.003,0.0
NUMBER,Number,0.004,Millions,NUMBER,Number (real number),1864,Georgia,114,3474496,0.003,0.001
NUMBER,Number,0.004,Millions,NUMBER,Number (real number),1865,Georgia,115,3478225,0.004,0.0
NUMBER,Number,0.011,Millions,NUMBER,Number (real number),1866,Georgia,116,3481956,0.004,0.006999999999999999
NUMBER,Number,0.013,Millions,NUMBER,Number (real number),1867,Georgia,117,3485689,0.011,0.002
NUMBER,Number,0.011,Millions,NUMBER,Number (real number),1868,Georgia,118,3489424,0.013,-0.002
NUMBER,Number,0.015,Millions,NUMBER,Number (real number),1869,Georgia,119,3493161,0.011,0.004
NUMBER,Number,0.016,Millions,NUMBER,Number (real number),1870,Georgia,120,3496900,0.015,0.0010000000000000009
NUMBER,Number,0.021,Millions,NUMBER,Number (real number),1871,Georgia,121,3500641,0.016,0.005000000000000001
NUMBER,Number,0.022,Millions,NUMBER,Number (real number),1872,Georgia,122,3504384,0.021,0.0009999999999999974
NUMBER,Number,0.021,Millions,NUMBER,Number (real number),1873,Georgia,123,3508129,0.022,-0.0009999999999999974
NUMBER,Number,0.025,Millions,NUMBER,Number (real number),1874,Georgia,124,3511876,0.021,0.004
NUMBER,Number,0.029,Millions,NUMBER,Number (real number),1875,Georgia,125,3515625,0.025,0.004
NUMBER,Number,0.036,Millions,NUMBER,Number (real number),1876,Georgia,126,3519376,0.029,0.006999999999999996
NUMBER,Number,0.037,Millions,NUMBER,Number (real number),1877,Georgia,127,3523129,0.036,0.0010000000000000009
NUMBER,Number,0.048,Millions,NUMBER,Number (real number),1878,Georgia,128,3526884,0.037,0.011000000000000003
NUMBER,Number,0.049,Millions,NUMBER,Number (real number),1879,Georgia,129,3530641,0.048,0.0010000000000000009
NUMBER,Number,0.058,Millions,NUMBER,Number (real number),1880,Georgia,130,3534400,0.049,0.009000000000000001
NUMBER,Number,0.061,Millions,NUMBER,Number (real number),1881,Georgia,131,3538161,0.058,0.0029999999999999957
NUMBER,Number,0.064,Millions,NUMBER,Number (real number),1882,Georgia,132,3541924,0.061,0.0030000000000000027
NUMBER,Number,0.073,Millions,NUMBER,Number (real number),1883,Georgia,133,3545689,0.064,0.008999999999999994
NUMBER,Number,0.074,Millions,NUMBER,Number (real number),1884,Georgia,134,3549456,0.073,0.0010000000000000009
NUMBER,Number,0.08,Millions,NUMBER,Number (real number),1885,Georgia,135,3553225,0.074,0.006000000000000005
NUMBER,Number,0.082,Millions,NUMBER,Number (real number),1886,Georgia,136,3556996,0.08,0.0020000000000000018
NUMBER,Number,0.087,Millions,NUMBER,Number (real number),1887,Georgia,137,3560769,0.082,0.0049999999999999906
NUMBER,Number,0.091,Millions,NUMBER,Number (real number),1888,Georgia,138,3564544,0.087,0.0040000000000000036
NUMBER,Number,0.098,Millions,NUMBER,Number (real number),1889,Georgia,139,3568321,0.091,0.007000000000000006
NUMBER,Number,0.111,Millions,NUMBER,Number (real number),1890,Georgia,140,3572100,0.098,0.012999999999999998
NUMBER,Number,0.123,Millions,NUMBER,Number (real number),1891,Georgia,141,3575881,0.111,0.011999999999999997
NUMBER,Number,0.13,Millions,NUMBER,Number (real number),1892,Georgia,142,3579664,0.123,0.007000000000000006
NUMBER,Number,0.152,Millions,NUMBER,Number (real number),1893,Georgia,143,3583449,0.13,0.021999999999999992
NUMBER,Number,0.155,Millions,NUMBER,Number (real number),1894,Georgia,144,3587236,0.152,0.0030000000000000027
NUMBER,Number,0.178,Millions,NUMBER,Number (real number),1895,Georgia,145,3591025,0.155,0.022999999999999993
NUMBER,Number,0.181,Millions,NUMBER,Number (real number),1896,Georgia,146,3594816,0.178,0.0030000000000000027
NUMBER,Number,0.21,Millions,NUMBER,Number (real number),1897,Georgia,147,3598609,0.181,0.028999999999999998
NUMBER,Number,0.235,Millions,NUMBER,Number (real number),1898,Georgia,148,3602404,0.21,0.024999999999999994
NUMBER,Number,0.273,Millions,NUMBER,Number (real number),1899,Georgia,149,3606201,0.235,0.038000000000000034
NUMBER,Number,0.309,Millions,NUMBER,Number (real number),1900,Georgia,150,3610000,0.273,0.035999999999999976
NUMBER,Number,0.317,Millions,NUMBER,Number (real number),1901,Georgia,151,3613801,0.309,0.008000000000000007
NUMBER,Number,0.306,Millions,NUMBER,Number (real number),1902,Georgia,152,3617604,0.317,-0.01100000000000001
NUMBER,Number,0.3,Millions,NUMBER,Number (real number),1903,Georgia,153,3621409,0.306,-0.006000000000000005
NUMBER,Number,0.333,Millions,NUMBER,Number (real number),1904,Georgia,154,3625216,0.3,0.03300000000000003
NUMBER,Number,0.298,Millions,NUMBER,Number (real number),1905,Georgia,155,3629025,0.333,-0.03500000000000003
NUMBER,Number,0.339,Millions,NUMBER,Number (real number),1906,Georgia,156,3632836,0.298,0.041000000000000036
NUMBER,Number,0.38,Millions,NUMBER,Number (real number),1907,Georgia,157,3636649,0.339,0.04099999999999998
NUMBER,Number,0.382,Millions,NUMBER,Number (real number),1908,Georgia,158,3640464,0.38,0.0020000000000000018
NUMBER,Number,0.404,Millions,NUMBER,Number (real number),1909,Georgia,159,3644281,0.382,0.02200000000000002
NUMBER,Number,0.396,Millions,NUMBER,Number (real number),1910,Georgia,160,3648100,0.404,-0.008000000000000007
NUMBER,Number,0.41,Millions,NUMBER,Number (real number),1911,Georgia,161,3651921,0.396,0.013999999999999957
NUMBER,Number,0.465,Millions,NUMBER,Number (real number),1912,Georgia,162,3655744,0.41,0.05500000000000005
NUMBER,Number,0.505,Millions,NUMBER,Number (real number),1913,Georgia,163,3659569,0.465,0.03999999999999998
NUMBER,Number,0.456,Millions,NUMBER,Number (real number),1914,Georgia,164,3663396,0.505,-0.04899999999999999
NUMBER,Number,0.418,Millions,NUMBER,Number (real number),1915,Georgia,165,3667225,0.456,-0.038000000000000034
NUMBER,Number,0.446,Millions,NUMBER,Number (real number),1916,Georgia,166,3671056,0.418,0.028000000000000025
NUMBER,Number,0.41,Millions,NUMBER,Number (real number),1917,Georgia,167,3674889,0.446,-0.03600000000000003
NUMBER,Number,0.164,Millions,NUMBER,Number (real number),1918,Georgia,168,3678724,0.41,-0.24599999999999997
NUMBER,Number,0.14,Millions,NUMBER,Number (real number),1919,Georgia,169,3682561,0.164,-0.023999999999999994
NUMBER,Number,0.127,Millions,NUMBER,Number (real number),1920,Georgia,170,3686400,0.14,-0.013000000000000012
NUMBER,Number,0.138,Millions,NUMBER,Number (real number),1921,Georgia,171,3690241,0.127,0.01100000000000001
NUMBER,Number,0.169,Millions,NUMBER,Number (real number),1922,Georgia,172,3694084,0.138,0.031
NUMBER,Number,0.186,Millions,NUMBER,Number (real number),1923,Georgia,173,3697929,0.169,0.016999999999999987
NUMBER,Number,0.222,Millions,NUMBER,Number (real number),1924,Georgia,174,3701776,0.186,0.036000000000000004
NUMBER,Number,0.219,Millions,NUMBER,Number (real number),1925,Georgia,175,3705625,0.222,-0.0030000000000000027
NUMBER,Number,0.317,Millions,NUMBER,Number (real number),1926,Georgia,176,3709476,0.219,0.098
NUMBER,Number,0.395,Millions,NUMBER,Number (real number),1927,Georgia,177,3713329,0.317,0.07800000000000001
NUMBER,Number,0.433,Millions,NUMBER,Number (real number),1928,Georgia,178,3717184,0.395,0.03799999999999998
NUMBER,Number,0.467,Millions,NUMBER,Number (real number),1929,Georgia,179,3721041,0.433,0.03400000000000003
NUMBER,Number,0.637,Millions,NUMBER,Number (real number),1930,Georgia,180,3724900,0.467,0.16999999999999998
NUMBER,Number,0.766,Millions,NUMBER,Number (real number),1931,Georgia,181,3728761,0.637,0.129
NUMBER,Number,0.862,Millions,NUMBER,Number (real number),1932,Georgia,182,3732624,0.766,0.09599999999999997
NUMBER,Number,0.965,Millions,NUMBER,Number (real number),1933,Georgia,183,3736489,0.862,0.10299999999999998
NUMBER,Number,1.166,Millions,NUMBER,Number (real number),1934,Georgia,184,3740356,0.965,0.20099999999999996
NUMBER,Number,1.318,Millions,NUMBER,Number (real number),1935,Georgia,185,3744225,1.166,0.15200000000000014
NUMBER,Number,1.509,Millions,NUMBER,Number (real number),1936,Georgia,186,3748096,1.318,0.19099999999999984
NUMBER,Number,1.545,Millions,NUMBER,Number (real number),1937,Georgia,187,3751969,1.509,0.03600000000000003
NUMBER,Number,1.631,Millions,NUMBER,Number (real number),1938,Georgia,188,3755844,1.545,0.08600000000000008
NUMBER,Number,1.651,Millions,NUMBER,Number (real number),1939,Georgia,189,3759721,1.631,0.020000000000000018
NUMBER,Number,1.979,Millions,NUMBER,Number (real number),1940,Georgia,190,3763600,1.651,0.32800000000000007
NUMBER,Number,1.738,Millions,NUMBER,Number (real number),1941,Georgia,191,3767481,1.979,-0.2410000000000001
NUMBER,Number,0.953,Millions,NUMBER,Number (real number),1942,Georgia,192,3771364,1.738,-0.785
NUMBER,Number,0.995,Millions,NUMBER,Number (real number),1943,Georgia,193,3775249,0.953,0.04200000000000004
NUMBER,Number,1.443,Millions,NUMBER,Number (real number),1944,Georgia,194,3779136,0.995,0.44800000000000006
NUMBER,Number,1.522,Millions,NUMBER,Number (real number),1945,Georgia,195,3783025,1.443,0.07899999999999996
NUMBER,Number,1.706,Millions,NUMBER,Number (real number),1946,Georgia,196,3786916,1.522,0.18399999999999994
NUMBER,Number,2.052,Millions,NUMBER,Number (real number),1947,Georgia,197,3790809,1.706,0.3460000000000001
NUMBER,Number,2.179,Millions,NUMBER,Number (real number),1948,Georgia,198,3794704,2.052,0.12699999999999978
NUMBER,Number,2.476,Millions,NUMBER,Number (real number),1949,Georgia,199,3798601,2.179,0.29700000000000015
NUMBER,Number,2.756,Millions,NUMBER,Number (real number),1950,Georgia,200,3802500,2.476,0.2799999999999998
NUMBER,Number,2.984,Millions,NUMBER,Number (real number),1951,Georgia,201,3806401,2.756,0.2280000000000002
NUMBER,Number,3.195,Millions,NUMBER,Number (real number),1952,Georgia,202,3810304,2.984,0.21099999999999985
NUMBER,Number,3.379,Millions,NUMBER,Number (real number),1953,Georgia,203,3814209,3.195,0.18400000000000016
NUMBER,Number,3.687,Millions,NUMBER,Number (real number),1954,Georgia,204,3818116,3.379,0.30799999999999983
NUMBER,Number,4.18,Millions,NUMBER,Number (real number),1955,Georgia,205,3822025,3.687,0.4929999999999999
NUMBER,Number,4.587,Millions,NUMBER,Number (real number),1956,Georgia,206,3825936,4.18,0.40700000000000003
NUMBER,Number,5.022,Millions,NUMBER,Number (real number),1957,Georgia,207,3829849,4.587,0.4350000000000005
NUMBER,Number,5.364,Millions,NUMBER,Number (real number),1958,Georgia,208,3833764,5.022,0.34199999999999964
NUMBER,Number,5.64,Millions,NUMBER,Number (real number),1959,Georgia,209,3837681,5.364,0.2759999999999998
NUMBER,Number,5.874,Millions,NUMBER,Number (real number),1960,Georgia,210,3841600,5.64,0.23399999999999999
NUMBER,Number,6.064,Millions,NUMBER,Number (real number),1961,Georgia,211,3845521,5.874,0.1900000000000004
NUMBER,Number,6.374,Millions,NUMBER,Number (real number),1962,Georgia,212,3849444,6.064,0.3099999999999996
NUMBER,Number,6.844,Millions,NUMBER,Number (real number),1963,Georgia,213,3853369,6.374,0.47000000000000064
NUMBER,Number,7.287,Millions,NUMBER,Number (real number),1964,Georgia,214,3857296,6.844,0.4429999999999996
NUMBER,Number,7.734,Millions,NUMBER,Number (real number),1965,Georgia,215,3861225,7.287,0.44700000000000006
NUMBER,Number,8.17,Millions,NUMBER,Number (real number),1966,Georgia,216,3865156,7.734,0.43599999999999994
NUMBER,Number,8.551,Millions,NUMBER,Number (real number),1967,Georgia,217,3869089,8.17,0.3810000000000002
NUMBER,Number,8.799,Millions,NUMBER,Number (real number),1968,Georgia,218,3873024,8.551,0.24799999999999933
NUMBER,Number,9.17,Millions,NUMBER,Number (real number),1969,Georgia,219,3876961,8.799,0.37100000000000044
NUMBER,Number,9.64,Millions,NUMBER,Number (real number),1970,Georgia,220,3880900,9.17,0.47000000000000064
NUMBER,Number,10.241,Millions,NUMBER,Number (real number),1971,Georgia,221,3884841,9.64,0.6009999999999991
NUMBER,Number,10.782,Millions,NUMBER,Number (real number),1972,Georgia,222,3888784,10.241,0.5410000000000004
NUMBER,Number,11.247,Millions,NUMBER,Number (real number),1973,Georgia,223,3892729,10.782,0.46499999999999986
NUMBER,Number,11.685,Millions,NUMBER,Number (real number),1974,Georgia,224,3896676,11.247,0.4380000000000006
NUMBER,Number,12.291,Millions,NUMBER,Number (real number),1975,Georgia,225,3900625,11.685,0.6059999999999999
NUMBER,Number,12.762,Millions,NUMBER,Number (real number),1976,Georgia,226,3904576,12.291,0.4710000000000001
NUMBER,Number,13.195,Millions,NUMBER,Number (real number),1977,Georgia,227,3908529,12.762,0.43299999999999983
NUMBER,Number,13.65,Millions,NUMBER,Number (real number),1978,Georgia,228,3912484,13.195,0.45500000000000007
NUMBER,Number,13.761,Millions,NUMBER,Number (real number),1979,Georgia,229,3916441,13.65,0.11099999999999888
NUMBER,Number,14.296,Millions,NUMBER,Number (real number),1980,Georgia,230,3920400,13.761,0.5350000000000001
NUMBER,Number,14.035,Millions,NUMBER,Number (real number),1981,Georgia,231,3924361,14.296,-0.26099999999999923
NUMBER,Number,14.299,Millions,NUMBER,Number (real number),1982,Georgia,232,3928324,14.035,0.26399999999999935
NUMBER,Number,14.504,Millions,NUMBER,Number (real number),1983,Georgia,233,3932289,14.299,0.20500000000000007
NUMBER,Number,14.634,Millions,NUMBER,Number (real number),1984,Georgia,234,3936256,14.504,0.13000000000000078
NUMBER,Number,15.774,Millions,NUMBER,Number (real number),1985,Georgia,235,3940225,14.634,1.1399999999999988
NUMBER,Number,15.575,Millions,NUMBER,Number (real number),1986,Georgia,236,3944196,15.774,-0.19899999999999984
NUMBER,Number,15.728,Millions,NUMBER,Number (real number),1987,Georgia,237,3948169,15.575,0.15300000000000047
NUMBER,Number,16.319,Millions,NUMBER,Number (real number),1988,Georgia,238,3952144,15.728,0.5909999999999993
NUMBER,Number,16.196,Millions,NUMBER,Number (real number),1989,Georgia,239,3956121,16.319,-0.12299999999999756
NUMBER,Number,15.948,Millions,NUMBER,Number (real number),1990,Georgia,240,3960100,16.196,-0.2480000000000011
NUMBER,Number,15.872,Millions,NUMBER,Number (real number),1991,Georgia,241,3964081,15.948,-0.07600000000000051
NUMBER,Number,15.277,Millions,NUMBER,Number (real number),1992,Georgia,242,3968064,15.872,-0.5950000000000006
NUMBER,Number,9.916,Millions,NUMBER,Number (real number),1993,Georgia,243,3972049,15.277,-5.360999999999999
NUMBER,Number,6.068,Millions,NUMBER,Number (real number),1994,Georgia,244,3976036,9.916,-3.8480000000000008
NUMBER,Number,2.29,Millions,NUMBER,Number (real number),1995,Georgia,245,3980025,6.068,-3.7779999999999996
NUMBER,Number,4.054,Millions,NUMBER,Number (real number),1996,Georgia,246,3984016,2.29,1.7640000000000002
NUMBER,Number,4.426,Millions,NUMBER,Number (real number),1997,Georgia,247,3988009,4.054,0.3719999999999999
NUMBER,Number,4.939,Millions,NUMBER,Number (real number),1998,Georgia,248,3992004,4.426,0.5129999999999999
NUMBER,Number,4.311,Millions,NUMBER,Number (real number),1999,Georgia,249,3996001,4.939,-0.6280000000000001
NUMBER,Number,4.5,Millions,NUMBER,Number (real number),2000,Georgia,250,4000000,4.311,0.18900000000000006
NUMBER,Number,3.725,Millions,NUMBER,Number (real number),2001,Georgia,251,4004001,4.5,-0.7749999999999999
NUMBER,Number,3.348,Millions,NUMBER,Number (real number),2002,Georgia,252,4008004,3.725,-0.3770000000000002
NUMBER,Number,3.732,Millions,NUMBER,Number (real number),2003,Georgia,253,4012009,3.348,0.38400000000000034
NUMBER,Number,4.272,Millions,NUMBER,Number (real number),2004,Georgia,254,4016016,3.732,0.54
NUMBER,Number,5.014,Millions,NUMBER,Number (real number),2005,Georgia,255,4020025,4.272,0.742
NUMBER,Number,6.093,Millions,NUMBER,Number (real number),2006,Georgia,256,4024036,5.014,1.0789999999999997
NUMBER,Number,6.362,Millions,NUMBER,Number (real number),2007,Georgia,257,4028049,6.093,0.26900000000000013
NUMBER,Number,5.309,Millions,NUMBER,Number (real number),2008,Georgia,258,4032064,6.362,-1.053
NUMBER,Number,6.136,Millions,NUMBER,Number (real number),2009,Georgia,259,4036081,5.309,0.827
NUMBER,Number,6.208,Millions,NUMBER,Number (real number),2010,Georgia,260,4040100,6.136,0.07200000000000006
NUMBER,Number,7.805,Millions,NUMBER,Number (real number),2011,Georgia,261,4044121,6.208,1.5969999999999995
NUMBER,Number,8.254,Millions,NUMBER,Number (real number),2012,Georgia,262,4048144,7.805,0.44899999999999984
NUMBER,Number,8.013,Millions,NUMBER,Number (real number),2013,Georgia,263,4052169,8.254,-0.24099999999999966
NUMBER,Number,8.939,Millions,NUMBER,Number (real number),2014,Georgia,264,4056196,8.013,0.9260000000000002
NUMBER,Number,9.756,Millions,NUMBER,Number (real number),2015,Georgia,265,4060225,8.939,0.8170000000000002
NUMBER,Number,10.068,Millions,NUMBER,Number (real number),2016,Georgia,266,4064256,9.756,0.3119999999999994
NUMBER,Number,10.173,Millions,NUMBER,Number (real number),2017,Georgia,267,4068289,10.068,0.10500000000000043
NUMBER,Number,10.063,Millions,NUMBER,Number (real number),2018,Georgia,268,4072324,10.173,-0.10999999999999943
NUMBER,Number,10.887,Millions,NUMBER,Number (real number),2019,Georgia,269,4076361,10.063,0.8239999999999998
NUMBER,Number,10.575,Millions,NUMBER,Number (real number),2020,Georgia,270,4080400,10.887,-0.31200000000000117
NUMBER,Number,11.094,Millions,NUMBER,Number (real number),2021,Georgia,271,4084441,10.575,0.5190000000000001
NUMBER,Number,11.527,Millions,NUMBER,Number (real number),2022,Georgia,272,4088484,11.094,0.43299999999999983
NUMBER,Number,11.769,Millions,NUMBER,Number (real number),2023,Georgia,273,4092529,11.527,0.24200000000000088
NUMBER,Number,0.48,Millions,NUMBER,Number (real number),1793,Germany,43,3214849,0.469,0.01100000000000001
NUMBER,Number,0.443,Millions,NUMBER,Number (real number),1794,Germany,44,3218436,0.48,-0.03699999999999998
NUMBER,Number,0.447,Millions,NUMBER,Number (real number),1795,Germany,45,3222025,0.443,0.0040000000000000036
NUMBER,Number,0.535,Millions,NUMBER,Number (real number),1796,Germany,46,3225616,0.447,0.08800000000000002
NUMBER,Number,0.55,Millions,NUMBER,Number (real number),1797,Germany,47,3229209,0.535,0.015000000000000013
NUMBER,Number,0.575,Millions,NUMBER,Number (real number),1798,Germany,48,3232804,0.55,0.02499999999999991
NUMBER,Number,0.627,Millions,NUMBER,Number (real number),1799,Germany,49,3236401,0.575,0.052000000000000046
NUMBER,Number,0.795,Millions,NUMBER,Number (real number),1800,Germany,50,3240000,0.627,0.16800000000000004
NUMBER,Number,0.535,Millions,NUMBER,Number (real number),1801,Germany,51,3243601,0.795,-0.26
NUMBER,Number,0.553,Millions,NUMBER,Number (real number),1802,Germany,52,3247204,0.535,0.018000000000000016
NUMBER,Number,0.535,Millions,NUMBER,Number (real number),1803,Germany,53,3250809,0.553,-0.018000000000000016
NUMBER,Number,1.008,Millions,NUMBER,Number (real number),1804,Germany,54,3254416,0.535,0.473
NUMBER,Number,1.041,Millions,NUMBER,Number (real number),1805,Germany,55,3258025,1.008,0.03299999999999992
NUMBER,Number,0.938,Millions,NUMBER,Number (real number),1806,Germany,56,3261636,1.041,-0.10299999999999998
NUMBER,Number,2.689,Millions,NUMBER,Number (real number),1807,Germany,57,3265249,0.938,1.7510000000000001
NUMBER,Number,0.898,Millions,NUMBER,Number (real number),1808,Germany,58,3268864,2.689,-1.791
NUMBER,Number,0.931,Millions,NUMBER,Number (real number),1809,Germany,59,3272481,0.898,0.03300000000000003
NUMBER,Number,0.978,Millions,NUMBER,Number (real number),1810,Germany,60,3276100,0.931,0.04699999999999993
NUMBER,Number,0.927,Millions,NUMBER,Number (real number),1811,Germany,61,3279721,0.978,-0.050999999999999934
NUMBER,Number,0.912,Millions,NUMBER,Number (real number),1812,Germany,62,3283344,0.927,-0.015000000000000013
NUMBER,Number,0.89,Millions,NUMBER,Number (real number),1813,Germany,63,3286969,0.912,-0.02200000000000002
NUMBER,Number,0.883,Millions,NUMBER,Number (real number),1814,Germany,64,3290596,0.89,-0.007000000000000006
NUMBER,Number,1.03,Millions,NUMBER,Number (real number),1815,Germany,65,3294225,0.883,0.14700000000000002
NUMBER,Number,2.385,Millions,NUMBER,Number (real number),1816,Germany,66,3297856,1.03,1.3549999999999998
NUMBER,Number,3.382,Millions,NUMBER,Number (real number),1817,Germany,67,3301489,2.385,0.9970000000000003
NUMBER,Number,3.532,Millions,NUMBER,Number (real number),1818,Germany,68,3305124,3.382,0.1499999999999999
NUMBER,Number,3.276,Millions,NUMBER,Number (real number),1819,Germany,69,3308761,3.532,-0.2560000000000002
NUMBER,Number,3.382,Millions,NUMBER,Number (real number),1820,Germany,70,3312400,3.276,0.10600000000000032
NUMBER,Number,3.532,Millions,NUMBER,Number (real number),1821,Germany,71,3316041,3.382,0.1499999999999999
NUMBER,Number,3.631,Millions,NUMBER,Number (real number),1822,Germany,72,3319684,3.532,0.09899999999999975
NUMBER,Number,4.034,Millions,NUMBER,Number (real number),1823,Germany,73,3323329,3.631,0.403
NUMBER,Number,3.232,Millions,NUMBER,Number (real number),1824,Germany,74,3326976,4.034,-0.8019999999999996
NUMBER,Number,4.338,Millions,NUMBER,Number (real number),1825,Germany,75,3330625,3.232,1.1059999999999999
NUMBER,Number,4.188,Millions,NUMBER,Number (real number),1826,Germany,76,3334276,4.338,-0.15000000000000036
NUMBER,Number,4.54,Millions,NUMBER,Number (real number),1827,Germany,77,3337929,4.188,0.3520000000000003
NUMBER,Number,4.54,Millions,NUMBER,Number (real number),1828,Germany,78,3341584,4.54,0.0
NUMBER,Number,3.631,Millions,NUMBER,Number (real number),1829,Germany,79,3345241,4.54,-0.9090000000000003
NUMBER,Number,4.793,Millions,NUMBER,Number (real number),1830,Germany,80,3348900,3.631,1.1620000000000004
NUMBER,Number,4.591,Millions,NUMBER,Number (real number),1831,Germany,81,3352561,4.793,-0.20199999999999996
NUMBER,Number,3.448,Millions,NUMBER,Number (real number),1832,Germany,82,3356224,4.591,-1.1430000000000002
NUMBER,Number,4.378,Millions,NUMBER,Number (real number),1833,Germany,83,3359889,3.448,0.9300000000000002
NUMBER,Number,4.411,Millions,NUMBER,Number (real number),1834,Germany,84,3363556,4.378,0.032999999999999474
NUMBER,Number,4.932,Millions,NUMBER,Number (real number),1835,Germany,85,3367225,4.411,0.5210000000000008
NUMBER,Number,5.192,Millions,NUMBER,Number (real number),1836,Germany,86,3370896,4.932,0.2599999999999998
NUMBER,Number,5.95,Millions,NUMBER,Number (real number),1837,Germany,87,3374569,5.192,0.758
NUMBER,Number,6.632,Millions,NUMBER,Number (real number),1838,Germany,88,3378244,5.95,0.6819999999999995
NUMBER,Number,7.02,Millions,NUMBER,Number (real number),1839,Germany,89,3381921,6.632,0.3879999999999999
NUMBER,Number,9.175,Millions,NUMBER,Number (real number),1840,Germany,90,3385600,7.02,2.155000000000001
NUMBER,Number,9.548,Millions,NUMBER,Number (real number),1841,Germany,91,3389281,9.175,0.37299999999999933
NUMBER,Number,10.882,Millions,NUMBER,Number (real number),1842,Germany,92,3392964,9.548,1.3339999999999996
NUMBER,Number,10.3,Millions,NUMBER,Number (real number),1843,Germany,93,3396649,10.882,-0.581999999999999
NUMBER,Number,10.882,Millions,NUMBER,Number (real number),1844,Germany,94,3400336,10.3,0.581999999999999
NUMBER,Number,12.611,Millions,NUMBER,Number (real number),1845,Germany,95,3404025,10.882,1.729000000000001
NUMBER,Number,13.187,Millions,NUMBER,Number (real number),1846,Germany,96,3407716,12.611,0.5759999999999987
NUMBER,Number,13.839,Millions,NUMBER,Number (real number),1847,Germany,97,3411409,13.187,0.652000000000001
NUMBER,Number,12.828,Millions,NUMBER,Number (real number),1848,Germany,98,3415104,13.839,-1.011000000000001
NUMBER,Number,13.623,Millions,NUMBER,Number (real number),1849,Germany,99,3418801,12.828,0.7949999999999999
NUMBER,Number,15.14,Millions,NUMBER,Number (real number),1850,Germany,100,3422500,13.623,1.5170000000000012
NUMBER,Number,16.869,Millions,NUMBER,Number (real number),1851,Germany,101,3426201,15.14,1.7289999999999992
NUMBER,Number,19.174,Millions,NUMBER,Number (real number),1852,Germany,102,3429904,16.869,2.3049999999999997
NUMBER,Number,20.76,Millions,NUMBER,Number (real number),1853,Germany,103,3433609,19.174,1.586000000000002
NUMBER,Number,24.366,Millions,NUMBER,Number (real number),1854,Germany,104,3437316,20.76,3.605999999999998
NUMBER,Number,28.616,Millions,NUMBER,Number (real number),1855,Germany,105,3441025,24.366,4.25
NUMBER,Number,30.924,Millions,NUMBER,Number (real number),1856,Germany,106,3444736,28.616,2.308
NUMBER,Number,32.939,Millions,NUMBER,Number (real number),1857,Germany,107,3448449,30.924,2.0150000000000006
NUMBER,Number,35.61,Millions,NUMBER,Number (real number),1858,Germany,108,3452164,32.939,2.6709999999999994
NUMBER,Number,33.808,Millions,NUMBER,Number (real number),1859,Germany,109,3455881,35.61,-1.8019999999999996
NUMBER,Number,36.395,Millions,NUMBER,Number (real number),1860,Germany,110,3459600,33.808,2.5870000000000033
NUMBER,Number,41.33,Millions,NUMBER,Number (real number),1861,Germany,111,3463321,36.395,4.934999999999995
NUMBER,Number,45.54,Millions,NUMBER,Number (real number),1862,Germany,112,3467044,41.33,4.210000000000001
NUMBER,Number,49.383,Millions,NUMBER,Number (real number),1863,Germany,113,3470769,45.54,3.8430000000000035
NUMBER,Number,56.642,Millions,NUMBER,Number (real number),1864,Germany,114,3474496,49.383,7.259
NUMBER,Number,63.468,Millions,NUMBER,Number (real number),1865,Germany,115,3478225,56.642,6.8260000000000005
NUMBER,Number,62.907,Millions,NUMBER,Number (real number),1866,Germany,116,3481956,63.468,-0.561000000000007
NUMBER,Number,69.154,Millions,NUMBER,Number (real number),1867,Germany,117,3485689,62.907,6.247
NUMBER,Number,74.368,Millions,NUMBER,Number (real number),1868,Germany,118,3489424,69.154,5.213999999999999
NUMBER,Number,77.593,Millions,NUMBER,Number (real number),1869,Germany,119,3493161,74.368,3.2250000000000085
NUMBER,Number,76.64,Millions,NUMBER,Number (real number),1870,Germany,120,3496900,77.593,-0.953000000000003
NUMBER,Number,85.349,Millions,NUMBER,Number (real number),1871,Germany,121,3500641,76.64,8.709000000000003
NUMBER,Number,92.109,Millions,NUMBER,Number (real number),1872,Germany,122,3504384,85.349,6.759999999999991
NUMBER,Number,98.367,Millions,NUMBER,Number (real number),1873,Germany,123,3508129,92.109,6.25800000000001
NUMBER,Number,71.595,Millions,NUMBER,Number (real number),1874,Germany,124,3511876,98.367,-26.772000000000006
NUMBER,Number,101.518,Millions,NUMBER,Number (real number),1875,Germany,125,3515625,71.595,29.923000000000002
NUMBER,Number,103.438,Millions,NUMBER,Number (real number),1876,Germany,126,3519376,101.518,1.9200000000000017
NUMBER,Number,101.302,Millions,NUMBER,Number (real number),1877,Germany,127,3523129,103.438,-2.1359999999999957
NUMBER,Number,104.545,Millions,NUMBER,Number (real number),1878,Germany,128,3526884,101.302,3.242999999999995
NUMBER,Number,110.847,Millions,NUMBER,Number (real number),1879,Germany,129,3530641,104.545,6.3019999999999925
NUMBER,Number,124.503,Millions,NUMBER,Number (real number),1880,Germany,130,3534400,110.847,13.656000000000006
NUMBER,Number,134.264,Millions,NUMBER,Number (real number),1881,Germany,131,3538161,124.503,9.76100000000001
NUMBER,Number,143.665,Millions,NUMBER,Number (real number),1882,Germany,132,3541924,134.264,9.400999999999982
NUMBER,Number,153.093,Millions,NUMBER,Number (real number),1883,Germany,133,3545689,143.665,9.427999999999997
NUMBER,Number,157.526,Millions,NUMBER,Number (real number),1884,Germany,134,3549456,153.093,4.433000000000021
NUMBER,Number,161.183,Millions,NUMBER,Number (real number),1885,Germany,135,3553225,157.526,3.6569999999999823
NUMBER,Number,163.033,Millions,NUMBER,Number (real number),1886,Germany,136,3556996,161.183,1.8499999999999943
NUMBER,Number,170.391,Millions,NUMBER,Number (real number),1887,Germany,137,3560769,163.033,7.358000000000004
NUMBER,Number,186.347,Millions,NUMBER,Number (real number),1888,Germany,138,3564544,170.391,15.956000000000017
NUMBER,Number,198.849,Millions,NUMBER,Number (real number),1889,Germany,139,3568321,186.347,12.501999999999981
NUMBER,Number,208.232,Millions,NUMBER,Number (real number),1890,Germany,140,3572100,198.849,9.38300000000001
NUMBER,Number,220.84,Millions,NUMBER,Number (real number),1891,Germany,141,3575881,208.232,12.608000000000004
NUMBER,Number,214.989,Millions,NUMBER,Number (real number),1892,Germany,142,3579664,220.84,-5.850999999999999
NUMBER,Number,220.712,Millions,NUMBER,Number (real number),1893,Germany,143,3583449,214.989,5.722999999999985
NUMBER,Number,229.498,Millions,NUMBER,Number (real number),1894,Germany,144,3587236,220.712,8.786000000000001
NUMBER,Number,238.285,Millions,NUMBER,Number (real number),1895,Germany,145,3591025,229.498,8.787000000000006
NUMBER,Number,256.26,Millions,NUMBER,Number (real number),1896,Germany,146,3594816,238.285,17.974999999999994
NUMBER,Number,273.554,Millions,NUMBER,Number (real number),1897,Germany,147,3598609,256.26,17.293999999999983
NUMBER,Number,285.378,Millions,NUMBER,Number (real number),1898,Germany,148,3602404,273.554,11.824000000000012
NUMBER,Number,303.284,Millions,NUMBER,Number (real number),1899,Germany,149,3606201,285.378,17.906000000000006
NUMBER,Number,326.759,Millions,NUMBER,Number (real number),1900,Germany,150,3610000,303.284,23.475000000000023
NUMBER,Number,325.557,Millions,NUMBER,Number (real number),1901,Germany,151,3613801,326.759,-1.2019999999999982
NUMBER,Number,319.189,Millions,NUMBER,Number (real number),1902,Germany,152,3617604,325.557,-6.367999999999995
NUMBER,Number,343.599,Millions,NUMBER,Number (real number),1903,Germany,153,3621409,319.189,24.409999999999968
NUMBER,Number,356.122,Millions,NUMBER,Number (real number),1904,Germany,154,3625216,343.599,12.523000000000025
NUMBER,Number,382.324,Millions,NUMBER,Number (real number),1905,Germany,155,3629025,356.122,26.201999999999998
NUMBER,Number,361.937,Millions,NUMBER,Number (real number),1906,Germany,156,3632836,382.324,-20.387
NUMBER,Number,442.183,Millions,NUMBER,Number (real number),1907,Germany,157,3636649,361.937,80.24599999999998
NUMBER,Number,446.642,Millions,NUMBER,Number (real number),1908,Germany,158,3640464,442.183,4.459000000000003
NUMBER,Number,445.572,Millions,NUMBER,Number (real number),1909,Germany,159,3644281,446.642,-1.0699999999999932
NUMBER,Number,445.367,Millions,NUMBER,Number (real number),1910,Germany,160,3648100,445.572,-0.20499999999998408
NUMBER,Number,458.586,Millions,NUMBER,Number (real number),1911,Germany,161,3651921,445.367,13.218999999999994
NUMBER,Number,499.121,Millions,NUMBER,Number (real number),1912,Germany,162,3655744,458.586,40.53499999999997
NUMBER,Number,535.083,Millions,NUMBER,Number (real number),1913,Germany,163,3659569,499.121,35.96199999999999
NUMBER,Number,497.927,Millions,NUMBER,Number (real number),1914,Germany,164,3663396,535.083,-37.15599999999995
NUMBER,Number,462.906,Millions,NUMBER,Number (real number),1915,Germany,165,3667225,497.927,-35.021000000000015
NUMBER,Number,500.697,Millions,NUMBER,Number (real number),1916,Germany,166,3671056,462.906,37.791
NUMBER,Number,524.579,Millions,NUMBER,Number (real number),1917,Germany,167,3674889,500.697,23.881999999999948
NUMBER,Number,503.423,Millions,NUMBER,Number (real number),1918,Germany,168,3678724,524.579,-21.15599999999995
NUMBER,Number,387.428,Millions,NUMBER,Number (real number),1919,Germany,169,3682561,503.423,-115.995
NUMBER,Number,429.208,Millions,NUMBER,Number (real number),1920,Germany,170,3686400,387.428,41.78000000000003
NUMBER,Number,473.18,Millions,NUMBER,Number (real number),1921,Germany,171,3690241,429.208,43.97199999999998
NUMBER,Number,455.461,Millions,NUMBER,Number (real number),1922,Germany,172,3694084,473.18,-17.718999999999994
NUMBER,Number,331.929,Millions,NUMBER,Number (real number),1923,Germany,173,3697929,455.461,-123.53200000000004
NUMBER,Number,451.793,Millions,NUMBER,Number (real number),1924,Germany,174,3701776,331.929,119.86400000000003
NUMBER,Number,458.066,Millions,NUMBER,Number (real number),1925,Germany,175,3705625,451.793,6.272999999999968
NUMBER,Number,413.237,Millions,NUMBER,Number (real number),1926,Germany,176,3709476,458.066,-44.82899999999995
NUMBER,Number,481.186,Millions,NUMBER,Number (real number),1927,Germany,177,3713329,413.237,67.94899999999996
NUMBER,Number,505.011,Millions,NUMBER,Number (real number),1928,Germany,178,3717184,481.186,23.825000000000045
NUMBER,Number,539.235,Millions,NUMBER,Number (real number),1929,Germany,179,3721041,505.011,34.22399999999999
NUMBER,Number,462.092,Millions,NUMBER,Number (real number),1930,Germany,180,3724900,539.235,-77.14300000000003
NUMBER,Number,385.965,Millions,NUMBER,Number (real number),1931,Germany,181,3728761,462.092,-76.12700000000001
NUMBER,Number,347.486,Millions,NUMBER,Number (real number),1932,Germany,182,3732624,385.965,-38.478999999999985
NUMBER,Number,364.981,Millions,NUMBER,Number (real number),1933,Germany,183,3736489,347.486,17.495000000000005
NUMBER,Number,408.62,Millions,NUMBER,Number (real number),1934,Germany,184,3740356,364.981,43.63900000000001
NUMBER,Number,452.333,Millions,NUMBER,Number (real number),1935,Germany,185,3744225,408.62,43.71300000000002
NUMBER,Number,499.634,Millions,NUMBER,Number (real number),1936,Germany,186,3748096,452.333,47.30099999999999
NUMBER,Number,563.513,Millions,NUMBER,Number (real number),1937,Germany,187,3751969,499.634,63.87900000000002
NUMBER,Number,601.273,Millions,NUMBER,Number (real number),1938,Germany,188,3755844,563.513,37.75999999999999
NUMBER,Number,648.625,Millions,NUMBER,Number (real number),1939,Germany,189,3759721,601.273,47.351999999999975
NUMBER,Number,654.325,Millions,NUMBER,Number (real number),1940,Germany,190,3763600,648.625,5.7000000000000455
NUMBER,Number,660.793,Millions,NUMBER,Number (real number),1941,Germany,191,3767481,654.325,6.467999999999961
NUMBER,Number,667.899,Millions,NUMBER,Number (real number),1942,Germany,192,3771364,660.793,7.1059999999999945
NUMBER,Number,679.43,Millions,NUMBER,Number (real number),1943,Germany,193,3775249,667.899,11.530999999999949
NUMBER,Number,600.273,Millions,NUMBER,Number (real number),1944,Germany,194,3779136,679.43,-79.15699999999993
NUMBER,Number,116.065,Millions,NUMBER,Number (real number),1945,Germany,195,3783025,600.273,-484.208
NUMBER,Number,271.682,Millions,NUMBER,Number (real number),1946,Germany,196,3786916,116.065,155.61700000000002
NUMBER,Number,317.66,Millions,NUMBER,Number (real number),1947,Germany,197,3790809,271.682,45.97800000000001
NUMBER,Number,377.816,Millions,NUMBER,Number (real number),1948,Germany,198,3794704,317.66,60.15599999999995
NUMBER,Number,432.148,Millions,NUMBER,Number (real number),1949,Germany,199,3798601,377.816,54.33200000000005
NUMBER,Number,510.682,Millions,NUMBER,Number (real number),1950,Germany,200,3802500,432.148,78.53399999999999
NUMBER,Number,576.866,Millions,NUMBER,Number (real number),1951,Germany,201,3806401,510.682,66.18399999999997
NUMBER,Number,610.981,Millions,NUMBER,Number (real number),1952,Germany,202,3810304,576.866,34.11500000000001
NUMBER,Number,623.492,Millions,NUMBER,Number (real number),1953,Germany,203,3814209,610.981,12.510999999999967
NUMBER,Number,659.732,Millions,NUMBER,Number (real number),1954,Germany,204,3818116,623.492,36.24000000000001
NUMBER,Number,723.498,Millions,NUMBER,Number (real number),1955,Germany,205,3822025,659.732,63.766000000000076
NUMBER,Number,766.191,Millions,NUMBER,Number (real number),1956,Germany,206,3825936,723.498,42.692999999999984
NUMBER,Number,777.908,Millions,NUMBER,Number (real number),1957,Germany,207,3829849,766.191,11.716999999999985
NUMBER,Number,756.379,Millions,NUMBER,Number (real number),1958,Germany,208,3833764,777.908,-21.528999999999996
NUMBER,Number,755.795,Millions,NUMBER,Number (real number),1959,Germany,209,3837681,756.379,-0.58400000000006
NUMBER,Number,813.95,Millions,NUMBER,Number (real number),1960,Germany,210,3841600,755.795,58.155000000000086
NUMBER,Number,834.84,Millions,NUMBER,Number (real number),1961,Germany,211,3845521,813.95,20.889999999999986
NUMBER,Number,883.169,Millions,NUMBER,Number (real number),1962,Germany,212,3849444,834.84,48.32899999999995
NUMBER,Number,945.498,Millions,NUMBER,Number (real number),1963,Germany,213,3853369,883.169,62.329000000000065
NUMBER,Number,968.917,Millions,NUMBER,Number (real number),1964,Germany,214,3857296,945.498,23.418999999999983
NUMBER,Number,960.102,Millions,NUMBER,Number (real number),1965,Germany,215,3861225,968.917,-8.815000000000055
NUMBER,Number,951.422,Millions,NUMBER,Number (real number),1966,Germany,216,3865156,960.102,-8.67999999999995
NUMBER,Number,936.229,Millions,NUMBER,Number (real number),1967,Germany,217,3869089,951.422,-15.192999999999984
NUMBER,Number,984.791,Millions,NUMBER,Number (real number),1968,Germany,218,3873024,936.229,48.56200000000001
NUMBER,Number,1052.001,Millions,NUMBER,Number (real number),1969,Germany,219,3876961,984.791,67.20999999999992
NUMBER,Number,1026.022,Millions,NUMBER,Number (real number),1970,Germany,220,3880900,1052.001,-25.979000000000042
NUMBER,Number,1037.237,Millions,NUMBER,Number (real number),1971,Germany,221,3884841,1026.022,11.215000000000146
NUMBER,Number,1041.481,Millions,NUMBER,Number (real number),1972,Germany,222,3888784,1037.237,4.2439999999999145
NUMBER,Number,1085.738,Millions,NUMBER,Number (real number),1973,Germany,223,3892729,1041.481,44.25700000000006
NUMBER,Number,1062.727,Millions,NUMBER,Number (real number),1974,Germany,224,3896676,1085.738,-23.010999999999967
NUMBER,Number,1002.447,Millions,NUMBER,Number (real number),1975,Germany,225,3900625,1062.727,-60.280000000000086
NUMBER,Number,1090.84,Millions,NUMBER,Number (real number),1976,Germany,226,3904576,1002.447,88.39299999999992
NUMBER,Number,1052.609,Millions,NUMBER,Number (real number),1977,Germany,227,3908529,1090.84,-38.230999999999995
NUMBER,Number,1079.133,Millions,NUMBER,Number (real number),1978,Germany,228,3912484,1052.609,26.524000000000115
NUMBER,Number,1117.888,Millions,NUMBER,Number (real number),1979,Germany,229,3916441,1079.133,38.75499999999988
NUMBER,Number,1100.066,Millions,NUMBER,Number (real number),1980,Germany,230,3920400,1117.888,-17.82199999999989
NUMBER,Number,1048.523,Millions,NUMBER,Number (real number),1981,Germany,231,3924361,1100.066,-51.54300000000012
NUMBER,Number,1015.734,Millions,NUMBER,Number (real number),1982,Germany,232,3928324,1048.523,-32.788999999999874
NUMBER,Number,1011.605,Millions,NUMBER,Number (real number),1983,Germany,233,3932289,1015.734,-4.129000000000019
NUMBER,Number,1033.245,Millions,NUMBER,Number (real number),1984,Germany,234,3936256,1011.605,21.639999999999873
NUMBER,Number,1044.118,Millions,NUMBER,Number (real number),1985,Germany,235,3940225,1033.245,10.873000000000047
NUMBER,Number,1047.472,Millions,NUMBER,Number (real number),1986,Germany,236,3944196,1044.118,3.354000000000042
NUMBER,Number,1032.443,Millions,NUMBER,Number (real number),1987,Germany,237,3948169,1047.472,-15.028999999999996
NUMBER,Number,1029.024,Millions,NUMBER,Number (real number),1988,Germany,238,3952144,1032.443,-3.4190000000000964
NUMBER,Number,1008.792,Millions,NUMBER,Number (real number),1989,Germany,239,3956121,1029.024,-20.231999999999857
NUMBER,Number,1054.796,Millions,NUMBER,Number (real number),1990,Germany,240,3960100,1008.792,46.00400000000002
NUMBER,Number,1016.93,Millions,NUMBER,Number (real number),1991,Germany,241,3964081,1054.796,-37.8660000000001
NUMBER,Number,969.464,Millions,NUMBER,Number (real number),1992,Germany,242,3968064,1016.93,-47.465999999999894
NUMBER,Number,959.386,Millions,NUMBER,Number (real number),1993,Germany,243,3972049,969.464,-10.078000000000088
NUMBER,Number,943.228,Millions,NUMBER,Number (real number),1994,Germany,244,3976036,959.386,-16.158000000000015
NUMBER,Number,939.934,Millions,NUMBER,Number (real number),1995,Germany,245,3980025,943.228,-3.2939999999999827
NUMBER,Number,959.69,Millions,NUMBER,Number (real number),1996,Germany,246,3984016,939.934,19.756000000000085
NUMBER,Number,931.508,Millions,NUMBER,Number (real number),1997,Germany,247,3988009,959.69,-28.182000000000016
NUMBER,Number,923.499,Millions,NUMBER,Number (real number),1998,Germany,248,3992004,931.508,-8.009000000000015
NUMBER,Number,895.442,Millions,NUMBER,Number (real number),1999,Germany,249,3996001,923.499,-28.057000000000016
NUMBER,Number,898.976,Millions,NUMBER,Number (real number),2000,Germany,250,4000000,895.442,3.533999999999992
NUMBER,Number,915.255,Millions,NUMBER,Number (real number),2001,Germany,251,4004001,898.976,16.278999999999996
NUMBER,Number,898.834,Millions,NUMBER,Number (real number),2002,Germany,252,4008004,915.255,-16.42100000000005
NUMBER,Number,894.501,Millions,NUMBER,Number (real number),2003,Germany,253,4012009,898.834,-4.33299999999997
NUMBER,Number,876.57,Millions,NUMBER,Number (real number),2004,Germany,254,4016016,894.501,-17.930999999999926
NUMBER,Number,867.881,Millions,NUMBER,Number (real number),2005,Germany,255,4020025,876.57,-8.689000000000078
NUMBER,Number,886.434,Millions,NUMBER,Number (real number),2006,Germany,256,4024036,867.881,18.552999999999997
NUMBER,Number,846.116,Millions,NUMBER,Number (real number),2007,Germany,257,4028049,886.434,-40.317999999999984
NUMBER,Number,856.607,Millions,NUMBER,Number (real number),2008,Germany,258,4032064,846.116,10.490999999999985
NUMBER,Number,789.951,Millions,NUMBER,Number (real number),2009,Germany,259,4036081,856.607,-66.65599999999995
NUMBER,Number,826.68,Millions,NUMBER,Number (real number),2010,Germany,260,4040100,789.951,36.72899999999993
NUMBER,Number,804.514,Millions,NUMBER,Number (real number),2011,Germany,261,4044121,826.68,-22.16599999999994
NUMBER,Number,814.09,Millions,NUMBER,Number (real number),2012,Germany,262,4048144,804.514,9.576000000000022
NUMBER,Number,831.743,Millions,NUMBER,Number (real number),2013,Germany,263,4052169,814.09,17.65300000000002
NUMBER,Number,792.579,Millions,NUMBER,Number (real number),2014,Germany,264,4056196,831.743,-39.1640000000001
NUMBER,Number,800.844,Millions,NUMBER,Number (real number),2015,Germany,265,4060225,792.579,8.2650000000001
NUMBER,Number,798.014,Millions,NUMBER,Number (real number),2016,Germany,266,4064256,800.844,-2.830000000000041
NUMBER,Number,784.594,Millions,NUMBER,Number (real number),2017,Germany,267,4068289,798.014,-13.419999999999959
NUMBER,Number,760.046,Millions,NUMBER,Number (real number),2018,Germany,268,4072324,784.594,-24.548000000000002
NUMBER,Number,709.827,Millions,NUMBER,Number (real number),2019,Germany,269,4076361,760.046,-50.21900000000005
NUMBER,Number,648.357,Millions,NUMBER,Number (real number),2020,Germany,270,4080400,709.827,-61.47000000000003
NUMBER,Number,678.777,Millions,NUMBER,Number (real number),2021,Germany,271,4084441,648.357,30.420000000000073
NUMBER,Number,671.472,Millions,NUMBER,Number (real number),2022,Germany,272,4088484,678.777,-7.305000000000064
NUMBER,Number,596.151,Millions,NUMBER,Number (real number),2023,Germany,273,4092529,671.472,-75.32100000000003
NUMBER,Number,0.876,Millions,NUMBER,Number (real number),1951,Ghana,201,3806401,0.638,0.238
NUMBER,Number,0.868,Millions,NUMBER,Number (real number),1952,Ghana,202,3810304,0.876,-0.008000000000000007
NUMBER,Number,1.019,Millions,NUMBER,Number (real number),1953,Ghana,203,3814209,0.868,0.1509999999999999
NUMBER,Number,1.004,Millions,NUMBER,Number (real number),1954,Ghana,204,3818116,1.019,-0.014999999999999902
NUMBER,Number,1.187,Millions,NUMBER,Number (real number),1955,Ghana,205,3822025,1.004,0.18300000000000005
NUMBER,Number,1.077,Millions,NUMBER,Number (real number),1956,Ghana,206,3825936,1.187,-0.1100000000000001
NUMBER,Number,1.293,Millions,NUMBER,Number (real number),1957,Ghana,207,3829849,1.077,0.21599999999999997
NUMBER,Number,1.363,Millions,NUMBER,Number (real number),1958,Ghana,208,3833764,1.293,0.07000000000000006
NUMBER,Number,1.323,Millions,NUMBER,Number (real number),1959,Ghana,209,3837681,1.363,-0.040000000000000036
NUMBER,Number,1.462,Millions,NUMBER,Number (real number),1960,Ghana,210,3841600,1.323,0.139
NUMBER,Number,1.345,Millions,NUMBER,Number (real number),1961,Ghana,211,3845521,1.462,-0.11699999999999999
NUMBER,Number,1.433,Millions,NUMBER,Number (real number),1962,Ghana,212,3849444,1.345,0.08800000000000008
NUMBER,Number,1.722,Millions,NUMBER,Number (real number),1963,Ghana,213,3853369,1.433,0.2889999999999999
NUMBER,Number,1.649,Millions,NUMBER,Number (real number),1964,Ghana,214,3857296,1.722,-0.07299999999999995
NUMBER,Number,1.704,Millions,NUMBER,Number (real number),1965,Ghana,215,3861225,1.649,0.05499999999999994
NUMBER,Number,1.44,Millions,NUMBER,Number (real number),1966,Ghana,216,3865156,1.704,-0.264
NUMBER,Number,1.495,Millions,NUMBER,Number (real number),1967,Ghana,217,3869089,1.44,0.05500000000000016
NUMBER,Number,1.649,Millions,NUMBER,Number (real number),1968,Ghana,218,3873024,1.495,0.15399999999999991
NUMBER,Number,1.488,Millions,NUMBER,Number (real number),1969,Ghana,219,3876961,1.649,-0.16100000000000003
NUMBER,Number,2.404,Millions,NUMBER,Number (real number),1970,Ghana,220,3880900,1.488,0.9159999999999999
NUMBER,Number,2.03,Millions,NUMBER,Number (real number),1971,Ghana,221,3884841,2.404,-0.3740000000000001
NUMBER,Number,2.217,Millions,NUMBER,Number (real number),1972,Ghana,222,3888784,2.03,0.18700000000000028
NUMBER,Number,2.257,Millions,NUMBER,Number (real number),1973,Ghana,223,3892729,2.217,0.040000000000000036
NUMBER,Number,2.675,Millions,NUMBER,Number (real number),1974,Ghana,224,3896676,2.257,0.4179999999999997
NUMBER,Number,2.411,Millions,NUMBER,Number (real number),1975,Ghana,225,3900625,2.675,-0.2639999999999998
NUMBER,Number,2.107,Millions,NUMBER,Number (real number),1976,Ghana,226,3904576,2.411,-0.3039999999999998
NUMBER,Number,2.696,Millions,NUMBER,Number (real number),1977,Ghana,227,3908529,2.107,0.589
NUMBER,Number,2.718,Millions,NUMBER,Number (real number),1978,Ghana,228,3912484,2.696,0.021999999999999797
NUMBER,Number,2.521,Millions,NUMBER,Number (real number),1979,Ghana,229,3916441,2.718,-0.19700000000000006
NUMBER,Number,2.411,Millions,NUMBER,Number (real number),1980,Ghana,230,3920400,2.521,-0.10999999999999988
NUMBER,Number,2.847,Millions,NUMBER,Number (real number),1981,Ghana,231,3924361,2.411,0.43599999999999994
NUMBER,Number,2.895,Millions,NUMBER,Number (real number),1982,Ghana,232,3928324,2.847,0.04800000000000004
NUMBER,Number,3.51,Millions,NUMBER,Number (real number),1983,Ghana,233,3932289,2.895,0.6149999999999998
NUMBER,Number,2.466,Millions,NUMBER,Number (real number),1984,Ghana,234,3936256,3.51,-1.0439999999999996
NUMBER,Number,3.144,Millions,NUMBER,Number (real number),1985,Ghana,235,3940225,2.466,0.6779999999999999
NUMBER,Number,2.935,Millions,NUMBER,Number (real number),1986,Ghana,236,3944196,3.144,-0.20900000000000007
NUMBER,Number,3.147,Millions,NUMBER,Number (real number),1987,Ghana,237,3948169,2.935,0.21199999999999974
NUMBER,Number,3.21,Millions,NUMBER,Number (real number),1988,Ghana,238,3952144,3.147,0.06300000000000017
NUMBER,Number,3.059,Millions,NUMBER,Number (real number),1989,Ghana,239,3956121,3.21,-0.1509999999999998
NUMBER,Number,3.514,Millions,NUMBER,Number (real number),1990,Ghana,240,3960100,3.059,0.4549999999999996
NUMBER,Number,3.902,Millions,NUMBER,Number (real number),1991,Ghana,241,3964081,3.514,0.38800000000000034
NUMBER,Number,3.243,Millions,NUMBER,Number (real number),1992,Ghana,242,3968064,3.902,-0.6590000000000003
NUMBER,Number,3.818,Millions,NUMBER,Number (real number),1993,Ghana,243,3972049,3.243,0.5750000000000002
NUMBER,Number,4.54,Millions,NUMBER,Number (real number),1994,Ghana,244,3976036,3.818,0.722
NUMBER,Number,4.624,Millions,NUMBER,Number (real number),1995,Ghana,245,3980025,4.54,0.08399999999999963
NUMBER,Number,4.858,Millions,NUMBER,Number (real number),1996,Ghana,246,3984016,4.624,0.23399999999999999
NUMBER,Number,5.514,Millions,NUMBER,Number (real number),1997,Ghana,247,3988009,4.858,0.6560000000000006
NUMBER,Number,5.584,Millions,NUMBER,Number (real number),1998,Ghana,248,3992004,5.514,0.0699999999999994
NUMBER,Number,5.613,Millions,NUMBER,Number (real number),1999,Ghana,249,3996001,5.584,0.029000000000000803
NUMBER,Number,5.313,Millions,NUMBER,Number (real number),2000,Ghana,250,4000000,5.613,-0.3000000000000007
NUMBER,Number,5.969,Millions,NUMBER,Number (real number),2001,Ghana,251,4004001,5.313,0.6560000000000006
NUMBER,Number,6.483,Millions,NUMBER,Number (real number),2002,Ghana,252,4008004,5.969,0.5139999999999993
NUMBER,Number,6.685,Millions,NUMBER,Number (real number),2003,Ghana,253,4012009,6.483,0.20199999999999996
NUMBER,Number,6.451,Millions,NUMBER,Number (real number),2004,Ghana,254,4016016,6.685,-0.23399999999999999
NUMBER,Number,6.113,Millions,NUMBER,Number (real number),2005,Ghana,255,4020025,6.451,-0.3379999999999992
NUMBER,Number,8.523,Millions,NUMBER,Number (real number),2006,Ghana,256,4024036,6.113,2.4099999999999993
NUMBER,Number,8.982,Millions,NUMBER,Number (real number),2007,Ghana,257,4028049,8.523,0.45899999999999963
NUMBER,Number,8.324,Millions,NUMBER,Number (real number),2008,Ghana,258,4032064,8.982,-0.6579999999999995
NUMBER,Number,6.868,Millions,NUMBER,Number (real number),2009,Ghana,259,4036081,8.324,-1.4559999999999995
NUMBER,Number,8.943,Millions,NUMBER,Number (real number),2010,Ghana,260,4040100,6.868,2.0749999999999993
NUMBER,Number,10.336,Millions,NUMBER,Number (real number),2011,Ghana,261,4044121,8.943,1.3930000000000007
NUMBER,Number,12.644,Millions,NUMBER,Number (real number),2012,Ghana,262,4048144,10.336,2.308
NUMBER,Number,12.606,Millions,NUMBER,Number (real number),2013,Ghana,263,4052169,12.644,-0.038000000000000256
NUMBER,Number,13.252,Millions,NUMBER,Number (real number),2014,Ghana,264,4056196,12.606,0.6460000000000008
NUMBER,Number,14.568,Millions,NUMBER,Number (real number),2015,Ghana,265,4060225,13.252,1.315999999999999
NUMBER,Number,13.917,Millions,NUMBER,Number (real number),2016,Ghana,266,4064256,14.568,-0.6509999999999998
NUMBER,Number,12.438,Millions,NUMBER,Number (real number),2017,Ghana,267,4068289,13.917,-1.4789999999999992
NUMBER,Number,15.19,Millions,NUMBER,Number (real number),2018,Ghana,268,4072324,12.438,2.751999999999999
NUMBER,Number,16.418,Millions,NUMBER,Number (real number),2019,Ghana,269,4076361,15.19,1.2279999999999998
NUMBER,Number,19.168,Millions,NUMBER,Number (real number),2020,Ghana,270,4080400,16.418,2.75
NUMBER,Number,20.546,Millions,NUMBER,Number (real number),2021,Ghana,271,4084441,19.168,1.3780000000000001
NUMBER,Number,20.287,Millions,NUMBER,Number (real number),2022,Ghana,272,4088484,20.546,-0.25900000000000034
NUMBER,Number,19.647,Millions,NUMBER,Number (real number),2023,Ghana,273,4092529,20.287,-0.6400000000000006
NUMBER,Number,0.084,Millions,NUMBER,Number (real number),1868,Greece,118,3489424,0.169,-0.085
NUMBER,Number,0.194,Millions,NUMBER,Number (real number),1869,Greece,119,3493161,0.084,0.11
NUMBER,Number,0.202,Millions,NUMBER,Number (real number),1870,Greece,120,3496900,0.194,0.008000000000000007
NUMBER,Number,0.297,Millions,NUMBER,Number (real number),1871,Greece,121,3500641,0.202,0.09499999999999997
NUMBER,Number,0.176,Millions,NUMBER,Number (real number),1872,Greece,122,3504384,0.297,-0.121
NUMBER,Number,0.194,Millions,NUMBER,Number (real number),1873,Greece,123,3508129,0.176,0.018000000000000016
NUMBER,Number,0.15,Millions,NUMBER,Number (real number),1874,Greece,124,3511876,0.194,-0.04400000000000001
NUMBER,Number,0.165,Millions,NUMBER,Number (real number),1875,Greece,125,3515625,0.15,0.015000000000000013
NUMBER,Number,0.004,Millions,NUMBER,Number (real number),1879,Greece,129,3530641,0.165,-0.161
NUMBER,Number,0.004,Millions,NUMBER,Number (real number),1883,Greece,133,3545689,0.004,0.0
NUMBER,Number,0.004,Millions,NUMBER,Number (real number),1888,Greece,138,3564544,0.004,0.0
NUMBER,Number,0.37,Millions,NUMBER,Number (real number),1892,Greece,142,3579664,0.004,0.366
NUMBER,Number,0.326,Millions,NUMBER,Number (real number),1893,Greece,143,3583449,0.37,-0.043999999999999984
NUMBER,Number,0.333,Millions,NUMBER,Number (real number),1894,Greece,144,3587236,0.326,0.007000000000000006
NUMBER,Number,0.311,Millions,NUMBER,Number (real number),1895,Greece,145,3591025,0.333,-0.02200000000000002
NUMBER,Number,0.374,Millions,NUMBER,Number (real number),1896,Greece,146,3594816,0.311,0.063
NUMBER,Number,0.363,Millions,NUMBER,Number (real number),1897,Greece,147,3598609,0.374,-0.01100000000000001
NUMBER,Number,0.462,Millions,NUMBER,Number (real number),1898,Greece,148,3602404,0.363,0.09900000000000003
NUMBER,Number,0.242,Millions,NUMBER,Number (real number),1899,Greece,149,3606201,0.462,-0.22000000000000003
NUMBER,Number,0.418,Millions,NUMBER,Number (real number),1900,Greece,150,3610000,0.242,0.176
NUMBER,Number,0.418,Millions,NUMBER,Number (real number),1901,Greece,151,3613801,0.418,0.0
NUMBER,Number,0.333,Millions,NUMBER,Number (real number),1902,Greece,152,3617604,0.418,-0.08499999999999996
NUMBER,Number,0.399,Millions,NUMBER,Number (real number),1903,Greece,153,3621409,0.333,0.066
NUMBER,Number,0.355,Millions,NUMBER,Number (real number),1904,Greece,154,3625216,0.399,-0.04400000000000004
NUMBER,Number,0.278,Millions,NUMBER,Number (real number),1905,Greece,155,3629025,0.355,-0.07699999999999996
NUMBER,Number,0.26,Millions,NUMBER,Number (real number),1906,Greece,156,3632836,0.278,-0.018000000000000016
NUMBER,Number,0.429,Millions,NUMBER,Number (real number),1907,Greece,157,3636649,0.26,0.16899999999999998
NUMBER,Number,0.729,Millions,NUMBER,Number (real number),1908,Greece,158,3640464,0.429,0.3
NUMBER,Number,0.561,Millions,NUMBER,Number (real number),1909,Greece,159,3644281,0.729,-0.16799999999999993
NUMBER,Number,0.718,Millions,NUMBER,Number (real number),1910,Greece,160,3648100,0.561,0.15699999999999992
NUMBER,Number,0.905,Millions,NUMBER,Number (real number),1911,Greece,161,3651921,0.718,0.18700000000000006
NUMBER,Number,1.337,Millions,NUMBER,Number (real number),1913,Greece,163,3659569,0.905,0.43199999999999994
NUMBER,Number,0.011,Millions,NUMBER,Number (real number),1914,Greece,164,3663396,1.337,-1.326
NUMBER,Number,0.022,Millions,NUMBER,Number (real number),1915,Greece,165,3667225,0.011,0.011
NUMBER,Number,0.066,Millions,NUMBER,Number (real number),1916,Greece,166,3671056,0.022,0.044000000000000004
NUMBER,Number,0.092,Millions,NUMBER,Number (real number),1917,Greece,167,3674889,0.066,0.025999999999999995
NUMBER,Number,0.125,Millions,NUMBER,Number (real number),1918,Greece,168,3678724,0.092,0.033
NUMBER,Number,0.106,Millions,NUMBER,Number (real number),1919,Greece,169,3682561,0.125,-0.019000000000000003
NUMBER,Number,0.678,Millions,NUMBER,Number (real number),1920,Greece,170,3686400,0.106,0.5720000000000001
NUMBER,Number,0.744,Millions,NUMBER,Number (real number),1921,Greece,171,3690241,0.678,0.06599999999999995
NUMBER,Number,0.678,Millions,NUMBER,Number (real number),1922,Greece,172,3694084,0.744,-0.06599999999999995
NUMBER,Number,0.92,Millions,NUMBER,Number (real number),1923,Greece,173,3697929,0.678,0.242
NUMBER,Number,1.297,Millions,NUMBER,Number (real number),1924,Greece,174,3701776,0.92,0.3769999999999999
NUMBER,Number,1.979,Millions,NUMBER,Number (real number),1925,Greece,175,3705625,1.297,0.6820000000000002
NUMBER,Number,1.821,Millions,NUMBER,Number (real number),1926,Greece,176,3709476,1.979,-0.15800000000000014
NUMBER,Number,2.316,Millions,NUMBER,Number (real number),1927,Greece,177,3713329,1.821,0.4949999999999999
NUMBER,Number,2.374,Millions,NUMBER,Number (real number),1928,Greece,178,3717184,2.316,0.058000000000000274
NUMBER,Number,2.703,Millions,NUMBER,Number (real number),1929,Greece,179,3721041,2.374,0.32899999999999974
NUMBER,Number,2.854,Millions,NUMBER,Number (real number),1930,Greece,180,3724900,2.703,0.15100000000000025
NUMBER,Number,2.729,Millions,NUMBER,Number (real number),1931,Greece,181,3728761,2.854,-0.125
NUMBER,Number,2.681,Millions,NUMBER,Number (real number),1932,Greece,182,3732624,2.729,-0.04800000000000004
NUMBER,Number,2.3,Millions,NUMBER,Number (real number),1933,Greece,183,3736489,2.681,-0.3810000000000002
NUMBER,Number,2.831,Millions,NUMBER,Number (real number),1934,Greece,184,3740356,2.3,0.5310000000000001
NUMBER,Number,2.912,Millions,NUMBER,Number (real number),1935,Greece,185,3744225,2.831,0.08099999999999996
NUMBER,Number,3.366,Millions,NUMBER,Number (real number),1936,Greece,186,3748096,2.912,0.4540000000000002
NUMBER,Number,3.586,Millions,NUMBER,Number (real number),1937,Greece,187,3751969,3.366,0.21999999999999975
NUMBER,Number,2.842,Millions,NUMBER,Number (real number),1938,Greece,188,3755844,3.586,-0.7439999999999998
NUMBER,Number,0.251,Millions,NUMBER,Number (real number),1939,Greece,189,3759721,2.842,-2.591
NUMBER,Number,0.237,Millions,NUMBER,Number (real number),1940,Greece,190,3763600,0.251,-0.014000000000000012
NUMBER,Number,0.135,Millions,NUMBER,Number (real number),1941,Greece,191,3767481,0.237,-0.10199999999999998
NUMBER,Number,0.227,Millions,NUMBER,Number (real number),1942,Greece,192,3771364,0.135,0.092
NUMBER,Number,0.213,Millions,NUMBER,Number (real number),1943,Greece,193,3775249,0.227,-0.014000000000000012
NUMBER,Number,0.11,Millions,NUMBER,Number (real number),1944,Greece,194,3779136,0.213,-0.103
NUMBER,Number,0.066,Millions,NUMBER,Number (real number),1945,Greece,195,3783025,0.11,-0.044
NUMBER,Number,0.124,Millions,NUMBER,Number (real number),1946,Greece,196,3786916,0.066,0.057999999999999996
NUMBER,Number,0.168,Millions,NUMBER,Number (real number),1947,Greece,197,3790809,0.124,0.04400000000000001
NUMBER,Number,1.351,Millions,NUMBER,Number (real number),1948,Greece,198,3794704,0.168,1.183
NUMBER,Number,1.64,Millions,NUMBER,Number (real number),1949,Greece,199,3798601,1.351,0.2889999999999999
NUMBER,Number,4.128,Millions,NUMBER,Number (real number),1950,Greece,200,3802500,1.64,2.4880000000000004
NUMBER,Number,4.575,Millions,NUMBER,Number (real number),1951,Greece,201,3806401,4.128,0.44700000000000006
NUMBER,Number,4.797,Millions,NUMBER,Number (real number),1952,Greece,202,3810304,4.575,0.22199999999999953
NUMBER,Number,4.885,Millions,NUMBER,Number (real number),1953,Greece,203,3814209,4.797,0.08800000000000008
NUMBER,Number,5.082,Millions,NUMBER,Number (real number),1954,Greece,204,3818116,4.885,0.19700000000000006
NUMBER,Number,5.953,Millions,NUMBER,Number (real number),1955,Greece,205,3822025,5.082,0.8710000000000004
NUMBER,Number,6.286,Millions,NUMBER,Number (real number),1956,Greece,206,3825936,5.953,0.3329999999999993
NUMBER,Number,6.814,Millions,NUMBER,Number (real number),1957,Greece,207,3829849,6.286,0.5280000000000005
NUMBER,Number,7.447,Millions,NUMBER,Number (real number),1958,Greece,208,3833764,6.814,0.633
NUMBER,Number,8.121,Millions,NUMBER,Number (real number),1959,Greece,209,3837681,7.447,0.6740000000000004
NUMBER,Number,9.392,Millions,NUMBER,Number (real number),1960,Greece,210,3841600,8.121,1.270999999999999
NUMBER,Number,9.808,Millions,NUMBER,Number (real number),1961,Greece,211,3845521,9.392,0.41600000000000037
NUMBER,Number,10.149,Millions,NUMBER,Number (real number),1962,Greece,212,3849444,9.808,0.3409999999999993
NUMBER,Number,12.239,Millions,NUMBER,Number (real number),1963,Greece,213,3853369,10.149,2.0900000000000016
NUMBER,Number,13.202,Millions,NUMBER,Number (real number),1964,Greece,214,3857296,12.239,0.9629999999999992
NUMBER,Number,16.999,Millions,NUMBER,Number (real number),1965,Greece,215,3861225,13.202,3.796999999999999
NUMBER,Number,18.621,Millions,NUMBER,Number (real number),1966,Greece,216,3865156,16.999,1.6219999999999999
NUMBER,Number,19.504,Millions,NUMBER,Number (real number),1967,Greece,217,3869089,18.621,0.8830000000000027
NUMBER,Number,22.286,Millions,NUMBER,Number (real number),1968,Greece,218,3873024,19.504,2.782
NUMBER,Number,25.434,Millions,NUMBER,Number (real number),1969,Greece,219,3876961,22.286,3.1479999999999997
NUMBER,Number,24.126,Millions,NUMBER,Number (real number),1970,Greece,220,3880900,25.434,-1.3079999999999998
NUMBER,Number,27.75,Millions,NUMBER,Number (real number),1971,Greece,221,3884841,24.126,3.6239999999999988
NUMBER,Number,31.477,Millions,NUMBER,Number (real number),1972,Greece,222,3888784,27.75,3.7270000000000003
NUMBER,Number,37.131,Millions,NUMBER,Number (real number),1973,Greece,223,3892729,31.477,5.654
NUMBER,Number,36.062,Millions,NUMBER,Number (real number),1974,Greece,224,3896676,37.131,-1.0690000000000026
NUMBER,Number,38.67,Millions,NUMBER,Number (real number),1975,Greece,225,3900625,36.062,2.608000000000004
NUMBER,Number,42.656,Millions,NUMBER,Number (real number),1976,Greece,226,3904576,38.67,3.985999999999997
NUMBER,Number,46.657,Millions,NUMBER,Number (real number),1977,Greece,227,3908529,42.656,4.000999999999998
NUMBER,Number,47.678,Millions,NUMBER,Number (real number),1978,Greece,228,3912484,46.657,1.0210000000000008
NUMBER,Number,50.819,Millions,NUMBER,Number (real number),1979,Greece,229,3916441,47.678,3.1410000000000053
NUMBER,Number,50.889,Millions,NUMBER,Number (real number),1980,Greece,230,3920400,50.819,0.07000000000000028
NUMBER,Number,50.125,Millions,NUMBER,Number (real number),1981,Greece,231,3924361,50.889,-0.7640000000000029
NUMBER,Number,51.509,Millions,NUMBER,Number (real number),1982,Greece,232,3928324,50.125,1.3840000000000003
NUMBER,Number,54.789,Millions,NUMBER,Number (real number),1983,Greece,233,3932289,51.509,3.280000000000001
NUMBER,Number,56.285,Millions,NUMBER,Number (real number),1984,Greece,234,3936256,54.789,1.4959999999999951
NUMBER,Number,59.772,Millions,NUMBER,Number (real number),1985,Greece,235,3940225,56.285,3.487000000000002
NUMBER,Number,58.274,Millions,NUMBER,Number (real number),1986,Greece,236,3944196,59.772,-1.4979999999999976
NUMBER,Number,62.576,Millions,NUMBER,Number (real number),1987,Greece,237,3948169,58.274,4.302
NUMBER,Number,67.052,Millions,NUMBER,Number (real number),1988,Greece,238,3952144,62.576,4.476000000000006
NUMBER,Number,73.231,Millions,NUMBER,Number (real number),1989,Greece,239,3956121,67.052,6.178999999999988
NUMBER,Number,83.438,Millions,NUMBER,Number (real number),1990,Greece,240,3960100,73.231,10.207000000000008
NUMBER,Number,83.408,Millions,NUMBER,Number (real number),1991,Greece,241,3964081,83.438,-0.030000000000001137
NUMBER,Number,84.976,Millions,NUMBER,Number (real number),1992,Greece,242,3968064,83.408,1.5679999999999978
NUMBER,Number,84.285,Millions,NUMBER,Number (real number),1993,Greece,243,3972049,84.976,-0.6910000000000025
NUMBER,Number,86.43,Millions,NUMBER,Number (real number),1994,Greece,244,3976036,84.285,2.1450000000000102
NUMBER,Number,86.963,Millions,NUMBER,Number (real number),1995,Greece,245,3980025,86.43,0.532999999999987
NUMBER,Number,89.115,Millions,NUMBER,Number (real number),1996,Greece,246,3984016,86.963,2.152000000000001
NUMBER,Number,93.802,Millions,NUMBER,Number (real number),1997,Greece,247,3988009,89.115,4.687000000000012
NUMBER,Number,98.622,Millions,NUMBER,Number (real number),1998,Greece,248,3992004,93.802,4.819999999999993
NUMBER,Number,97.935,Millions,NUMBER,Number (real number),1999,Greece,249,3996001,98.622,-0.6869999999999976
NUMBER,Number,102.973,Millions,NUMBER,Number (real number),2000,Greece,250,4000000,97.935,5.037999999999997
NUMBER,Number,105.362,Millions,NUMBER,Number (real number),2001,Greece,251,4004001,102.973,2.388999999999996
NUMBER,Number,105.001,Millions,NUMBER,Number (real number),2002,Greece,252,4008004,105.362,-0.36099999999999
NUMBER,Number,109.067,Millions,NUMBER,Number (real number),2003,Greece,253,4012009,105.001,4.065999999999988
NUMBER,Number,109.485,Millions,NUMBER,Number (real number),2004,Greece,254,4016016,109.067,0.41800000000000637
NUMBER,Number,113.889,Millions,NUMBER,Number (real number),2005,Greece,255,4020025,109.485,4.403999999999996
NUMBER,Number,112.42,Millions,NUMBER,Number (real number),2006,Greece,256,4024036,113.889,-1.468999999999994
NUMBER,Number,114.546,Millions,NUMBER,Number (real number),2007,Greece,257,4028049,112.42,2.1260000000000048
NUMBER,Number,111.08,Millions,NUMBER,Number (real number),2008,Greece,258,4032064,114.546,-3.466000000000008
NUMBER,Number,104.32,Millions,NUMBER,Number (real number),2009,Greece,259,4036081,111.08,-6.760000000000005
NUMBER,Number,97.354,Millions,NUMBER,Number (real number),2010,Greece,260,4040100,104.32,-6.965999999999994
NUMBER,Number,94.505,Millions,NUMBER,Number (real number),2011,Greece,261,4044121,97.354,-2.8490000000000038
NUMBER,Number,91.393,Millions,NUMBER,Number (real number),2012,Greece,262,4048144,94.505,-3.1119999999999948
NUMBER,Number,81.713,Millions,NUMBER,Number (real number),2013,Greece,263,4052169,91.393,-9.680000000000007
NUMBER,Number,78.636,Millions,NUMBER,Number (real number),2014,Greece,264,4056196,81.713,-3.076999999999998
NUMBER,Number,74.927,Millions,NUMBER,Number (real number),2015,Greece,265,4060225,78.636,-3.708999999999989
NUMBER,Number,71.36,Millions,NUMBER,Number (real number),2016,Greece,266,4064256,74.927,-3.5670000000000073
NUMBER,Number,74.842,Millions,NUMBER,Number (real number),2017,Greece,267,4068289,71.36,3.4819999999999993
NUMBER,Number,71.778,Millions,NUMBER,Number (real number),2018,Greece,268,4072324,74.842,-3.063999999999993
NUMBER,Number,65.736,Millions,NUMBER,Number (real number),2019,Greece,269,4076361,71.778,-6.042000000000002
NUMBER,Number,55.558,Millions,NUMBER,Number (real number),2020,Greece,270,4080400,65.736,-10.178000000000004
NUMBER,Number,57.519,Millions,NUMBER,Number (real number),2021,Greece,271,4084441,55.558,1.9609999999999985
NUMBER,Number,58.08,Millions,NUMBER,Number (real number),2022,Greece,272,4088484,57.519,0.5609999999999999
NUMBER,Number,55.196,Millions,NUMBER,Number (real number),2023,Greece,273,4092529,58.08,-2.8840000000000003
NUMBER,Number,0.099,Millions,NUMBER,Number (real number),1951,Greenland,201,3806401,0.099,0.0
NUMBER,Number,0.106,Millions,NUMBER,Number (real number),1952,Greenland,202,3810304,0.099,0.006999999999999992
NUMBER,Number,0.121,Millions,NUMBER,Number (real number),1953,Greenland,203,3814209,0.106,0.015
NUMBER,Number,0.103,Millions,NUMBER,Number (real number),1954,Greenland,204,3818116,0.121,-0.018000000000000002
NUMBER,Number,0.209,Millions,NUMBER,Number (real number),1955,Greenland,205,3822025,0.103,0.106
NUMBER,Number,0.143,Millions,NUMBER,Number (real number),1956,Greenland,206,3825936,0.209,-0.066
NUMBER,Number,0.161,Millions,NUMBER,Number (real number),1957,Greenland,207,3829849,0.143,0.018000000000000016
NUMBER,Number,0.227,Millions,NUMBER,Number (real number),1958,Greenland,208,3833764,0.161,0.066
NUMBER,Number,0.234,Millions,NUMBER,Number (real number),1959,Greenland,209,3837681,0.227,0.007000000000000006
NUMBER,Number,0.224,Millions,NUMBER,Number (real number),1960,Greenland,210,3841600,0.234,-0.010000000000000009
NUMBER,Number,0.293,Millions,NUMBER,Number (real number),1961,Greenland,211,3845521,0.224,0.06899999999999998
NUMBER,Number,0.264,Millions,NUMBER,Number (real number),1962,Greenland,212,3849444,0.293,-0.02899999999999997
NUMBER,Number,0.33,Millions,NUMBER,Number (real number),1963,Greenland,213,3853369,0.264,0.066
NUMBER,Number,0.315,Millions,NUMBER,Number (real number),1964,Greenland,214,3857296,0.33,-0.015000000000000013
NUMBER,Number,0.344,Millions,NUMBER,Number (real number),1965,Greenland,215,3861225,0.315,0.02899999999999997
NUMBER,Number,0.388,Millions,NUMBER,Number (real number),1966,Greenland,216,3865156,0.344,0.04400000000000004
NUMBER,Number,0.418,Millions,NUMBER,Number (real number),1967,Greenland,217,3869089,0.388,0.02999999999999997
NUMBER,Number,0.542,Millions,NUMBER,Number (real number),1968,Greenland,218,3873024,0.418,0.12400000000000005
NUMBER,Number,0.407,Millions,NUMBER,Number (real number),1969,Greenland,219,3876961,0.542,-0.13500000000000006
NUMBER,Number,0.381,Millions,NUMBER,Number (real number),1970,Greenland,220,3880900,0.407,-0.025999999999999968
NUMBER,Number,0.469,Millions,NUMBER,Number (real number),1971,Greenland,221,3884841,0.381,0.08799999999999997
NUMBER,Number,0.553,Millions,NUMBER,Number (real number),1972,Greenland,222,3888784,0.469,0.08400000000000007
NUMBER,Number,0.557,Millions,NUMBER,Number (real number),1973,Greenland,223,3892729,0.553,0.0040000000000000036
NUMBER,Number,0.557,Millions,NUMBER,Number (real number),1974,Greenland,224,3896676,0.557,0.0
NUMBER,Number,0.506,Millions,NUMBER,Number (real number),1975,Greenland,225,3900625,0.557,-0.051000000000000045
NUMBER,Number,0.22,Millions,NUMBER,Number (real number),1976,Greenland,226,3904576,0.506,-0.28600000000000003
NUMBER,Number,0.722,Millions,NUMBER,Number (real number),1977,Greenland,227,3908529,0.22,0.502
NUMBER,Number,0.392,Millions,NUMBER,Number (real number),1978,Greenland,228,3912484,0.722,-0.32999999999999996
NUMBER,Number,0.572,Millions,NUMBER,Number (real number),1979,Greenland,229,3916441,0.392,0.17999999999999994
NUMBER,Number,0.564,Millions,NUMBER,Number (real number),1980,Greenland,230,3920400,0.572,-0.008000000000000007
NUMBER,Number,0.528,Millions,NUMBER,Number (real number),1981,Greenland,231,3924361,0.564,-0.03599999999999992
NUMBER,Number,0.517,Millions,NUMBER,Number (real number),1982,Greenland,232,3928324,0.528,-0.01100000000000001
NUMBER,Number,0.363,Millions,NUMBER,Number (real number),1983,Greenland,233,3932289,0.517,-0.15400000000000003
NUMBER,Number,0.568,Millions,NUMBER,Number (real number),1984,Greenland,234,3936256,0.363,0.20499999999999996
NUMBER,Number,0.509,Millions,NUMBER,Number (real number),1985,Greenland,235,3940225,0.568,-0.05899999999999994
NUMBER,Number,0.326,Millions,NUMBER,Number (real number),1986,Greenland,236,3944196,0.509,-0.183
NUMBER,Number,0.234,Millions,NUMBER,Number (real number),1987,Greenland,237,3948169,0.326,-0.092
NUMBER,Number,0.546,Millions,NUMBER,Number (real number),1988,Greenland,238,3952144,0.234,0.31200000000000006
NUMBER,Number,0.473,Millions,NUMBER,Number (real number),1989,Greenland,239,3956121,0.546,-0.07300000000000006
NUMBER,Number,0.625,Millions,NUMBER,Number (real number),1990,Greenland,240,3960100,0.473,0.15200000000000002
NUMBER,Number,0.61,Millions,NUMBER,Number (real number),1991,Greenland,241,3964081,0.625,-0.015000000000000013
NUMBER,Number,0.596,Millions,NUMBER,Number (real number),1992,Greenland,242,3968064,0.61,-0.014000000000000012
NUMBER,Number,0.546,Millions,NUMBER,Number (real number),1993,Greenland,243,3972049,0.596,-0.04999999999999993
NUMBER,Number,0.496,Millions,NUMBER,Number (real number),1994,Greenland,244,3976036,0.546,-0.050000000000000044
NUMBER,Number,0.534,Millions,NUMBER,Number (real number),1995,Greenland,245,3980025,0.496,0.038000000000000034
NUMBER,Number,0.597,Millions,NUMBER,Number (real number),1996,Greenland,246,3984016,0.534,0.06299999999999994
NUMBER,Number,0.618,Millions,NUMBER,Number (real number),1997,Greenland,247,3988009,0.597,0.02100000000000002
NUMBER,Number,0.597,Millions,NUMBER,Number (real number),1998,Greenland,248,3992004,0.618,-0.02100000000000002
NUMBER,Number,0.595,Millions,NUMBER,Number (real number),1999,Greenland,249,3996001,0.597,-0.0020000000000000018
NUMBER,Number,0.668,Millions,NUMBER,Number (real number),2000,Greenland,250,4000000,0.595,0.07300000000000006
NUMBER,Number,0.618,Millions,NUMBER,Number (real number),2001,Greenland,251,4004001,0.668,-0.050000000000000044
NUMBER,Number,0.58,Millions,NUMBER,Number (real number),2002,Greenland,252,4008004,0.618,-0.038000000000000034
NUMBER,Number,0.649,Millions,NUMBER,Number (real number),2003,Greenland,253,4012009,0.58,0.06900000000000006
NUMBER,Number,0.64,Millions,NUMBER,Number (real number),2004,Greenland,254,4016016,0.649,-0.009000000000000008
NUMBER,Number,0.644,Millions,NUMBER,Number (real number),2005,Greenland,255,4020025,0.64,0.0040000000000000036
NUMBER,Number,0.663,Millions,NUMBER,Number (real number),2006,Greenland,256,4024036,0.644,0.019000000000000017
NUMBER,Number,0.654,Millions,NUMBER,Number (real number),2007,Greenland,257,4028049,0.663,-0.009000000000000008
NUMBER,Number,0.677,Millions,NUMBER,Number (real number),2008,Greenland,258,4032064,0.654,0.02300000000000002
NUMBER,Number,0.592,Millions,NUMBER,Number (real number),2009,Greenland,259,4036081,0.677,-0.08500000000000008
NUMBER,Number,0.679,Millions,NUMBER,Number (real number),2010,Greenland,260,4040100,0.592,0.08700000000000008
NUMBER,Number,0.726,Millions,NUMBER,Number (real number),2011,Greenland,261,4044121,0.679,0.04699999999999993
NUMBER,Number,0.58,Millions,NUMBER,Number (real number),2012,Greenland,262,4048144,0.726,-0.14600000000000002
NUMBER,Number,0.563,Millions,NUMBER,Number (real number),2013,Greenland,263,4052169,0.58,-0.017000000000000015
NUMBER,Number,0.523,Millions,NUMBER,Number (real number),2014,Greenland,264,4056196,0.563,-0.039999999999999925
NUMBER,Number,0.526,Millions,NUMBER,Number (real number),2015,Greenland,265,4060225,0.523,0.0030000000000000027
NUMBER,Number,0.527,Millions,NUMBER,Number (real number),2016,Greenland,266,4064256,0.526,0.0010000000000000009
NUMBER,Number,0.544,Millions,NUMBER,Number (real number),2017,Greenland,267,4068289,0.527,0.017000000000000015
NUMBER,Number,0.545,Millions,NUMBER,Number (real number),2018,Greenland,268,4072324,0.544,0.0010000000000000009
NUMBER,Number,0.555,Millions,NUMBER,Number (real number),2019,Greenland,269,4076361,0.545,0.010000000000000009
NUMBER,Number,0.537,Millions,NUMBER,Number (real number),2020,Greenland,270,4080400,0.555,-0.018000000000000016
NUMBER,Number,0.567,Millions,NUMBER,Number (real number),2021,Greenland,271,4084441,0.537,0.029999999999999916
NUMBER,Number,0.588,Millions,NUMBER,Number (real number),2022,Greenland,272,4088484,0.567,0.02100000000000002
NUMBER,Number,0.596,Millions,NUMBER,Number (real number),2023,Greenland,273,4092529,0.588,0.008000000000000007
NUMBER,Number,0.011,Millions,NUMBER,Number (real number),1951,Grenada,201,3806401,0.007,0.003999999999999999
NUMBER,Number,0.011,Millions,NUMBER,Number (real number),1952,Grenada,202,3810304,0.011,0.0
NUMBER,Number,0.011,Millions,NUMBER,Number (real number),1953,Grenada,203,3814209,0.011,0.0
NUMBER,Number,0.011,Millions,NUMBER,Number (real number),1954,Grenada,204,3818116,0.011,0.0
NUMBER,Number,0.011,Millions,NUMBER,Number (real number),1955,Grenada,205,3822025,0.011,0.0
NUMBER,Number,0.011,Millions,NUMBER,Number (real number),1956,Grenada,206,3825936,0.011,0.0
NUMBER,Number,0.011,Millions,NUMBER,Number (real number),1957,Grenada,207,3829849,0.011,0.0
NUMBER,Number,0.015,Millions,NUMBER,Number (real number),1958,Grenada,208,3833764,0.011,0.004
NUMBER,Number,0.015,Millions,NUMBER,Number (real number),1959,Grenada,209,3837681,0.015,0.0
NUMBER,Number,0.022,Millions,NUMBER,Number (real number),1960,Grenada,210,3841600,0.015,0.006999999999999999
NUMBER,Number,0.018,Millions,NUMBER,Number (real number),1961,Grenada,211,3845521,0.022,-0.004
NUMBER,Number,0.026,Millions,NUMBER,Number (real number),1962,Grenada,212,3849444,0.018,0.008
NUMBER,Number,0.015,Millions,NUMBER,Number (real number),1963,Grenada,213,3853369,0.026,-0.011
NUMBER,Number,0.022,Millions,NUMBER,Number (real number),1964,Grenada,214,3857296,0.015,0.006999999999999999
NUMBER,Number,0.022,Millions,NUMBER,Number (real number),1965,Grenada,215,3861225,0.022,0.0
NUMBER,Number,0.029,Millions,NUMBER,Number (real number),1966,Grenada,216,3865156,0.022,0.007000000000000003
NUMBER,Number,0.037,Millions,NUMBER,Number (real number),1967,Grenada,217,3869089,0.029,0.007999999999999997
NUMBER,Number,0.04,Millions,NUMBER,Number (real number),1968,Grenada,218,3873024,0.037,0.0030000000000000027
NUMBER,Number,0.048,Millions,NUMBER,Number (real number),1969,Grenada,219,3876961,0.04,0.008
NUMBER,Number,0.044,Millions,NUMBER,Number (real number),1970,Grenada,220,3880900,0.048,-0.0040000000000000036
NUMBER,Number,0.048,Millions,NUMBER,Number (real number),1971,Grenada,221,3884841,0.044,0.0040000000000000036
NUMBER,Number,0.048,Millions,NUMBER,Number (real number),1972,Grenada,222,3888784,0.048,0.0
NUMBER,Number,0.055,Millions,NUMBER,Number (real number),1973,Grenada,223,3892729,0.048,0.006999999999999999
NUMBER,Number,0.037,Millions,NUMBER,Number (real number),1974,Grenada,224,3896676,0.055,-0.018000000000000002
NUMBER,Number,0.048,Millions,NUMBER,Number (real number),1975,Grenada,225,3900625,0.037,0.011000000000000003
NUMBER,Number,0.048,Millions,NUMBER,Number (real number),1976,Grenada,226,3904576,0.048,0.0
NUMBER,Number,0.048,Millions,NUMBER,Number (real number),1977,Grenada,227,3908529,0.048,0.0
NUMBER,Number,0.051,Millions,NUMBER,Number (real number),1978,Grenada,228,3912484,0.048,0.0029999999999999957
NUMBER,Number,0.048,Millions,NUMBER,Number (real number),1979,Grenada,229,3916441,0.051,-0.0029999999999999957
NUMBER,Number,0.048,Millions,NUMBER,Number (real number),1980,Grenada,230,3920400,0.048,0.0
NUMBER,Number,0.059,Millions,NUMBER,Number (real number),1981,Grenada,231,3924361,0.048,0.010999999999999996
NUMBER,Number,0.062,Millions,NUMBER,Number (real number),1982,Grenada,232,3928324,0.059,0.0030000000000000027
NUMBER,Number,0.062,Millions,NUMBER,Number (real number),1983,Grenada,233,3932289,0.062,0.0
NUMBER,Number,0.062,Millions,NUMBER,Number (real number),1984,Grenada,234,3936256,0.062,0.0
NUMBER,Number,0.062,Millions,NUMBER,Number (real number),1985,Grenada,235,3940225,0.062,0.0
NUMBER,Number,0.066,Millions,NUMBER,Number (real number),1986,Grenada,236,3944196,0.062,0.0040000000000000036
NUMBER,Number,0.073,Millions,NUMBER,Number (real number),1987,Grenada,237,3948169,0.066,0.006999999999999992
NUMBER,Number,0.095,Millions,NUMBER,Number (real number),1988,Grenada,238,3952144,0.073,0.022000000000000006
NUMBER,Number,0.103,Millions,NUMBER,Number (real number),1989,Grenada,239,3956121,0.095,0.007999999999999993
NUMBER,Number,0.106,Millions,NUMBER,Number (real number),1990,Grenada,240,3960100,0.103,0.0030000000000000027
NUMBER,Number,0.11,Millions,NUMBER,Number (real number),1991,Grenada,241,3964081,0.106,0.0040000000000000036
NUMBER,Number,0.117,Millions,NUMBER,Number (real number),1992,Grenada,242,3968064,0.11,0.007000000000000006
NUMBER,Number,0.121,Millions,NUMBER,Number (real number),1993,Grenada,243,3972049,0.117,0.00399999999999999
NUMBER,Number,0.143,Millions,NUMBER,Number (real number),1994,Grenada,244,3976036,0.121,0.021999999999999992
NUMBER,Number,0.15,Millions,NUMBER,Number (real number),1995,Grenada,245,3980025,0.143,0.007000000000000006
NUMBER,Number,0.154,Millions,NUMBER,Number (real number),1996,Grenada,246,3984016,0.15,0.0040000000000000036
NUMBER,Number,0.169,Millions,NUMBER,Number (real number),1997,Grenada,247,3988009,0.154,0.015000000000000013
NUMBER,Number,0.176,Millions,NUMBER,Number (real number),1998,Grenada,248,3992004,0.169,0.0069999999999999785
NUMBER,Number,0.194,Millions,NUMBER,Number (real number),1999,Grenada,249,3996001,0.176,0.018000000000000016
NUMBER,Number,0.191,Millions,NUMBER,Number (real number),2000,Grenada,250,4000000,0.194,-0.0030000000000000027
NUMBER,Number,0.194,Millions,NUMBER,Number (real number),2001,Grenada,251,4004001,0.191,0.0030000000000000027
NUMBER,Number,0.205,Millions,NUMBER,Number (real number),2002,Grenada,252,4008004,0.194,0.010999999999999982
NUMBER,Number,0.216,Millions,NUMBER,Number (real number),2003,Grenada,253,4012009,0.205,0.01100000000000001
NUMBER,Number,0.205,Millions,NUMBER,Number (real number),2004,Grenada,254,4016016,0.216,-0.01100000000000001
NUMBER,Number,0.216,Millions,NUMBER,Number (real number),2005,Grenada,255,4020025,0.205,0.01100000000000001
NUMBER,Number,0.231,Millions,NUMBER,Number (real number),2006,Grenada,256,4024036,0.216,0.015000000000000013
NUMBER,Number,0.238,Millions,NUMBER,Number (real number),2007,Grenada,257,4028049,0.231,0.0069999999999999785
NUMBER,Number,0.249,Millions,NUMBER,Number (real number),2008,Grenada,258,4032064,0.238,0.01100000000000001
NUMBER,Number,0.253,Millions,NUMBER,Number (real number),2009,Grenada,259,4036081,0.249,0.0040000000000000036
NUMBER,Number,0.256,Millions,NUMBER,Number (real number),2010,Grenada,260,4040100,0.253,0.0030000000000000027
NUMBER,Number,0.253,Millions,NUMBER,Number (real number),2011,Grenada,261,4044121,0.256,-0.0030000000000000027
NUMBER,Number,0.271,Millions,NUMBER,Number (real number),2012,Grenada,262,4048144,0.253,0.018000000000000016
NUMBER,Number,0.297,Millions,NUMBER,Number (real number),2013,Grenada,263,4052169,0.271,0.025999999999999968
NUMBER,Number,0.238,Millions,NUMBER,Number (real number),2014,Grenada,264,4056196,0.297,-0.059
NUMBER,Number,0.26,Millions,NUMBER,Number (real number),2015,Grenada,265,4060225,0.238,0.02200000000000002
NUMBER,Number,0.275,Millions,NUMBER,Number (real number),2016,Grenada,266,4064256,0.26,0.015000000000000013
NUMBER,Number,0.293,Millions,NUMBER,Number (real number),2017,Grenada,267,4068289,0.275,0.01799999999999996
NUMBER,Number,0.308,Millions,NUMBER,Number (real number),2018,Grenada,268,4072324,0.293,0.015000000000000013
NUMBER,Number,0.33,Millions,NUMBER,Number (real number),2019,Grenada,269,4076361,0.308,0.02200000000000002
NUMBER,Number,0.289,Millions,NUMBER,Number (real number),2020,Grenada,270,4080400,0.33,-0.041000000000000036
NUMBER,Number,0.311,Millions,NUMBER,Number (real number),2021,Grenada,271,4084441,0.289,0.02200000000000002
NUMBER,Number,0.321,Millions,NUMBER,Number (real number),2022,Grenada,272,4088484,0.311,0.010000000000000009
NUMBER,Number,0.339,Millions,NUMBER,Number (real number),2023,Grenada,273,4092529,0.321,0.018000000000000016
NUMBER,Number,0.0,Millions,NUMBER,Number (real number),1871,Guatemala,121,3500641,0.0,0.0
NUMBER,Number,0.0,Millions,NUMBER,Number (real number),1872,Guatemala,122,3504384,0.0,0.0
NUMBER,Number,0.0,Millions,NUMBER,Number (real number),1873,Guatemala,123,3508129,0.0,0.0
NUMBER,Number,0.0,Millions,NUMBER,Number (real number),1874,Guatemala,124,3511876,0.0,0.0
NUMBER,Number,0.0,Millions,NUMBER,Number (real number),1875,Guatemala,125,3515625,0.0,0.0
NUMBER,Number,0.0,Millions,NUMBER,Number (real number),1876,Guatemala,126,3519376,0.0,0.0
NUMBER,Number,0.0,Millions,NUMBER,Number (real number),1877,Guatemala,127,3523129,0.0,0.0
NUMBER,Number,0.0,Millions,NUMBER,Number (real number),1878,Guatemala,128,3526884,0.0,0.0
NUMBER,Number,0.0,Millions,NUMBER,Number (real number),1879,Guatemala,129,3530641,0.0,0.0
NUMBER,Number,0.0,Millions,NUMBER,Number (real number),1880,Guatemala,130,3534400,0.0,0.0
NUMBER,Number,0.0,Millions,NUMBER,Number (real number),1881,Guatemala,131,3538161,0.0,0.0
NUMBER,Number,0.0,Millions,NUMBER,Number (real number),1882,Guatemala,132,3541924,0.0,0.0
NUMBER,Number,0.0,Millions,NUMBER,Number (real number),1883,Guatemala,133,3545689,0.0,0.0
NUMBER,Number,0.0,Millions,NUMBER,Number (real number),1884,Guatemala,134,3549456,0.0,0.0
NUMBER,Number,0.0,Millions,NUMBER,Number (real number),1885,Guatemala,135,3553225,0.0,0.0
NUMBER,Number,0.0,Millions,NUMBER,Number (real number),1886,Guatemala,136,3556996,0.0,0.0
NUMBER,Number,0.0,Millions,NUMBER,Number (real number),1887,Guatemala,137,3560769,0.0,0.0
NUMBER,Number,0.0,Millions,NUMBER,Number (real number),1888,Guatemala,138,3564544,0.0,0.0
NUMBER,Number,0.0,Millions,NUMBER,Number (real number),1889,Guatemala,139,3568321,0.0,0.0
NUMBER,Number,0.0,Millions,NUMBER,Number (real number),1890,Guatemala,140,3572100,0.0,0.0
NUMBER,Number,0.0,Millions,NUMBER,Number (real number),1891,Guatemala,141,3575881,0.0,0.0
NUMBER,Number,0.001,Millions,NUMBER,Number (real number),1892,Guatemala,142,3579664,0.0,0.001
NUMBER,Number,0.001,Millions,NUMBER,Number (real number),1893,Guatemala,143,3583449,0.001,0.0
NUMBER,Number,0.002,Millions,NUMBER,Number (real number),1894,Guatemala,144,3587236,0.001,0.001
NUMBER,Number,0.012,Millions,NUMBER,Number (real number),1895,Guatemala,145,3591025,0.002,0.01
NUMBER,Number,0.01,Millions,NUMBER,Number (real number),1896,Guatemala,146,3594816,0.012,-0.002
NUMBER,Number,0.014,Millions,NUMBER,Number (real number),1897,Guatemala,147,3598609,0.01,0.004
NUMBER,Number,0.003,Millions,NUMBER,Number (real number),1898,Guatemala,148,3602404,0.014,-0.011
NUMBER,Number,0.003,Millions,NUMBER,Number (real number),1899,Guatemala,149,3606201,0.003,0.0
NUMBER,Number,0.005,Millions,NUMBER,Number (real number),1900,Guatemala,150,3610000,0.003,0.002
NUMBER,Number,0.007,Millions,NUMBER,Number (real number),1901,Guatemala,151,3613801,0.005,0.002
NUMBER,Number,0.013,Millions,NUMBER,Number (real number),1902,Guatemala,152,3617604,0.007,0.005999999999999999
NUMBER,Number,0.017,Millions,NUMBER,Number (real number),1903,Guatemala,153,3621409,0.013,0.004000000000000002
NUMBER,Number,0.025,Millions,NUMBER,Number (real number),1904,Guatemala,154,3625216,0.017,0.008
NUMBER,Number,0.034,Millions,NUMBER,Number (real number),1905,Guatemala,155,3629025,0.025,0.009000000000000001
NUMBER,Number,0.039,Millions,NUMBER,Number (real number),1906,Guatemala,156,3632836,0.034,0.0049999999999999975
NUMBER,Number,0.035,Millions,NUMBER,Number (real number),1907,Guatemala,157,3636649,0.039,-0.003999999999999997
NUMBER,Number,0.028,Millions,NUMBER,Number (real number),1908,Guatemala,158,3640464,0.035,-0.007000000000000003
NUMBER,Number,0.03,Millions,NUMBER,Number (real number),1909,Guatemala,159,3644281,0.028,0.0019999999999999983
NUMBER,Number,0.036,Millions,NUMBER,Number (real number),1910,Guatemala,160,3648100,0.03,0.005999999999999998
NUMBER,Number,0.041,Millions,NUMBER,Number (real number),1911,Guatemala,161,3651921,0.036,0.0050000000000000044
NUMBER,Number,0.045,Millions,NUMBER,Number (real number),1912,Guatemala,162,3655744,0.041,0.003999999999999997
NUMBER,Number,0.044,Millions,NUMBER,Number (real number),1913,Guatemala,163,3659569,0.045,-0.0010000000000000009
NUMBER,Number,0.041,Millions,NUMBER,Number (real number),1914,Guatemala,164,3663396,0.044,-0.0029999999999999957
NUMBER,Number,0.047,Millions,NUMBER,Number (real number),1915,Guatemala,165,3667225,0.041,0.005999999999999998
NUMBER,Number,0.029,Millions,NUMBER,Number (real number),1916,Guatemala,166,3671056,0.047,-0.018
NUMBER,Number,0.003,Millions,NUMBER,Number (real number),1917,Guatemala,167,3674889,0.029,-0.026000000000000002
NUMBER,Number,0.001,Millions,NUMBER,Number (real number),1918,Guatemala,168,3678724,0.003,-0.002
NUMBER,Number,0.01,Millions,NUMBER,Number (real number),1919,Guatemala,169,3682561,0.001,0.009000000000000001
NUMBER,Number,0.005,Millions,NUMBER,Number (real number),1920,Guatemala,170,3686400,0.01,-0.005
NUMBER,Number,0.007,Millions,NUMBER,Number (real number),1921,Guatemala,171,3690241,0.005,0.002
NUMBER,Number,0.002,Millions,NUMBER,Number (real number),1922,Guatemala,172,3694084,0.007,-0.005
NUMBER,Number,0.001,Millions,NUMBER,Number (real number),1923,Guatemala,173,3697929,0.002,-0.001
NUMBER,Number,0.002,Millions,NUMBER,Number (real number),1924,Guatemala,174,3701776,0.001,0.001
NUMBER,Number,0.0,Millions,NUMBER,Number (real number),1925,Guatemala,175,3705625,0.002,-0.002
NUMBER,Number,0.0,Millions,NUMBER,Number (real number),1926,Guatemala,176,3709476,0.0,0.0
NUMBER,Number,0.0,Millions,NUMBER,Number (real number),1927,Guatemala,177,3713329,0.0,0.0
NUMBER,Number,0.001,Millions,NUMBER,Number (real number),1928,Guatemala,178,3717184,0.0,0.001
NUMBER,Number,0.002,Millions,NUMBER,Number (real number),1929,Guatemala,179,3721041,0.001,0.001
NUMBER,Number,0.001,Millions,NUMBER,Number (real number),1930,Guatemala,180,3724900,0.002,-0.001
NUMBER,Number,0.001,Millions,NUMBER,Number (real number),1931,Guatemala,181,3728761,0.001,0.0
NUMBER,Number,0.001,Millions,NUMBER,Number (real number),1932,Guatemala,182,3732624,0.001,0.0
NUMBER,Number,0.002,Millions,NUMBER,Number (real number),1933,Guatemala,183,3736489,0.001,0.001
NUMBER,Number,0.002,Millions,NUMBER,Number (real number),1934,Guatemala,184,3740356,0.002,0.0
NUMBER,Number,0.0,Millions,NUMBER,Number (real number),1935,Guatemala,185,3744225,0.002,-0.002
NUMBER,Number,0.002,Millions,NUMBER,Number (real number),1936,Guatemala,186,3748096,0.0,0.002
NUMBER,Number,0.002,Millions,NUMBER,Number (real number),1937,Guatemala,187,3751969,0.002,0.0
NUMBER,Number,0.001,Millions,NUMBER,Number (real number),1938,Guatemala,188,3755844,0.002,-0.001
NUMBER,Number,0.002,Millions,NUMBER,Number (real number),1939,Guatemala,189,3759721,0.001,0.001
NUMBER,Number,0.001,Millions,NUMBER,Number (real number),1940,Guatemala,190,3763600,0.002,-0.001
NUMBER,Number,0.012,Millions,NUMBER,Number (real number),1941,Guatemala,191,3767481,0.001,0.011
NUMBER,Number,0.011,Millions,NUMBER,Number (real number),1942,Guatemala,192,3771364,0.012,-0.0010000000000000009
NUMBER,Number,0.012,Millions,NUMBER,Number (real number),1943,Guatemala,193,3775249,0.011,0.0010000000000000009
NUMBER,Number,0.012,Millions,NUMBER,Number (real number),1944,Guatemala,194,3779136,0.012,0.0
NUMBER,Number,0.015,Millions,NUMBER,Number (real number),1945,Guatemala,195,3783025,0.012,0.002999999999999999
NUMBER,Number,0.015,Millions,NUMBER,Number (real number),1946,Guatemala,196,3786916,0.015,0.0
NUMBER,Number,0.015,Millions,NUMBER,Number (real number),1947,Guatemala,197,3790809,0.015,0.0
NUMBER,Number,0.016,Millions,NUMBER,Number (real number),1948,Guatemala,198,3794704,0.015,0.0010000000000000009
NUMBER,Number,0.02,Millions,NUMBER,Number (real number),1949,Guatemala,199,3798601,0.016,0.004
NUMBER,Number,0.622,Millions,NUMBER,Number (real number),1950,Guatemala,200,3802500,0.02,0.602
NUMBER,Number,0.637,Millions,NUMBER,Number (real number),1951,Guatemala,201,3806401,0.622,0.015000000000000013
NUMBER,Number,0.645,Millions,NUMBER,Number (real number),1952,Guatemala,202,3810304,0.637,0.008000000000000007
NUMBER,Number,0.681,Millions,NUMBER,Number (real number),1953,Guatemala,203,3814209,0.645,0.03600000000000003
NUMBER,Number,0.744,Millions,NUMBER,Number (real number),1954,Guatemala,204,3818116,0.681,0.06299999999999994
NUMBER,Number,0.916,Millions,NUMBER,Number (real number),1955,Guatemala,205,3822025,0.744,0.17200000000000004
NUMBER,Number,0.978,Millions,NUMBER,Number (real number),1956,Guatemala,206,3825936,0.916,0.061999999999999944
NUMBER,Number,0.985,Millions,NUMBER,Number (real number),1957,Guatemala,207,3829849,0.978,0.007000000000000006
NUMBER,Number,1.128,Millions,NUMBER,Number (real number),1958,Guatemala,208,3833764,0.985,0.1429999999999999
NUMBER,Number,1.238,Millions,NUMBER,Number (real number),1959,Guatemala,209,3837681,1.128,0.1100000000000001
NUMBER,Number,1.344,Millions,NUMBER,Number (real number),1960,Guatemala,210,3841600,1.238,0.1060000000000001
NUMBER,Number,1.406,Millions,NUMBER,Number (real number),1961,Guatemala,211,3845521,1.344,0.06199999999999983
NUMBER,Number,1.381,Millions,NUMBER,Number (real number),1962,Guatemala,212,3849444,1.406,-0.02499999999999991
NUMBER,Number,1.52,Millions,NUMBER,Number (real number),1963,Guatemala,213,3853369,1.381,0.139
NUMBER,Number,1.769,Millions,NUMBER,Number (real number),1964,Guatemala,214,3857296,1.52,0.2489999999999999
NUMBER,Number,1.974,Millions,NUMBER,Number (real number),1965,Guatemala,215,3861225,1.769,0.20500000000000007
NUMBER,Number,1.74,Millions,NUMBER,Number (real number),1966,Guatemala,216,3865156,1.974,-0.23399999999999999
NUMBER,Number,1.981,Millions,NUMBER,Number (real number),1967,Guatemala,217,3869089,1.74,0.2410000000000001
NUMBER,Number,2.139,Millions,NUMBER,Number (real number),1968,Guatemala,218,3873024,1.981,0.1579999999999997
NUMBER,Number,2.278,Millions,NUMBER,Number (real number),1969,Guatemala,219,3876961,2.139,0.13900000000000023
NUMBER,Number,2.296,Millions,NUMBER,Number (real number),1970,Guatemala,220,3880900,2.278,0.017999999999999794
NUMBER,Number,2.439,Millions,NUMBER,Number (real number),1971,Guatemala,221,3884841,2.296,0.14300000000000024
NUMBER,Number,2.707,Millions,NUMBER,Number (real number),1972,Guatemala,222,3888784,2.439,0.2679999999999998
NUMBER,Number,2.934,Millions,NUMBER,Number (real number),1973,Guatemala,223,3892729,2.707,0.2270000000000003
NUMBER,Number,3.066,Millions,NUMBER,Number (real number),1974,Guatemala,224,3896676,2.934,0.13199999999999967
NUMBER,Number,3.52,Millions,NUMBER,Number (real number),1975,Guatemala,225,3900625,3.066,0.4540000000000002
NUMBER,Number,3.305,Millions,NUMBER,Number (real number),1976,Guatemala,226,3904576,3.52,-0.21499999999999986
NUMBER,Number,3.804,Millions,NUMBER,Number (real number),1977,Guatemala,227,3908529,3.305,0.49899999999999967
NUMBER,Number,4.117,Millions,NUMBER,Number (real number),1978,Guatemala,228,3912484,3.804,0.31300000000000017
NUMBER,Number,4.678,Millions,NUMBER,Number (real number),1979,Guatemala,229,3916441,4.117,0.5609999999999999
NUMBER,Number,4.493,Millions,NUMBER,Number (real number),1980,Guatemala,230,3920400,4.678,-0.1849999999999996
NUMBER,Number,3.949,Millions,NUMBER,Number (real number),1981,Guatemala,231,3924361,4.493,-0.5440000000000005
NUMBER,Number,3.607,Millions,NUMBER,Number (real number),1982,Guatemala,232,3928324,3.949,-0.34199999999999964
NUMBER,Number,3.16,Millions,NUMBER,Number (real number),1983,Guatemala,233,3932289,3.607,-0.44700000000000006
NUMBER,Number,3.401,Millions,NUMBER,Number (real number),1984,Guatemala,234,3936256,3.16,0.24099999999999966
NUMBER,Number,3.497,Millions,NUMBER,Number (real number),1985,Guatemala,235,3940225,3.401,0.09600000000000009
NUMBER,Number,3.665,Millions,NUMBER,Number (real number),1986,Guatemala,236,3944196,3.497,0.16800000000000015
NUMBER,Number,3.918,Millions,NUMBER,Number (real number),1987,Guatemala,237,3948169,3.665,0.2530000000000001
NUMBER,Number,4.075,Millions,NUMBER,Number (real number),1988,Guatemala,238,3952144,3.918,0.15700000000000003
NUMBER,Number,4.188,Millions,NUMBER,Number (real number),1989,Guatemala,239,3956121,4.075,0.11299999999999955
NUMBER,Number,4.972,Millions,NUMBER,Number (real number),1990,Guatemala,240,3960100,4.188,0.7840000000000007
NUMBER,Number,4.951,Millions,NUMBER,Number (real number),1991,Guatemala,241,3964081,4.972,-0.021000000000000796
NUMBER,Number,5.919,Millions,NUMBER,Number (real number),1992,Guatemala,242,3968064,4.951,0.968
NUMBER,Number,5.578,Millions,NUMBER,Number (real number),1993,Guatemala,243,3972049,5.919,-0.3409999999999993
NUMBER,Number,6.751,Millions,NUMBER,Number (real number),1994,Guatemala,244,3976036,5.578,1.173
NUMBER,Number,7.079,Millions,NUMBER,Number (real number),1995,Guatemala,245,3980025,6.751,0.3279999999999994
NUMBER,Number,6.571,Millions,NUMBER,Number (real number),1996,Guatemala,246,3984016,7.079,-0.508
NUMBER,Number,7.502,Millions,NUMBER,Number (real number),1997,Guatemala,247,3988009,6.571,0.931
NUMBER,Number,8.639,Millions,NUMBER,Number (real number),1998,Guatemala,248,3992004,7.502,1.1369999999999996
NUMBER,Number,8.806,Millions,NUMBER,Number (real number),1999,Guatemala,249,3996001,8.639,0.16699999999999982
NUMBER,Number,9.765,Millions,NUMBER,Number (real number),2000,Guatemala,250,4000000,8.806,0.9590000000000014
NUMBER,Number,10.233,Millions,NUMBER,Number (real number),2001,Guatemala,251,4004001,9.765,0.46799999999999997
NUMBER,Number,10.722,Millions,NUMBER,Number (real number),2002,Guatemala,252,4008004,10.233,0.488999999999999
NUMBER,Number,10.448,Millions,NUMBER,Number (real number),2003,Guatemala,253,4012009,10.722,-0.27399999999999913
NUMBER,Number,11.18,Millions,NUMBER,Number (real number),2004,Guatemala,254,4016016,10.448,0.7319999999999993
NUMBER,Number,12.109,Millions,NUMBER,Number (real number),2005,Guatemala,255,4020025,11.18,0.9290000000000003
NUMBER,Number,12.177,Millions,NUMBER,Number (real number),2006,Guatemala,256,4024036,12.109,0.06799999999999962
NUMBER,Number,12.145,Millions,NUMBER,Number (real number),2007,Guatemala,257,4028049,12.177,-0.03200000000000003
NUMBER,Number,10.893,Millions,NUMBER,Number (real number),2008,Guatemala,258,4032064,12.145,-1.251999999999999
NUMBER,Number,11.442,Millions,NUMBER,Number (real number),2009,Guatemala,259,4036081,10.893,0.5489999999999995
NUMBER,Number,11.098,Millions,NUMBER,Number (real number),2010,Guatemala,260,4040100,11.442,-0.3439999999999994
NUMBER,Number,11.237,Millions,NUMBER,Number (real number),2011,Guatemala,261,4044121,11.098,0.13899999999999935
NUMBER,Number,11.577,Millions,NUMBER,Number (real number),2012,Guatemala,262,4048144,11.237,0.33999999999999986
NUMBER,Number,12.812,Millions,NUMBER,Number (real number),2013,Guatemala,263,4052169,11.577,1.2349999999999994
NUMBER,Number,13.827,Millions,NUMBER,Number (real number),2014,Guatemala,264,4056196,12.812,1.0150000000000006
NUMBER,Number,15.952,Millions,NUMBER,Number (real number),2015,Guatemala,265,4060225,13.827,2.125
NUMBER,Number,16.926,Millions,NUMBER,Number (real number),2016,Guatemala,266,4064256,15.952,0.9739999999999984
NUMBER,Number,17.321,Millions,NUMBER,Number (real number),2017,Guatemala,267,4068289,16.926,0.3950000000000031
NUMBER,Number,18.523,Millions,NUMBER,Number (real number),2018,Guatemala,268,4072324,17.321,1.2019999999999982
NUMBER,Number,19.304,Millions,NUMBER,Number (real number),2019,Guatemala,269,4076361,18.523,0.7809999999999988
NUMBER,Number,17.165,Millions,NUMBER,Number (real number),2020,Guatemala,270,4080400,19.304,-2.1389999999999993
NUMBER,Number,19.805,Millions,NUMBER,Number (real number),2021,Guatemala,271,4084441,17.165,2.6400000000000006
NUMBER,Number,19.114,Millions,NUMBER,Number (real number),2022,Guatemala,272,4088484,19.805,-0.690999999999999
NUMBER,Number,20.382,Millions,NUMBER,Number (real number),2023,Guatemala,273,4092529,19.114,1.2680000000000007
NUMBER,Number,0.153,Millions,NUMBER,Number (real number),1951,Guinea,201,3806401,0.182,-0.028999999999999998
NUMBER,Number,0.171,Millions,NUMBER,Number (real number),1952,Guinea,202,3810304,0.153,0.018000000000000016
NUMBER,Number,0.142,Millions,NUMBER,Number (real number),1953,Guinea,203,3814209,0.171,-0.029000000000000026
NUMBER,Number,0.167,Millions,NUMBER,Number (real number),1954,Guinea,204,3818116,0.142,0.025000000000000022
NUMBER,Number,0.166,Millions,NUMBER,Number (real number),1955,Guinea,205,3822025,0.167,-0.0010000000000000009
NUMBER,Number,0.193,Millions,NUMBER,Number (real number),1956,Guinea,206,3825936,0.166,0.026999999999999996
NUMBER,Number,0.197,Millions,NUMBER,Number (real number),1957,Guinea,207,3829849,0.193,0.0040000000000000036
NUMBER,Number,0.165,Millions,NUMBER,Number (real number),1958,Guinea,208,3833764,0.197,-0.032
NUMBER,Number,0.158,Millions,NUMBER,Number (real number),1959,Guinea,209,3837681,0.165,-0.007000000000000006
NUMBER,Number,0.41,Millions,NUMBER,Number (real number),1960,Guinea,210,3841600,0.158,0.252
NUMBER,Number,0.616,Millions,NUMBER,Number (real number),1961,Guinea,211,3845521,0.41,0.20600000000000002
NUMBER,Number,0.66,Millions,NUMBER,Number (real number),1962,Guinea,212,3849444,0.616,0.04400000000000004
NUMBER,Number,0.696,Millions,NUMBER,Number (real number),1963,Guinea,213,3853369,0.66,0.03599999999999992
NUMBER,Number,0.7,Millions,NUMBER,Number (real number),1964,Guinea,214,3857296,0.696,0.0040000000000000036
NUMBER,Number,0.696,Millions,NUMBER,Number (real number),1965,Guinea,215,3861225,0.7,-0.0040000000000000036
NUMBER,Number,0.718,Millions,NUMBER,Number (real number),1966,Guinea,216,3865156,0.696,0.02200000000000002
NUMBER,Number,0.725,Millions,NUMBER,Number (real number),1967,Guinea,217,3869089,0.718,0.007000000000000006
NUMBER,Number,0.747,Millions,NUMBER,Number (real number),1968,Guinea,218,3873024,0.725,0.02200000000000002
NUMBER,Number,0.747,Millions,NUMBER,Number (real number),1969,Guinea,219,3876961,0.747,0.0
NUMBER,Number,0.791,Millions,NUMBER,Number (real number),1970,Guinea,220,3880900,0.747,0.04400000000000004
NUMBER,Number,0.813,Millions,NUMBER,Number (real number),1971,Guinea,221,3884841,0.791,0.02199999999999991
NUMBER,Number,0.832,Millions,NUMBER,Number (real number),1972,Guinea,222,3888784,0.813,0.019000000000000017
NUMBER,Number,0.802,Millions,NUMBER,Number (real number),1973,Guinea,223,3892729,0.832,-0.029999999999999916
NUMBER,Number,0.839,Millions,NUMBER,Number (real number),1974,Guinea,224,3896676,0.802,0.03699999999999992
NUMBER,Number,0.843,Millions,NUMBER,Number (real number),1975,Guinea,225,3900625,0.839,0.0040000000000000036
NUMBER,Number,0.887,Millions,NUMBER,Number (real number),1976,Guinea,226,3904576,0.843,0.04400000000000004
NUMBER,Number,0.901,Millions,NUMBER,Number (real number),1977,Guinea,227,3908529,0.887,0.014000000000000012
NUMBER,Number,0.901,Millions,NUMBER,Number (real number),1978,Guinea,228,3912484,0.901,0.0
NUMBER,Number,0.945,Millions,NUMBER,Number (real number),1979,Guinea,229,3916441,0.901,0.04399999999999993
NUMBER,Number,0.964,Millions,NUMBER,Number (real number),1980,Guinea,230,3920400,0.945,0.019000000000000017
NUMBER,Number,0.989,Millions,NUMBER,Number (real number),1981,Guinea,231,3924361,0.964,0.025000000000000022
NUMBER,Number,0.982,Millions,NUMBER,Number (real number),1982,Guinea,232,3928324,0.989,-0.007000000000000006
NUMBER,Number,0.953,Millions,NUMBER,Number (real number),1983,Guinea,233,3932289,0.982,-0.029000000000000026
NUMBER,Number,0.978,Millions,NUMBER,Number (real number),1984,Guinea,234,3936256,0.953,0.025000000000000022
NUMBER,Number,0.993,Millions,NUMBER,Number (real number),1985,Guinea,235,3940225,0.978,0.015000000000000013
NUMBER,Number,0.997,Millions,NUMBER,Number (real number),1986,Guinea,236,3944196,0.993,0.0040000000000000036
NUMBER,Number,0.993,Millions,NUMBER,Number (real number),1987,Guinea,237,3948169,0.997,-0.0040000000000000036
NUMBER,Number,1.026,Millions,NUMBER,Number (real number),1988,Guinea,238,3952144,0.993,0.03300000000000003
NUMBER,Number,1.044,Millions,NUMBER,Number (real number),1989,Guinea,239,3956121,1.026,0.018000000000000016
NUMBER,Number,1.004,Millions,NUMBER,Number (real number),1990,Guinea,240,3960100,1.044,-0.040000000000000036
NUMBER,Number,1.026,Millions,NUMBER,Number (real number),1991,Guinea,241,3964081,1.004,0.02200000000000002
NUMBER,Number,1.059,Millions,NUMBER,Number (real number),1992,Guinea,242,3968064,1.026,0.03299999999999992
NUMBER,Number,1.088,Millions,NUMBER,Number (real number),1993,Guinea,243,3972049,1.059,0.029000000000000137
NUMBER,Number,1.125,Millions,NUMBER,Number (real number),1994,Guinea,244,3976036,1.088,0.03699999999999992
NUMBER,Number,1.165,Millions,NUMBER,Number (real number),1995,Guinea,245,3980025,1.125,0.040000000000000036
NUMBER,Number,1.235,Millions,NUMBER,Number (real number),1996,Guinea,246,3984016,1.165,0.07000000000000006
NUMBER,Number,1.29,Millions,NUMBER,Number (real number),1997,Guinea,247,3988009,1.235,0.05499999999999994
NUMBER,Number,1.363,Millions,NUMBER,Number (real number),1998,Guinea,248,3992004,1.29,0.07299999999999995
NUMBER,Number,1.433,Millions,NUMBER,Number (real number),1999,Guinea,249,3996001,1.363,0.07000000000000006
NUMBER,Number,1.491,Millions,NUMBER,Number (real number),2000,Guinea,250,4000000,1.433,0.05800000000000005
NUMBER,Number,1.561,Millions,NUMBER,Number (real number),2001,Guinea,251,4004001,1.491,0.06999999999999984
NUMBER,Number,1.623,Millions,NUMBER,Number (real number),2002,Guinea,252,4008004,1.561,0.062000000000000055
NUMBER,Number,1.7,Millions,NUMBER,Number (real number),2003,Guinea,253,4012009,1.623,0.07699999999999996
NUMBER,Number,1.762,Millions,NUMBER,Number (real number),2004,Guinea,254,4016016,1.7,0.062000000000000055
NUMBER,Number,1.825,Millions,NUMBER,Number (real number),2005,Guinea,255,4020025,1.762,0.06299999999999994
NUMBER,Number,1.891,Millions,NUMBER,Number (real number),2006,Guinea,256,4024036,1.825,0.06600000000000006
NUMBER,Number,1.968,Millions,NUMBER,Number (real number),2007,Guinea,257,4028049,1.891,0.07699999999999996
NUMBER,Number,1.997,Millions,NUMBER,Number (real number),2008,Guinea,258,4032064,1.968,0.029000000000000137
NUMBER,Number,2.11,Millions,NUMBER,Number (real number),2009,Guinea,259,4036081,1.997,0.11299999999999977
NUMBER,Number,2.484,Millions,NUMBER,Number (real number),2010,Guinea,260,4040100,2.11,0.3740000000000001
NUMBER,Number,2.594,Millions,NUMBER,Number (real number),2011,Guinea,261,4044121,2.484,0.10999999999999988
NUMBER,Number,2.422,Millions,NUMBER,Number (real number),2012,Guinea,262,4048144,2.594,-0.1719999999999997
NUMBER,Number,2.11,Millions,NUMBER,Number (real number),2013,Guinea,263,4052169,2.422,-0.3120000000000003
NUMBER,Number,2.165,Millions,NUMBER,Number (real number),2014,Guinea,264,4056196,2.11,0.05500000000000016
NUMBER,Number,2.451,Millions,NUMBER,Number (real number),2015,Guinea,265,4060225,2.165,0.28600000000000003
NUMBER,Number,2.741,Millions,NUMBER,Number (real number),2016,Guinea,266,4064256,2.451,0.29000000000000004
NUMBER,Number,3.239,Millions,NUMBER,Number (real number),2017,Guinea,267,4068289,2.741,0.4979999999999998
NUMBER,Number,3.162,Millions,NUMBER,Number (real number),2018,Guinea,268,4072324,3.239,-0.07699999999999996
NUMBER,Number,3.921,Millions,NUMBER,Number (real number),2019,Guinea,269,4076361,3.162,0.7589999999999999
NUMBER,Number,4.499,Millions,NUMBER,Number (real number),2020,Guinea,270,4080400,3.921,0.5779999999999998
NUMBER,Number,4.126,Millions,NUMBER,Number (real number),2021,Guinea,271,4084441,4.499,-0.37299999999999933
NUMBER,Number,4.194,Millions,NUMBER,Number (real number),2022,Guinea,272,4088484,4.126,0.06799999999999962
NUMBER,Number,4.043,Millions,NUMBER,Number (real number),2023,Guinea,273,4092529,4.194,-0.1509999999999998
NUMBER,Number,0.004,Millions,NUMBER,Number (real number),1951,Guinea-Bissau,201,3806401,0.007,-0.003
NUMBER,Number,0.011,Millions,NUMBER,Number (real number),1952,Guinea-Bissau,202,3810304,0.004,0.006999999999999999
NUMBER,Number,0.007,Millions,NUMBER,Number (real number),1953,Guinea-Bissau,203,3814209,0.011,-0.003999999999999999
NUMBER,Number,0.007,Millions,NUMBER,Number (real number),1954,Guinea-Bissau,204,3818116,0.007,0.0
NUMBER,Number,0.011,Millions,NUMBER,Number (real number),1955,Guinea-Bissau,205,3822025,0.007,0.003999999999999999
NUMBER,Number,0.011,Millions,NUMBER,Number (real number),1956,Guinea-Bissau,206,3825936,0.011,0.0
NUMBER,Number,0.011,Millions,NUMBER,Number (real number),1957,Guinea-Bissau,207,3829849,0.011,0.0
NUMBER,Number,0.011,Millions,NUMBER,Number (real number),1958,Guinea-Bissau,208,3833764,0.011,0.0
NUMBER,Number,0.015,Millions,NUMBER,Number (real number),1959,Guinea-Bissau,209,3837681,0.011,0.004
NUMBER,Number,0.018,Millions,NUMBER,Number (real number),1960,Guinea-Bissau,210,3841600,0.015,0.002999999999999999
NUMBER,Number,0.029,Millions,NUMBER,Number (real number),1961,Guinea-Bissau,211,3845521,0.018,0.011000000000000003
NUMBER,Number,0.04,Millions,NUMBER,Number (real number),1962,Guinea-Bissau,212,3849444,0.029,0.011
NUMBER,Number,0.048,Millions,NUMBER,Number (real number),1963,Guinea-Bissau,213,3853369,0.04,0.008
NUMBER,Number,0.059,Millions,NUMBER,Number (real number),1964,Guinea-Bissau,214,3857296,0.048,0.010999999999999996
NUMBER,Number,0.066,Millions,NUMBER,Number (real number),1965,Guinea-Bissau,215,3861225,0.059,0.007000000000000006
NUMBER,Number,0.066,Millions,NUMBER,Number (real number),1966,Guinea-Bissau,216,3865156,0.066,0.0
NUMBER,Number,0.048,Millions,NUMBER,Number (real number),1967,Guinea-Bissau,217,3869089,0.066,-0.018000000000000002
NUMBER,Number,0.062,Millions,NUMBER,Number (real number),1968,Guinea-Bissau,218,3873024,0.048,0.013999999999999999
NUMBER,Number,0.059,Millions,NUMBER,Number (real number),1969,Guinea-Bissau,219,3876961,0.062,-0.0030000000000000027
NUMBER,Number,0.07,Millions,NUMBER,Number (real number),1970,Guinea-Bissau,220,3880900,0.059,0.01100000000000001
NUMBER,Number,0.073,Millions,NUMBER,Number (real number),1971,Guinea-Bissau,221,3884841,0.07,0.002999999999999989
NUMBER,Number,0.066,Millions,NUMBER,Number (real number),1972,Guinea-Bissau,222,3888784,0.073,-0.006999999999999992
NUMBER,Number,0.11,Millions,NUMBER,Number (real number),1973,Guinea-Bissau,223,3892729,0.066,0.044
NUMBER,Number,0.103,Millions,NUMBER,Number (real number),1974,Guinea-Bissau,224,3896676,0.11,-0.007000000000000006
NUMBER,Number,0.114,Millions,NUMBER,Number (real number),1975,Guinea-Bissau,225,3900625,0.103,0.01100000000000001
NUMBER,Number,0.095,Millions,NUMBER,Number (real number),1976,Guinea-Bissau,226,3904576,0.114,-0.019000000000000003
NUMBER,Number,0.103,Millions,NUMBER,Number (real number),1977,Guinea-Bissau,227,3908529,0.095,0.007999999999999993
NUMBER,Number,0.103,Millions,NUMBER,Number (real number),1978,Guinea-Bissau,228,3912484,0.103,0.0
NUMBER,Number,0.11,Millions,NUMBER,Number (real number),1979,Guinea-Bissau,229,3916441,0.103,0.007000000000000006
NUMBER,Number,0.147,Millions,NUMBER,Number (real number),1980,Guinea-Bissau,230,3920400,0.11,0.03699999999999999
NUMBER,Number,0.143,Millions,NUMBER,Number (real number),1981,Guinea-Bissau,231,3924361,0.147,-0.0040000000000000036
NUMBER,Number,0.143,Millions,NUMBER,Number (real number),1982,Guinea-Bissau,232,3928324,0.143,0.0
NUMBER,Number,0.143,Millions,NUMBER,Number (real number),1983,Guinea-Bissau,233,3932289,0.143,0.0
NUMBER,Number,0.161,Millions,NUMBER,Number (real number),1984,Guinea-Bissau,234,3936256,0.143,0.018000000000000016
NUMBER,Number,0.172,Millions,NUMBER,Number (real number),1985,Guinea-Bissau,235,3940225,0.161,0.010999999999999982
NUMBER,Number,0.183,Millions,NUMBER,Number (real number),1986,Guinea-Bissau,236,3944196,0.172,0.01100000000000001
NUMBER,Number,0.194,Millions,NUMBER,Number (real number),1987,Guinea-Bissau,237,3948169,0.183,0.01100000000000001
NUMBER,Number,0.216,Millions,NUMBER,Number (real number),1988,Guinea-Bissau,238,3952144,0.194,0.021999999999999992
NUMBER,Number,0.231,Millions,NUMBER,Number (real number),1989,Guinea-Bissau,239,3956121,0.216,0.015000000000000013
NUMBER,Number,0.172,Millions,NUMBER,Number (real number),1990,Guinea-Bissau,240,3960100,0.231,-0.059000000000000025
NUMBER,Number,0.176,Millions,NUMBER,Number (real number),1991,Guinea-Bissau,241,3964081,0.172,0.0040000000000000036
NUMBER,Number,0.18,Millions,NUMBER,Number (real number),1992,Guinea-Bissau,242,3968064,0.176,0.0040000000000000036
NUMBER,Number,0.183,Millions,NUMBER,Number (real number),1993,Guinea-Bissau,243,3972049,0.18,0.0030000000000000027
NUMBER,Number,0.183,Millions,NUMBER,Number (real number),1994,Guinea-Bissau,244,3976036,0.183,0.0
NUMBER,Number,0.183,Millions,NUMBER,Number (real number),1995,Guinea-Bissau,245,3980025,0.183,0.0
NUMBER,Number,0.205,Millions,NUMBER,Number (real number),1996,Guinea-Bissau,246,3984016,0.183,0.021999999999999992
NUMBER,Number,0.202,Millions,NUMBER,Number (real number),1997,Guinea-Bissau,247,3988009,0.205,-0.002999999999999975
NUMBER,Number,0.172,Millions,NUMBER,Number (real number),1998,Guinea-Bissau,248,3992004,0.202,-0.030000000000000027
NUMBER,Number,0.194,Millions,NUMBER,Number (real number),1999,Guinea-Bissau,249,3996001,0.172,0.02200000000000002
NUMBER,Number,0.147,Millions,NUMBER,Number (real number),2000,Guinea-Bissau,250,4000000,0.194,-0.047000000000000014
NUMBER,Number,0.15,Millions,NUMBER,Number (real number),2001,Guinea-Bissau,251,4004001,0.147,0.0030000000000000027
NUMBER,Number,0.154,Millions,NUMBER,Number (real number),2002,Guinea-Bissau,252,4008004,0.15,0.0040000000000000036
NUMBER,Number,0.194,Millions,NUMBER,Number (real number),2003,Guinea-Bissau,253,4012009,0.154,0.04000000000000001
NUMBER,Number,0.202,Millions,NUMBER,Number (real number),2004,Guinea-Bissau,254,4016016,0.194,0.008000000000000007
NUMBER,Number,0.213,Millions,NUMBER,Number (real number),2005,Guinea-Bissau,255,4020025,0.202,0.010999999999999982
NUMBER,Number,0.216,Millions,NUMBER,Number (real number),2006,Guinea-Bissau,256,4024036,0.213,0.0030000000000000027
NUMBER,Number,0.231,Millions,NUMBER,Number (real number),2007,Guinea-Bissau,257,4028049,0.216,0.015000000000000013
NUMBER,Number,0.227,Millions,NUMBER,Number (real number),2008,Guinea-Bissau,258,4032064,0.231,-0.0040000000000000036
NUMBER,Number,0.234,Millions,NUMBER,Number (real number),2009,Guinea-Bissau,259,4036081,0.227,0.007000000000000006
NUMBER,Number,0.238,Millions,NUMBER,Number (real number),2010,Guinea-Bissau,260,4040100,0.234,0.003999999999999976
NUMBER,Number,0.242,Millions,NUMBER,Number (real number),2011,Guinea-Bissau,261,4044121,0.238,0.0040000000000000036
NUMBER,Number,0.245,Millions,NUMBER,Number (real number),2012,Guinea-Bissau,262,4048144,0.242,0.0030000000000000027
NUMBER,Number,0.245,Millions,NUMBER,Number (real number),2013,Guinea-Bissau,263,4052169,0.245,0.0
NUMBER,Number,0.26,Millions,NUMBER,Number (real number),2014,Guinea-Bissau,264,4056196,0.245,0.015000000000000013
NUMBER,Number,0.278,Millions,NUMBER,Number (real number),2015,Guinea-Bissau,265,4060225,0.26,0.018000000000000016
NUMBER,Number,0.304,Millions,NUMBER,Number (real number),2016,Guinea-Bissau,266,4064256,0.278,0.025999999999999968
NUMBER,Number,0.304,Millions,NUMBER,Number (real number),2017,Guinea-Bissau,267,4068289,0.304,0.0
NUMBER,Number,0.311,Millions,NUMBER,Number (real number),2018,Guinea-Bissau,268,4072324,0.304,0.007000000000000006
NUMBER,Number,0.322,Millions,NUMBER,Number (real number),2019,Guinea-Bissau,269,4076361,0.311,0.01100000000000001
NUMBER,Number,0.297,Millions,NUMBER,Number (real number),2020,Guinea-Bissau,270,4080400,0.322,-0.025000000000000022
NUMBER,Number,0.304,Millions,NUMBER,Number (real number),2021,Guinea-Bissau,271,4084441,0.297,0.007000000000000006
NUMBER,Number,0.309,Millions,NUMBER,Number (real number),2022,Guinea-Bissau,272,4088484,0.304,0.0050000000000000044
NUMBER,Number,0.298,Millions,NUMBER,Number (real number),2023,Guinea-Bissau,273,4092529,0.309,-0.01100000000000001
NUMBER,Number,0.286,Millions,NUMBER,Number (real number),1951,Guyana,201,3806401,0.26,0.025999999999999968
NUMBER,Number,0.337,Millions,NUMBER,Number (real number),1952,Guyana,202,3810304,0.286,0.051000000000000045
NUMBER,Number,0.451,Millions,NUMBER,Number (real number),1953,Guyana,203,3814209,0.337,0.11399999999999999
NUMBER,Number,0.473,Millions,NUMBER,Number (real number),1954,Guyana,204,3818116,0.451,0.021999999999999964
NUMBER,Number,0.517,Millions,NUMBER,Number (real number),1955,Guyana,205,3822025,0.473,0.04400000000000004
NUMBER,Number,0.55,Millions,NUMBER,Number (real number),1956,Guyana,206,3825936,0.517,0.03300000000000003
NUMBER,Number,0.535,Millions,NUMBER,Number (real number),1957,Guyana,207,3829849,0.55,-0.015000000000000013
NUMBER,Number,0.458,Millions,NUMBER,Number (real number),1958,Guyana,208,3833764,0.535,-0.07700000000000001
NUMBER,Number,0.553,Millions,NUMBER,Number (real number),1959,Guyana,209,3837681,0.458,0.09500000000000003
NUMBER,Number,0.66,Millions,NUMBER,Number (real number),1960,Guyana,210,3841600,0.553,0.10699999999999998
NUMBER,Number,0.736,Millions,NUMBER,Number (real number),1961,Guyana,211,3845521,0.66,0.07599999999999996
NUMBER,Number,0.678,Millions,NUMBER,Number (real number),1962,Guyana,212,3849444,0.736,-0.05799999999999994
NUMBER,Number,0.616,Millions,NUMBER,Number (real number),1963,Guyana,213,3853369,0.678,-0.062000000000000055
NUMBER,Number,0.649,Millions,NUMBER,Number (real number),1964,Guyana,214,3857296,0.616,0.03300000000000003
NUMBER,Number,1.077,Millions,NUMBER,Number (real number),1965,Guyana,215,3861225,0.649,0.42799999999999994
NUMBER,Number,1.18,Millions,NUMBER,Number (real number),1966,Guyana,216,3865156,1.077,0.10299999999999998
NUMBER,Number,1.323,Millions,NUMBER,Number (real number),1967,Guyana,217,3869089,1.18,0.14300000000000002
NUMBER,Number,1.33,Millions,NUMBER,Number (real number),1968,Guyana,218,3873024,1.323,0.007000000000000117
NUMBER,Number,1.367,Millions,NUMBER,Number (real number),1969,Guyana,219,3876961,1.33,0.03699999999999992
NUMBER,Number,1.579,Millions,NUMBER,Number (real number),1970,Guyana,220,3880900,1.367,0.21199999999999997
NUMBER,Number,1.499,Millions,NUMBER,Number (real number),1971,Guyana,221,3884841,1.579,-0.07999999999999985
NUMBER,Number,1.561,Millions,NUMBER,Number (real number),1972,Guyana,222,3888784,1.499,0.06199999999999983
NUMBER,Number,1.803,Millions,NUMBER,Number (real number),1973,Guyana,223,3892729,1.561,0.242
NUMBER,Number,1.554,Millions,NUMBER,Number (real number),1974,Guyana,224,3896676,1.803,-0.2489999999999999
NUMBER,Number,1.825,Millions,NUMBER,Number (real number),1975,Guyana,225,3900625,1.554,0.2709999999999999
NUMBER,Number,1.751,Millions,NUMBER,Number (real number),1976,Guyana,226,3904576,1.825,-0.07400000000000007
NUMBER,Number,1.898,Millions,NUMBER,Number (real number),1977,Guyana,227,3908529,1.751,0.14700000000000002
NUMBER,Number,2.056,Millions,NUMBER,Number (real number),1978,Guyana,228,3912484,1.898,0.15800000000000014
NUMBER,Number,1.521,Millions,NUMBER,Number (real number),1979,Guyana,229,3916441,2.056,-0.5350000000000001
NUMBER,Number,1.788,Millions,NUMBER,Number (real number),1980,Guyana,230,3920400,1.521,0.2670000000000001
NUMBER,Number,1.799,Millions,NUMBER,Number (real number),1981,Guyana,231,3924361,1.788,0.010999999999999899
NUMBER,Number,1.403,Millions,NUMBER,Number (real number),1982,Guyana,232,3928324,1.799,-0.3959999999999999
NUMBER,Number,1.246,Millions,NUMBER,Number (real number),1983,Guyana,233,3932289,1.403,-0.15700000000000003
NUMBER,Number,1.403,Millions,NUMBER,Number (real number),1984,Guyana,234,3936256,1.246,0.15700000000000003
NUMBER,Number,1.418,Millions,NUMBER,Number (real number),1985,Guyana,235,3940225,1.403,0.014999999999999902
NUMBER,Number,1.044,Millions,NUMBER,Number (real number),1986,Guyana,236,3944196,1.418,-0.3739999999999999
NUMBER,Number,1.308,Millions,NUMBER,Number (real number),1987,Guyana,237,3948169,1.044,0.264
NUMBER,Number,1.403,Millions,NUMBER,Number (real number),1988,Guyana,238,3952144,1.308,0.09499999999999997
NUMBER,Number,1.183,Millions,NUMBER,Number (real number),1989,Guyana,239,3956121,1.403,-0.21999999999999997
NUMBER,Number,1.129,Millions,NUMBER,Number (real number),1990,Guyana,240,3960100,1.183,-0.05400000000000005
NUMBER,Number,1.107,Millions,NUMBER,Number (real number),1991,Guyana,241,3964081,1.129,-0.02200000000000002
NUMBER,Number,1.041,Millions,NUMBER,Number (real number),1992,Guyana,242,3968064,1.107,-0.06600000000000006
NUMBER,Number,1.044,Millions,NUMBER,Number (real number),1993,Guyana,243,3972049,1.041,0.0030000000000001137
NUMBER,Number,1.458,Millions,NUMBER,Number (real number),1994,Guyana,244,3976036,1.044,0.4139999999999999
NUMBER,Number,1.568,Millions,NUMBER,Number (real number),1995,Guyana,245,3980025,1.458,0.1100000000000001
NUMBER,Number,1.652,Millions,NUMBER,Number (real number),1996,Guyana,246,3984016,1.568,0.08399999999999985
NUMBER,Number,1.806,Millions,NUMBER,Number (real number),1997,Guyana,247,3988009,1.652,0.15400000000000014
NUMBER,Number,1.828,Millions,NUMBER,Number (real number),1998,Guyana,248,3992004,1.806,0.02200000000000002
NUMBER,Number,1.832,Millions,NUMBER,Number (real number),1999,Guyana,249,3996001,1.828,0.0040000000000000036
NUMBER,Number,1.748,Millions,NUMBER,Number (real number),2000,Guyana,250,4000000,1.832,-0.08400000000000007
NUMBER,Number,1.744,Millions,NUMBER,Number (real number),2001,Guyana,251,4004001,1.748,-0.0040000000000000036
NUMBER,Number,1.715,Millions,NUMBER,Number (real number),2002,Guyana,252,4008004,1.744,-0.028999999999999915
NUMBER,Number,1.858,Millions,NUMBER,Number (real number),2003,Guyana,253,4012009,1.715,0.14300000000000002
NUMBER,Number,1.927,Millions,NUMBER,Number (real number),2004,Guyana,254,4016016,1.858,0.06899999999999995
NUMBER,Number,1.619,Millions,NUMBER,Number (real number),2005,Guyana,255,4020025,1.927,-0.30800000000000005
NUMBER,Number,1.51,Millions,NUMBER,Number (real number),2006,Guyana,256,4024036,1.619,-0.10899999999999999
NUMBER,Number,1.781,Millions,NUMBER,Number (real number),2007,Guyana,257,4028049,1.51,0.2709999999999999
NUMBER,Number,1.707,Millions,NUMBER,Number (real number),2008,Guyana,258,4032064,1.781,-0.07399999999999984
NUMBER,Number,1.909,Millions,NUMBER,Number (real number),2009,Guyana,259,4036081,1.707,0.20199999999999996
NUMBER,Number,1.887,Millions,NUMBER,Number (real number),2010,Guyana,260,4040100,1.909,-0.02200000000000002
NUMBER,Number,1.96,Millions,NUMBER,Number (real number),2011,Guyana,261,4044121,1.887,0.07299999999999995
NUMBER,Number,1.96,Millions,NUMBER,Number (real number),2012,Guyana,262,4048144,1.96,0.0
NUMBER,Number,1.905,Millions,NUMBER,Number (real number),2013,Guyana,263,4052169,1.96,-0.05499999999999994
NUMBER,Number,1.972,Millions,NUMBER,Number (real number),2014,Guyana,264,4056196,1.905,0.06699999999999995
NUMBER,Number,2.003,Millions,NUMBER,Number (real number),2015,Guyana,265,4060225,1.972,0.03100000000000014
NUMBER,Number,2.375,Millions,NUMBER,Number (real number),2016,Guyana,266,4064256,2.003,0.3719999999999999
NUMBER,Number,2.327,Millions,NUMBER,Number (real number),2017,Guyana,267,4068289,2.375,-0.04800000000000004
NUMBER,Number,2.503,Millions,NUMBER,Number (real number),2018,Guyana,268,4072324,2.327,0.17600000000000016
NUMBER,Number,2.756,Millions,NUMBER,Number (real number),2019,Guyana,269,4076361,2.503,0.25299999999999967
NUMBER,Number,3.361,Millions,NUMBER,Number (real number),2020,Guyana,270,4080400,2.756,0.6050000000000004
NUMBER,Number,3.581,Millions,NUMBER,Number (real number),2021,Guyana,271,4084441,3.361,0.21999999999999975
NUMBER,Number,3.627,Millions,NUMBER,Number (real number),2022,Guyana,272,4088484,3.581,0.04599999999999982
NUMBER,Number,3.545,Millions,NUMBER,Number (real number),2023,Guyana,273,4092529,3.627,-0.08199999999999985
NUMBER,Number,0.0,Millions,NUMBER,Number (real number),1871,Haiti,121,3500641,0.0,0.0
NUMBER,Number,0.001,Millions,NUMBER,Number (real number),1872,Haiti,122,3504384,0.0,0.001
NUMBER,Number,0.0,Millions,NUMBER,Number (real number),1873,Haiti,123,3508129,0.001,-0.001
NUMBER,Number,0.001,Millions,NUMBER,Number (real number),1874,Haiti,124,3511876,0.0,0.001
NUMBER,Number,0.0,Millions,NUMBER,Number (real number),1875,Haiti,125,3515625,0.001,-0.001
NUMBER,Number,0.0,Millions,NUMBER,Number (real number),1876,Haiti,126,3519376,0.0,0.0
NUMBER,Number,0.003,Millions,NUMBER,Number (real number),1877,Haiti,127,3523129,0.0,0.003
NUMBER,Number,0.005,Millions,NUMBER,Number (real number),1878,Haiti,128,3526884,0.003,0.002
NUMBER,Number,0.002,Millions,NUMBER,Number (real number),1879,Haiti,129,3530641,0.005,-0.003
NUMBER,Number,0.001,Millions,NUMBER,Number (real number),1880,Haiti,130,3534400,0.002,-0.001
NUMBER,Number,0.002,Millions,NUMBER,Number (real number),1881,Haiti,131,3538161,0.001,0.001
NUMBER,Number,0.001,Millions,NUMBER,Number (real number),1882,Haiti,132,3541924,0.002,-0.001
NUMBER,Number,0.001,Millions,NUMBER,Number (real number),1883,Haiti,133,3545689,0.001,0.0
NUMBER,Number,0.001,Millions,NUMBER,Number (real number),1884,Haiti,134,3549456,0.001,0.0
NUMBER,Number,0.001,Millions,NUMBER,Number (real number),1885,Haiti,135,3553225,0.001,0.0
NUMBER,Number,0.001,Millions,NUMBER,Number (real number),1886,Haiti,136,3556996,0.001,0.0
NUMBER,Number,0.0,Millions,NUMBER,Number (real number),1887,Haiti,137,3560769,0.001,-0.001
NUMBER,Number,0.004,Millions,NUMBER,Number (real number),1888,Haiti,138,3564544,0.0,0.004
NUMBER,Number,0.007,Millions,NUMBER,Number (real number),1889,Haiti,139,3568321,0.004,0.003
NUMBER,Number,0.011,Millions,NUMBER,Number (real number),1890,Haiti,140,3572100,0.007,0.003999999999999999
NUMBER,Number,0.011,Millions,NUMBER,Number (real number),1891,Haiti,141,3575881,0.011,0.0
NUMBER,Number,0.005,Millions,NUMBER,Number (real number),1892,Haiti,142,3579664,0.011,-0.005999999999999999
NUMBER,Number,0.004,Millions,NUMBER,Number (real number),1893,Haiti,143,3583449,0.005,-0.001
NUMBER,Number,0.013,Millions,NUMBER,Number (real number),1894,Haiti,144,3587236,0.004,0.009
NUMBER,Number,0.012,Millions,NUMBER,Number (real number),1895,Haiti,145,3591025,0.013,-0.0009999999999999992
NUMBER,Number,0.019,Millions,NUMBER,Number (real number),1896,Haiti,146,3594816,0.012,0.006999999999999999
NUMBER,Number,0.015,Millions,NUMBER,Number (real number),1897,Haiti,147,3598609,0.019,-0.004
NUMBER,Number,0.01,Millions,NUMBER,Number (real number),1898,Haiti,148,3602404,0.015,-0.004999999999999999
NUMBER,Number,0.008,Millions,NUMBER,Number (real number),1899,Haiti,149,3606201,0.01,-0.002
NUMBER,Number,0.006,Millions,NUMBER,Number (real number),1900,Haiti,150,3610000,0.008,-0.002
NUMBER,Number,0.007,Millions,NUMBER,Number (real number),1901,Haiti,151,3613801,0.006,0.001
NUMBER,Number,0.007,Millions,NUMBER,Number (real number),1902,Haiti,152,3617604,0.007,0.0
NUMBER,Number,0.004,Millions,NUMBER,Number (real number),1903,Haiti,153,3621409,0.007,-0.003
NUMBER,Number,0.002,Millions,NUMBER,Number (real number),1904,Haiti,154,3625216,0.004,-0.002
NUMBER,Number,0.004,Millions,NUMBER,Number (real number),1905,Haiti,155,3629025,0.002,0.002
NUMBER,Number,0.005,Millions,NUMBER,Number (real number),1906,Haiti,156,3632836,0.004,0.001
NUMBER,Number,0.006,Millions,NUMBER,Number (real number),1907,Haiti,157,3636649,0.005,0.001
NUMBER,Number,0.007,Millions,NUMBER,Number (real number),1908,Haiti,158,3640464,0.006,0.001
NUMBER,Number,0.008,Millions,NUMBER,Number (real number),1909,Haiti,159,3644281,0.007,0.001
NUMBER,Number,0.013,Millions,NUMBER,Number (real number),1910,Haiti,160,3648100,0.008,0.004999999999999999
NUMBER,Number,0.016,Millions,NUMBER,Number (real number),1911,Haiti,161,3651921,0.013,0.003000000000000001
NUMBER,Number,0.022,Millions,NUMBER,Number (real number),1912,Haiti,162,3655744,0.016,0.005999999999999998
NUMBER,Number,0.017,Millions,NUMBER,Number (real number),1913,Haiti,163,3659569,0.022,-0.0049999999999999975
NUMBER,Number,0.006,Millions,NUMBER,Number (real number),1914,Haiti,164,3663396,0.017,-0.011000000000000001
NUMBER,Number,0.002,Millions,NUMBER,Number (real number),1915,Haiti,165,3667225,0.006,-0.004
NUMBER,Number,0.001,Millions,NUMBER,Number (real number),1916,Haiti,166,3671056,0.002,-0.001
NUMBER,Number,0.004,Millions,NUMBER,Number (real number),1917,Haiti,167,3674889,0.001,0.003
NUMBER,Number,0.002,Millions,NUMBER,Number (real number),1918,Haiti,168,3678724,0.004,-0.002
NUMBER,Number,0.0,Millions,NUMBER,Number (real number),1919,Haiti,169,3682561,0.002,-0.002
NUMBER,Number,0.0,Millions,NUMBER,Number (real number),1920,Haiti,170,3686400,0.0,0.0
NUMBER,Number,0.0,Millions,NUMBER,Number (real number),1921,Haiti,171,3690241,0.0,0.0
NUMBER,Number,0.0,Millions,NUMBER,Number (real number),1922,Haiti,172,3694084,0.0,0.0
NUMBER,Number,0.007,Millions,NUMBER,Number (real number),1923,Haiti,173,3697929,0.0,0.007
NUMBER,Number,0.001,Millions,NUMBER,Number (real number),1924,Haiti,174,3701776,0.007,-0.006
NUMBER,Number,0.0,Millions,NUMBER,Number (real number),1925,Haiti,175,3705625,0.001,-0.001
NUMBER,Number,0.0,Millions,NUMBER,Number (real number),1926,Haiti,176,3709476,0.0,0.0
NUMBER,Number,0.0,Millions,NUMBER,Number (real number),1927,Haiti,177,3713329,0.0,0.0
NUMBER,Number,0.001,Millions,NUMBER,Number (real number),1928,Haiti,178,3717184,0.0,0.001
NUMBER,Number,0.0,Millions,NUMBER,Number (real number),1929,Haiti,179,3721041,0.001,-0.001
NUMBER,Number,0.0,Millions,NUMBER,Number (real number),1930,Haiti,180,3724900,0.0,0.0
NUMBER,Number,0.0,Millions,NUMBER,Number (real number),1931,Haiti,181,3728761,0.0,0.0
NUMBER,Number,0.0,Millions,NUMBER,Number (real number),1932,Haiti,182,3732624,0.0,0.0
NUMBER,Number,0.0,Millions,NUMBER,Number (real number),1933,Haiti,183,3736489,0.0,0.0
NUMBER,Number,0.0,Millions,NUMBER,Number (real number),1934,Haiti,184,3740356,0.0,0.0
NUMBER,Number,0.0,Millions,NUMBER,Number (real number),1935,Haiti,185,3744225,0.0,0.0
NUMBER,Number,0.0,Millions,NUMBER,Number (real number),1936,Haiti,186,3748096,0.0,0.0
NUMBER,Number,0.0,Millions,NUMBER,Number (real number),1937,Haiti,187,3751969,0.0,0.0
NUMBER,Number,0.0,Millions,NUMBER,Number (real number),1938,Haiti,188,3755844,0.0,0.0
NUMBER,Number,0.0,Millions,NUMBER,Number (real number),1939,Haiti,189,3759721,0.0,0.0
NUMBER,Number,0.0,Millions,NUMBER,Number (real number),1940,Haiti,190,3763600,0.0,0.0
NUMBER,Number,0.0,Millions,NUMBER,Number (real number),1941,Haiti,191,3767481,0.0,0.0
NUMBER,Number,0.0,Millions,NUMBER,Number (real number),1942,Haiti,192,3771364,0.0,0.0
NUMBER,Number,0.0,Millions,NUMBER,Number (real number),1943,Haiti,193,3775249,0.0,0.0
NUMBER,Number,0.0,Millions,NUMBER,Number (real number),1944,Haiti,194,3779136,0.0,0.0
NUMBER,Number,0.0,Millions,NUMBER,Number (real number),1945,Haiti,195,3783025,0.0,0.0
NUMBER,Number,0.0,Millions,NUMBER,Number (real number),1946,Haiti,196,3786916,0.0,0.0
NUMBER,Number,0.0,Millions,NUMBER,Number (real number),1947,Haiti,197,3790809,0.0,0.0
NUMBER,Number,0.0,Millions,NUMBER,Number (real number),1948,Haiti,198,3794704,0.0,0.0
NUMBER,Number,0.0,Millions,NUMBER,Number (real number),1949,Haiti,199,3798601,0.0,0.0
NUMBER,Number,0.114,Millions,NUMBER,Number (real number),1950,Haiti,200,3802500,0.0,0.114
NUMBER,Number,0.132,Millions,NUMBER,Number (real number),1951,Haiti,201,3806401,0.114,0.018000000000000002
NUMBER,Number,0.147,Millions,NUMBER,Number (real number),1952,Haiti,202,3810304,0.132,0.014999999999999986
NUMBER,Number,0.0,Millions,NUMBER,Number (real number),1995,Timor-Leste,245,3980025,0.0,0.0
NUMBER,Number,0.0,Millions,NUMBER,Number (real number),1996,Timor-Leste,246,3984016,0.0,0.0
NUMBER,Number,0.0,Millions,NUMBER,Number (real number),1997,Timor-Leste,247,3988009,0.0,0.0
NUMBER,Number,0.061,Millions,NUMBER,Number (real number),1998,Timor-Leste,248,3992004,0.0,0.061
NUMBER,Number,0.153,Millions,NUMBER,Number (real number),1999,Timor-Leste,249,3996001,0.061,0.092
NUMBER,Number,0.22,Millions,NUMBER,Number (real number),2000,Timor-Leste,250,4000000,0.153,0.067
NUMBER,Number,0.119,Millions,NUMBER,Number (real number),2001,Timor-Leste,251,4004001,0.22,-0.101
NUMBER,Number,0.262,Millions,NUMBER,Number (real number),2002,Timor-Leste,252,4008004,0.119,0.14300000000000002
NUMBER,Number,0.249,Millions,NUMBER,Number (real number),2003,Timor-Leste,253,4012009,0.262,-0.013000000000000012
NUMBER,Number,0.497,Millions,NUMBER,Number (real number),2004,Timor-Leste,254,4016016,0.249,0.248
NUMBER,Number,0.321,Millions,NUMBER,Number (real number),2005,Timor-Leste,255,4020025,0.497,-0.176
NUMBER,Number,0.317,Millions,NUMBER,Number (real number),2006,Timor-Leste,256,4024036,0.321,-0.0040000000000000036
NUMBER,Number,0.288,Millions,NUMBER,Number (real number),2007,Timor-Leste,257,4028049,0.317,-0.029000000000000026
NUMBER,Number,0.285,Millions,NUMBER,Number (real number),2008,Timor-Leste,258,4032064,0.288,-0.0030000000000000027
NUMBER,Number,0.322,Millions,NUMBER,Number (real number),2009,Timor-Leste,259,4036081,0.285,0.03700000000000003
NUMBER,Number,0.313,Millions,NUMBER,Number (real number),2010,Timor-Leste,260,4040100,0.322,-0.009000000000000008
NUMBER,Number,0.434,Millions,NUMBER,Number (real number),2011,Timor-Leste,261,4044121,0.313,0.121
NUMBER,Number,0.591,Millions,NUMBER,Number (real number),2012,Timor-Leste,262,4048144,0.434,0.15699999999999997
NUMBER,Number,0.619,Millions,NUMBER,Number (real number),2013,Timor-Leste,263,4052169,0.591,0.028000000000000025
NUMBER,Number,0.624,Millions,NUMBER,Number (real number),2014,Timor-Leste,264,4056196,0.619,0.0050000000000000044
NUMBER,Number,0.59,Millions,NUMBER,Number (real number),2015,Timor-Leste,265,4060225,0.624,-0.03400000000000003
NUMBER,Number,0.643,Millions,NUMBER,Number (real number),2016,Timor-Leste,266,4064256,0.59,0.05300000000000005
NUMBER,Number,0.69,Millions,NUMBER,Number (real number),2017,Timor-Leste,267,4068289,0.643,0.04699999999999993
NUMBER,Number,0.617,Millions,NUMBER,Number (real number),2018,Timor-Leste,268,4072324,0.69,-0.07299999999999995
NUMBER,Number,0.675,Millions,NUMBER,Number (real number),2019,Timor-Leste,269,4076361,0.617,0.05800000000000005
NUMBER,Number,0.646,Millions,NUMBER,Number (real number),2020,Timor-Leste,270,4080400,0.675,-0.029000000000000026
NUMBER,Number,0.62,Millions,NUMBER,Number (real number),2021,Timor-Leste,271,4084441,0.646,-0.026000000000000023
NUMBER,Number,0.649,Millions,NUMBER,Number (real number),2022,Timor-Leste,272,4088484,0.62,0.029000000000000026
NUMBER,Number,0.632,Millions,NUMBER,Number (real number),2023,Timor-Leste,273,4092529,0.649,-0.017000000000000015
